Unnamed: 0,number,type,date,contact_type,short_description,content,subcategory,customer,resolved_at,close_notes,agent,reassigned_count,resolution_time,issue/request,software/system,output,assignment_group,item_id,role,poor_close_notes,info_score_close_notes,info_score_poor_close_notes
24643,TASK0044528,Request,3/3/2021 12:03,Email,Request for 1-Day PIV Card Exemption due to unclear photo on card.,"Requesting a 1-Day PIV Card exemption because the photo on my card is unclear, preventing me from passing verification and accessing the system.",ACCESS,"Jones, Emily",3/5/2021 19:50,"The user's PIV card photo was unclear, preventing them from passing verification and accessing the system. The following steps were taken to resolve the issue: 1) Verified the user’s identity via alternate means, such as another form of identification. 2) Issued a 1-Day PIV Card exemption allowing the user temporary access to the system while a new PIV card is being processed. 3) Provided guidance on how to request a replacement PIV card with a clearer photo. 4) Ensured that the user was able to access the system with the temporary exemption without issues.","West, Oliver",4,3347.95,PIV Exemption,PIV,Software/System: PIV; Issue/Request: PIV Exemption,USER ACCESS MANAGEMENT,5216,customer,Closed,0.9,0.0
20833,INC0035234,Incident,1/8/2021 7:09,Email,Unable to login to Microsoft Dynamics 365 due to 'Invalid Credentials' error.,"The customer has reported experiencing difficulties logging into Microsoft Dynamics 365, receiving an 'Invalid Credentials' error despite entering the correct details. They have investigated potential issues related to recent changes in security settings and have escalated the matter to their Security Team for further evaluation.",ACCESS,"Mitchell, George",1/8/2021 14:25,"Reviewed the reported issue regarding the 'Invalid Credentials' error despite entering correct details for Microsoft Dynamics 365 login. First, verified the user's credentials were correct by attempting login myself. Upon failure, consulted the Security Team regarding any recent changes. Identified that new security policies enforce Multifactor Authentication (MFA). Assisted user in configuring MFA. Additionally, reset the user's password as a precaution and ensured account status was active with no lockouts. Confirmed successful login post-MFA setup and password reset. Closed the ticket.","Romero, Leonardo",0,436.1,"Microsoft Dynamics 365 Login Error, 'Invalid Credentials' error",Microsoft Dynamics 365,"Software/System: Microsoft Dynamics 365 ; Issue/Request: Microsoft Dynamics 365 Login Error, 'Invalid Credentials' error",CRM SUPPORT,606,agent,ISSUE RESOLVED,0.9,0.0
6602,INC0043950,Incident,2/27/2021 9:48,Phone,Unable to log in to Jenkins - 'Invalid Credentials' error,I tried logging in to Jenkins but keep getting 'Invalid Credentials' error even though I'm sure the password is right. Checked if there were any security changes but didn't find anything. Reached out to the Security Team for help.,ACCESS,"Martin, Kevin",2/27/2021 15:39,User reported being unable to log in to Jenkins due to 'Invalid Credentials' error despite using the correct password. Steps taken: 1. Verified the username and password entered were correct. 2. Checked the Jenkins server for any failed login attempts or account lockouts. Found that the user's account was temporarily locked due to multiple failed login attempts. 3. Unlocked the user's account and requested them to try again. 4. User was still unable to log in. 5. Looked into the security settings and confirmed no changes or issues. 6. Reset the user's password and provided a temporary one. 7. Guided the user through logging in with the temporary password and setting a new permanent password. User successfully logged in and issue resolved.,"Peterson, Mia",0,351.61,"Jenkins Login Error, 'Invalid Credentials' error",Jenkins,"Software/System: Jenkins ; Issue/Request: Jenkins Login Error, 'Invalid Credentials' error",DEVOPS TEAM,4934,customer,Software Installed,0.9,0.0
19677,TASK0044573,Request,3/3/2021 14:07,Self-service,Request for 1-Day PIV Card Exemption due to accidental damage,The customer is requesting a 1-Day PIV Card Exemption. Reason: Card was accidentally cut. The customer has been verified via a security app. The customer was able to login successfully.,ACCESS,"Chen, Li",3/4/2021 7:32,Customer requested a 1-Day PIV Card Exemption because their PIV card was accidentally cut. Customer verification was successful through the security app. Confirmed that the customer can log in successfully with an alternative method. Issued a 1-Day PIV Card Exemption and advised the customer to request a replacement PIV card through the standard process.,"Alexander, Charlotte",1,1045.77,PIV Exemption,PIV,Software/System: PIV; Issue/Request: PIV Exemption,USER ACCESS MANAGEMENT,5241,agent,Issue resolved,0.8,0.0
7758,TASK0040551,Request,2/9/2021 8:07,Chat,Request for additional PPMPro training to enhance productivity.,Can you help me with more training on PPMPro so I can be more productive? I checked some training resources and set up a session with a certified trainer. Please pass this on to the Training and Development Team.,ACCESS,"Patterson, Evelyn",2/9/2021 10:23,"The user requested additional training for PPMPro to increase productivity. Firstly, I provided the user with links to available training resources and documentation. Then, I facilitated a session by coordinating with a certified PPMPro trainer. Additionally, I created a customized training plan tailored to the user's specific needs and skill gaps. The user has been scheduled for the training sessions and provided resources for any immediate queries. Followed up to ensure everything was in place and the user was satisfied with the arrangements.","Perez, Ronald",0,136.24,PPMPro Training Request,PPMPro,Software/System: PPMPro ; Issue/Request: PPMPro Training Request,KNOWLEDGE MANAGEMENT,3244,customer,ISSUE RESOLVED,0.8,0.0
2388,INC0041941,Incident,2/16/2021 15:50,Phone,User unable to log into MOPMon due to 'Invalid Credentials',"I can't log into MOPMon, it keeps showing 'Invalid Credentials' even though I'm sure I'm using the right username and password. They checked for new security measures that might be causing the issue. The Security Team is looking into it.",ACCESS,"Carlson, Emma",2/16/2021 18:08,"The user reported being unable to log into MOPMon with an 'Invalid Credentials' error. Initial troubleshooting steps included verifying the username and password entered, ensuring there were no typos, and confirming with the user that the CAPS LOCK was not enabled. Next, I checked the account status in the MOPMon admin console to confirm that the account was active and not locked due to too many failed attempts. Confirmed that the user account was in good standing. The issue was escalated to the Security Team, who determined there were new security measures affecting the user's login attempt. These measures required an updated password format. Guided the user through updating their password to meet the new security requirements, and the user was able to log in successfully after the password change.","Lopez, Sofia",0,138.67,"MOPMon Login Error, 'Invalid Credentials' error",MOPMon,"Software/System: MOPMon ; Issue/Request: MOPMon Login Error, 'Invalid Credentials' error",SECURITY OPERATIONS,3943,customer,ISSUE RESOLVED,0.9,0.0
12260,INC0035102,Incident,1/7/2021 12:24,Email,Users receiving 'Invalid Credentials' error while logging into InvoiceInsight.,"There's an ongoing issue with InvoiceInsight where users get an 'Invalid Credentials' error at login, even though their credentials are accurate. Reviewed the system for any security adjustments or updates recently applied that might impact authentication. 

This concern has been raised with the Security Team for resolution.",ACCESS,"King, Rachel",1/8/2021 7:04,Issue was investigated by reviewing recent security adjustments and updates. Confirmed that there were no recent changes affecting authentication. The Security Team was consulted and discovered that the authentication server had not synchronized correctly with the active directory. Steps taken included: 1) Validating the synchronization settings on the authentication server. 2) Re-establishing the connection with the active directory. 3) Conducting a test with affected users to ensure successful login. The issue was resolved after ensuring proper synchronization.,"Walsh, Derek",3,1120.82,"InvoiceInsight Login Error, 'Invalid Credentials' error",InvoiceInsight,"Software/System: InvoiceInsight ; Issue/Request: InvoiceInsight Login Error, 'Invalid Credentials' error",SECURITY OPERATIONS,542,agent,Updated,0.9,0.0
1213,INC0035808,Incident,1/12/2021 10:22,Phone,User unable to access VirtualBoard due to 'Invalid Credentials' error.,"I can't access VirtualBoard because I keep getting an 'Invalid Credentials' error, but I know my login details are correct. I think there might be some security updates causing this problem. The Security Team has been informed.",ACCESS,"Ross, Leah",1/12/2021 14:09,"Issue resolved by verifying and resetting the user's credentials. Initially, checked the user's current credentials and confirmed they were correct. Cleared browser cache and cookies to remove any potential stale login information. Then, confirmed with the Security Team that there were no new security patches causing the issue. As a final step, reset the user's password and provided detailed instructions for logging in with the new credentials. User confirmed successful access to VirtualBoard post-resolution.","Marshall, Brayden",0,227.24,"VirtualBoard Login Error, 'Invalid Credentials' error",VirtualBoard,"Software/System: VirtualBoard ; Issue/Request: VirtualBoard Login Error, 'Invalid Credentials' error",USER ACCESS MANAGEMENT,897,customer,Closed,0.9,0.0
17821,TASK0042842,Request,2/20/2021 13:22,Email,Bulk request for Coursera for Business licenses for new hires.,"A group of new hires across various departments have necessitated a bulk request for Coursera for Business licenses to get them started. Checked our license pool and matched it against incoming needs. 

This batch request is now with the Licensing Team.",ACCESS,"Hughes, Evelyn",2/20/2021 21:09,"Bulk request for Coursera for Business licenses for new hires across various departments was processed. Checked the existing license pool to ensure sufficient availability and matched it against the incoming needs. Once availability was confirmed, proceeded with the request and passed it to the Licensing Team for final processing. All necessary information and steps were communicated with the Licensing Team to ensure smooth allocation.","Rogers, Frank",5,467.11,Coursera for Business License Request,Coursera for Business,Software/System: Coursera for Business ; Issue/Request: Coursera for Business License Request,ASSET MANAGEMENT,4393,agent,Issue resolved,0.7000000000000001,0.0
5360,INC0047998,Incident,3/24/2021 13:14,Self-service,Unable to log into JPAnalyz due to 'Invalid Credentials' error.,I'm having trouble logging into JPAnalyz; it keeps showing an 'Invalid Credentials' error even though I know my login information is correct. I suspect it could be related to recent security updates. Requesting assistance.,ACCESS,"Ford, Mila",3/24/2021 15:38,The issue was resolved by following these troubleshooting steps: 1) Verified that the user was entering the correct username and password. 2) Checked for any recent security updates or changes that could impact the login process. 3) Reset the user's JPAnalyz password and ensured it met the new security requirements. 4) Confirmed that the user was able to log in successfully with the new credentials. The user confirmed that the issue has been resolved.,"Hamilton, Elijah",0,144.65,"JPAnalyz Login Error, 'Invalid Credentials' error",JPAnalyz,"Software/System: JPAnalyz ; Issue/Request: JPAnalyz Login Error, 'Invalid Credentials' error",USER ACCESS MANAGEMENT,6968,customer,Fixed,0.8,0.0
26313,TASK0036765,Request,1/16/2021 9:35,Self-service,Bulk request for Cisco Webex licenses for new hires.,"We are a group of new hires from various departments needing Cisco Webex licenses. We believe an agent has already checked the available license pool and matched it with our needs, and has forwarded this batch request to the Licensing Team.",ACCESS,"Ramirez, Zoe",1/16/2021 11:05,Reviewed the bulk request for Cisco Webex licenses for the new hires across various departments. Verified the license pool to ensure sufficient availability. All necessary details regarding the new hires and their required licenses were compiled and sent to the Licensing Team for processing. Followed up to confirm that the request is in their queue for action.,"Martinez, James",0,90.59,Cisco Webex License Request,Cisco Webex,Software/System: Cisco Webex ; Issue/Request: Cisco Webex License Request,USER ACCESS MANAGEMENT,1368,customer,Work completed as expected.,0.7000000000000001,0.0
1795,TASK0045698,Request,3/10/2021 12:41,Self-service,New hire requesting access to specific email distribution lists,New hire requesting access to specific email distribution lists as per role requirement. Collected necessary approvals from department head and added the user to the specified distribution lists. Confirmation sent to user and manager.,ACCESS,"Clark, Sophia",3/10/2021 14:17,"Received a request for adding a new hire to specific email distribution lists. Gathered necessary approvals from the department head. Once approvals were in place, added the user to the specified distribution lists via the email management system. Sent confirmation emails to both the user and their manager to inform them of the completed action.","Turner, Megan",1,96.85,Access to email distribution lists,Email System,Software/System: Email System ; Issue/Request: Access to email distribution lists,USER ACCESS MANAGEMENT,5802,agent,No further action required,0.7000000000000001,0.0
20207,TASK0042388,Request,2/18/2021 13:19,Chat,Request for 1-Day PIV Card Exemption due to card being snatched during vacation,The customer is requesting a 1-Day PIV Card Exemption. Reason: Snatched during vacation. The customer has been verified via video call. The customer was able to login successfully.,ACCESS,"Morgan, Jason",2/18/2021 17:21,"The customer's identity was successfully verified via video call. After confirming the identity, a temporary 1-Day PIV Card Exemption was granted. The customer was informed about the steps to obtain a new PIV Card and advised on keeping it secure. The customer was able to log in successfully post-exemption. Ticket closed after ensuring the customer could access all necessary resources.","Oliver, Zoe",0,242.78,PIV Exemption,PIV,Software/System: PIV; Issue/Request: PIV Exemption,USER ACCESS MANAGEMENT,4173,agent,Routine follow-up performed.,0.7000000000000001,0.0
18995,TASK0034212,Request,1/1/2021 13:53,Self-service,Request for a temporary RSA Token due to physical token being cracked.,"The customer is requesting a temporary RSA Token. Reason: Physical token was cracked. The customer could not answer security questions correctly and, therefore, did not get a temporary token.",ACCESS,"Jenkins, Owen",1/1/2021 16:23,Customer requested a temporary RSA Token as their physical token was cracked. The customer was unable to answer security questions correctly and therefore was not provided with a temporary token. Advised the customer to visit the IT office with a valid ID for identity verification and to receive a new physical RSA Token.,"Marshall, Brayden",2,150.5,RSA Token Request,RSA Token,Software/System: RSA Token; Issue/Request: RSA Token Request,USER ACCESS MANAGEMENT,90,agent,Software Installed,0.8,0.0
23298,TASK0037101,Request,1/19/2021 12:28,Phone,Request for additional SecureAccess licenses for team.,Requesting additional SecureAccess licenses for my team to assist with our projects. I reviewed our current license status and determined that we require more licenses due to our usage patterns. The request has been forwarded to the Licensing Team.,ACCESS,"Anderson, Lydia",1/19/2021 15:00,Reviewed the request from the user for additional SecureAccess licenses. Confirmed the current license status and calculated the anticipated needs based on the user's team usage patterns. Forwarded the request to the Licensing Team for approval and procurement of additional licenses. Followed up to ensure the Licensing Team processed the request. User was notified of the status and provided with an estimated timeline for when the additional licenses will be available.,"Robinson, Brian",2,152.56,SecureAccess License Request,SecureAccess,Software/System: SecureAccess ; Issue/Request: SecureAccess License Request,USER ACCESS MANAGEMENT,1531,customer,Issue Resolved,0.7000000000000001,0.0
21171,INC0041874,Incident,2/16/2021 13:19,Email,Login issues with Kubernetes due to 'Invalid Credentials' message,"I'm facing login problems with Kubernetes. Whenever I try to log in, I get an 'Invalid Credentials' message. I've double-checked my credentials, they're correct. Could you please investigate if there are any recent security updates or changes that could be causing this problem? I'm escalating this to the Security Team.",ACCESS,"Cook, Joseph",2/16/2021 18:25,"The issue was investigated in multiple steps. First, I verified that the user's credentials were indeed correct by resetting the password and attempting to log in, which produced the same 'Invalid Credentials' message. Next, I checked the Kubernetes authentication logs for any anomalies or recent updates. I discovered that there was a recent security patch implemented which required users to update their authentication tokens. After guiding the user through the process of updating their authentication token, they were able to log in successfully. No further issues were reported.","Robinson, Brian",0,306.59,"Kubernetes Login Error, 'Invalid Credentials' error",Kubernetes,"Software/System: Kubernetes ; Issue/Request: Kubernetes Login Error, 'Invalid Credentials' error",SECURITY OPERATIONS,3909,customer,The issue has been resolved,0.8,0.0
16034,INC0048090,Incident,3/25/2021 9:06,Email,Users barred from SmartRecruit due to 'Invalid Credentials' error.,"I have been locked out of my SmartRecruit account due to an 'Invalid Credentials' error, despite being certain that my login information is correct. Could there have been any recent security updates that may be causing this authentication issue? This problem has also affected several others. Please look into this and escalate it appropriately to resolve the issue.",ACCESS,"Dunn, Jeffrey",3/25/2021 10:55,"Upon receiving multiple reports of users being unable to log into SmartRecruit with the error message 'Invalid Credentials,' I investigated the issue. Initially, I verified that this was not an isolated incident and affected multiple users.1. Checked the authentication logs for any indications of failed login attempts, but nothing unusual was found.2. Confirmed with users that they were entering the correct credentials and ensured there were no CAPS LOCK or keyboard layout issues.3. Looked for recent updates or changes to the SmartRecruit system that might have affected authentication workflows but found none to suggest immediate cause.4. Cleared browser caches and cookies for affected users and advised them to attempt logging in via different browsers or devices. This did not resolve the issue.5. Finally, discovered a potential security update might be impacting the login process and synced with the Security Team to address this.The Security Team provided a resolution which required clearing the old authentication tokens and re-syncing with the authentication service. Once done, users were advised to reset their passwords and successfully regained access.Resolution: Security tokens were cleared and resynced, and users reset their passwords to resolve the issue.","Alexander, Charlotte",0,109.33,"SmartRecruit Login Error, 'Invalid Credentials' error",SmartRecruit,"Software/System: SmartRecruit ; Issue/Request: SmartRecruit Login Error, 'Invalid Credentials' error",USER ACCESS MANAGEMENT,7016,customer,Closed,0.9,0.0
19341,TASK0038948,Request,1/29/2021 7:56,Email,Request for advanced VisionFlow training and forwarding to Training and Development Team,"The customer has requested that we notify the Training and Development Team regarding their session with a certified trainer for advanced VisionFlow training, aimed at enhancing productivity. The customer has already located suitable training resources and successfully booked the session. They seek confirmation and support from our team.",ACCESS,"Edwards, Rachel",1/29/2021 10:18,The ticket has been reviewed and forwarded to the Training and Development Team. The user has found some training resources and booked a session with a certified trainer. No technical issues were detected or needed resolution. The Training and Development Team will follow up with the user to confirm and provide any additional training materials or support.,"Hernandez, Matthew",0,142.53,VisionFlow Training Request,VisionFlow,Software/System: VisionFlow ; Issue/Request: VisionFlow Training Request,KNOWLEDGE MANAGEMENT,2453,agent,The issue has been resolved,0.3,0.0
14579,TASK0047183,Request,3/18/2021 13:46,Phone,Request for temporary RSA Token due to damaged card,The customer is requesting a temporary RSA Token. Reason: Card was chewed by a pet. The customer has been verified via email. The customer was able to login successfully.,ACCESS,"Ford, Mila",3/18/2021 16:26,"Verified the customer's identity via email. Confirmed the customer was able to log in successfully with their current credentials. Issued a temporary RSA Token to the customer, which will be valid until a new card is provided. Instructed the customer on how to use the temporary RSA Token and informed them to expect the new card within the next 7-10 business days. Confirmed successful authentication using the temporary RSA Token and ensured the customer's access was restored without issues.","Alvarez, Xavier",0,160.88,RSA Token Request,RSA Token,Software/System: RSA Token; Issue/Request: RSA Token Request,USER ACCESS MANAGEMENT,6540,agent,No further action required,0.8,0.0
10034,INC0040548,Incident,2/9/2021 8:01,Email,Users receive 'Invalid Credentials' error despite using correct login details in CodeFleet.,"I keep getting an 'Invalid Credentials' error when trying to log into CodeFleet, even though I am sure my username and password are correct. Have there been any recent updates or security changes that could be causing this? Please help resolve this issue as it is affecting my ability to access the system.",ACCESS,"Gonzalez, Emma",2/10/2021 8:36,Issue was investigated thoroughly. Verified that there were no recent security updates or adjustments that could impact authentication processes in CodeFleet. Reset passwords for affected users to ensure credentials were not compromised. Ensured that the authentication service was running correctly by restarting the service and checking the associated logs. Affected users confirmed successful login post resolution.,"Alvarez, Xavier",3,1475.8,"CodeFleet Login Error, 'Invalid Credentials' error",CodeFleet,"Software/System: CodeFleet ; Issue/Request: CodeFleet Login Error, 'Invalid Credentials' error",SECURITY OPERATIONS,3243,customer,Updated,0.8,0.0
2058,TASK0037077,Request,1/19/2021 11:56,Phone,Request for 1-Day PIV Card Exemption due to UV feature no longer visible.,I would like to request a 1-Day PIV Card Exemption as the UV feature on my card is no longer visible. I have been verified using a desktop verification app and was able to log in successfully.,ACCESS,"Adams, Jason",1/19/2021 15:07,"Customer requested a 1-Day PIV Card Exemption due to the UV feature on the card being no longer visible. The customer's identity was verified using a desktop verification app. The customer was able to log in successfully, indicating the account is still active and functional. Verified the need for the exemption and granted the 1-Day PIV Card Exemption as requested.","Lopez, Sofia",0,191.36,PIV Exemption,PIV,Software/System: PIV; Issue/Request: PIV Exemption,USER ACCESS MANAGEMENT,1520,customer,Software Installed,0.7000000000000001,0.0
13212,INC0044414,Incident,3/3/2021 8:21,Email,Users receiving 'Invalid Credentials' alert when logging into APMTool,"Several users are hitting a wall with an 'Invalid Credentials' alert when trying to log into APMTool, despite using their correct credentials. Initial checks were made for any new security implementations that might be interfering with authentication processes. 

This problem is now in the hands of the Security Team.",ACCESS,"Allen, Curtis",3/3/2021 12:23,"Resolved the 'Invalid Credentials' alert issue in APMTool. Initial checks confirmed that there were no new security implementations interfering with authentication. Conducted the following troubleshooting steps: 1. Verified that users were indeed entering the correct credentials. 2. Tested login with an admin account to rule out user-specific issues. 3. Checked the authentication logs and found frequent login attempts being blocked due to account lockouts, possibly indicating multiple failed attempts. 4. Cleared the account lockouts and reset passwords for affected users as a precautionary measure. 5. Ensured there were no issues with the authentication server. All affected users confirmed they could log in successfully after these steps. Issue resolved and documented for future reference.","Villanueva, Elena",4,242.32,"APMTool Login Error, 'Invalid Credentials' error",APMTool,"Software/System: APMTool ; Issue/Request: APMTool Login Error, 'Invalid Credentials' error",SECURITY OPERATIONS,5158,agent,The issue has been resolved,0.9,0.0
7328,INC0041565,Incident,2/13/2021 11:20,Self-service,Users receiving 'Invalid Credentials' error when logging into HR360,"I've been trying to log into HR360, but keep getting an 'Invalid Credentials' error even though I'm sure I'm entering the right details. Could you please check if there have been any security updates or changes that might be affecting the authentication process? Thank you!",ACCESS,"Murphy, Joseph",2/13/2021 14:56,Issue was resolved by verifying the credentials entered by the users. Ensured that the caps lock was turned off and the correct domain was selected. Checked the account status in the HR360 system and confirmed it was active and not locked. Checked recent system logs to identify any discrepancies or unauthorized access attempts. Performed a password reset for affected users and confirmed successful login after the reset. Issue was resolved without further need for escalation.,"Alexander, Charlotte",0,216.13,"HR360 Login Error, 'Invalid Credentials' error",HR360,"Software/System: HR360 ; Issue/Request: HR360 Login Error, 'Invalid Credentials' error",SECURITY OPERATIONS,3753,customer,No further action required,0.8,0.0
3459,TASK0044556,Request,3/3/2021 13:10,Email,Request for training on advanced HubSpot features,"The customer has requested assistance for training on the advanced features of HubSpot, indicating that they have already checked the available resources and have set up a tutorial with an expert. They are awaiting a response from the Training and Development Team to proceed.",ACCESS,"Howard, Madelyn",3/3/2021 14:20,The user requested training on advanced features of HubSpot. I reviewed the available resources and confirmed that a tutorial with an expert had already been set up. I then coordinated with the Training and Development Team to ensure they were aware of the request. They confirmed the schedule for the training session and provided additional resources for the user to review in the meantime. The user was informed about the confirmed training session and the supplementary resources. Ticket resolved.,"Rogers, Frank",0,70.24,HubSpot Training Request,HubSpot,Software/System: HubSpot ; Issue/Request: HubSpot Training Request,CRM SUPPORT,5231,agent,Issue Resolved,0.7000000000000001,0.0
3494,INC0046072,Incident,3/12/2021 7:16,Email,Users receiving 'Invalid Credentials' alert when logging into ZTrend,"Hi there, I wanted to report an issue that several of us are facing with logging into ZTrend. We're getting an 'Invalid Credentials' alert, even though we're sure we're entering the correct details. Could there have been any recent updates or changes to the security settings that might be causing this? It seems like you're already looking into it, but could you please keep us updated on any findings? Thanks!",ACCESS,"Foster, Craig",3/12/2021 11:02,"Issue identified as several users receiving 'Invalid Credentials' alerts when trying to log into ZTrend. Initial troubleshooting steps included verifying that users were using the correct credentials and checking for any recent changes to security implementations. No new security policies or implementations were found that would cause this issue. Further investigation revealed that the issue was related to corrupted authentication tokens in the ZTrend system. The affected tokens were reset, and users were instructed to clear their browser cache and cookies before attempting to log in again. Additionally, users were advised to reset their passwords as a precautionary measure. After these steps, users were able to log in without any issues. Continuous monitoring has been set up to ensure the issue does not reoccur.","Fisher, Grace",0,226.04,"ZTrend Login Error, 'Invalid Credentials' error",ZTrend,"Software/System: ZTrend ; Issue/Request: ZTrend Login Error, 'Invalid Credentials' error",SECURITY OPERATIONS,5990,customer,See worknotes,0.9,0.0
1084,INC0042677,Incident,2/20/2021 6:31,Phone,Users receiving 'Invalid Credentials' alert when logging into Google Workspace,"I am encountering an issue trying to log into Google Workspace where I receive an 'Invalid Credentials' alert, even though I am entering the correct credentials. I don't know if any new security measures have been implemented that might be causing this problem. It appears that other users are facing the same issue. Please can the Security Team investigate?",ACCESS,"Morales, Shirley",2/20/2021 16:18,"The issue was identified as users receiving an 'Invalid Credentials' alert when attempting to log into Google Workspace, even with the correct credentials. Initial checks included verifying if there were any new security implementations affecting the authentication process. The troubleshooting steps involved the following:   1. Confirmed with several users that they were inputting the correct username and password.   2. Checked the Google Workspace status page for any ongoing service disruptions or reported issues.   3. Reset passwords for affected users to ensure there were no account lockouts or compromised credentials.   4. Verified that there were no recent changes to Google Workspace security settings or policies that might impact authentication.   After confirming no new security barriers, caching issues, or recent changes to security settings, the problem was resolved by re-syncing the user credentials with our Identity Provider (IdP). This corrected the authentication flow, allowing users to log in successfully.","Alexander, Charlotte",0,587.67,"Google Workspace Login Error, 'Invalid Credentials' error",Google Workspace,"Software/System: Google Workspace ; Issue/Request: Google Workspace Login Error, 'Invalid Credentials' error",SECURITY OPERATIONS,4311,customer,Updated,0.9,0.0
8444,TASK0039545,Request,2/2/2021 13:51,Email,Request for training on complex functionalities of LMSLite.,I would like to request training on the complex functionalities of LMSLite for work improvement. I have a training session scheduled with an expert instructor. The Training and Development Team will take care of the training.,ACCESS,"Lewis, Michelle",2/2/2021 14:17,"Reviewed and noted the request for training on LMSLite. The Training and Development Team has scheduled a session with an expert instructor to cover the complex functionalities required for work improvement. No technical intervention from IT was necessary, as this is handled by the Training and Development Team.","Alexander, Charlotte",0,26.23,LMSLite Training Request,LMSLite,Software/System: LMSLite ; Issue/Request: LMSLite Training Request,TRAINING AND DEVELOPMENT,2760,customer,The issue has been resolved,0.3,0.0
6624,INC0041800,Incident,2/16/2021 10:51,Phone,Unable to login to CodeFleet due to 'Invalid Credentials' error,"Every time I try to login to CodeFleet, I keep getting an error message saying 'Invalid Credentials,' but I know I'm using the right login information. I looked into any recent security changes that might have caused this problem. I've reached out to the Security Team to get this resolved.",ACCESS,"Jones, Robert",2/16/2021 11:01,"The issue was resolved following these steps: 1. Verified user credentials and ensured no spelling mistakes or unnecessary spaces were present. 2. Checked if the Caps Lock key was enabled, which could affect password entry. 3. Confirmed the user's account was not locked due to too many failed login attempts by resetting the account's lockout status. 4. Verified and synchronized time settings on the user's device with the server to rule out any potential time-related authentication issues. 5. Reset the user's password and had them try to log in with the new credentials. 6. Checked if there were any recent security policy changes or password updates affecting login. After resetting the password, the user was able to log in successfully.","Robinson, Brian",0,10.68,"CodeFleet Login Error, 'Invalid Credentials' error",CodeFleet,"Software/System: CodeFleet ; Issue/Request: CodeFleet Login Error, 'Invalid Credentials' error",USER ACCESS MANAGEMENT,3874,customer,Updated,0.9,0.0
6836,TASK0041936,Request,2/16/2021 15:43,Phone,Request for 1-Day PIV Card Exemption due to expired card,"The customer has requested a 1-Day PIV Card Exemption. They have noted that their card expired, but they have successfully verified their identity through SMS and were able to log in.",ACCESS,"Nelson, Eric",2/16/2021 18:30,The issue was resolved by granting a 1-Day PIV Card Exemption. The user was able to verify their identity through SMS and successfully logged in. Steps taken: 1) Confirmed the user's identity and authentication via SMS. 2) Granted the temporary exemption allowing access without the PIV card for one day. 3) Advised the user to renew their PIV card to avoid future disruptions in access.,"Turner, Megan",4,167.82,PIV Exemption,PIV,Software/System: PIV; Issue/Request: PIV Exemption,USER ACCESS MANAGEMENT,3941,agent,Issue Resolved,0.8,0.0
1962,INC0046402,Incident,3/13/2021 11:42,Phone,Invalid Credentials message preventing login to QSERank,"I've been trying to log into QSERank with the correct details, but I keep getting an 'Invalid Credentials' message that blocks my access. Could you please check if there were any recent security updates or changes that might be causing this issue? I've heard from others experiencing the same problem.",ERROR,"Butler, Vanessa",3/13/2021 12:38,"Issue was identified as users receiving 'Invalid Credentials' message despite entering correct login details. Trouble shooting steps involved: 1. Verified user credentials were correct. 2. Checked QSERank error logs for any discrepancies. 3. Ensured there were no recent security patches or updates interfering with the authentication process. 4. Cleared cache and cookies on user-end browsers and attempted login again. 5. Restarted the authentication service on the server. Issue was resolved after discovering an outdated security certificate was causing authentication failures. Updated the certificate, and users were able to log in successfully.","Garcia, David",1,56.17,"QSERank Login Error, 'Invalid Credentials' error",QSERank,"Software/System: QSERank ; Issue/Request: QSERank Login Error, 'Invalid Credentials' error",SECURITY OPERATIONS,6158,customer,Issue Resolved,0.9,0.0
2485,TASK0042229,Request,2/18/2021 8:53,Email,Request for an additional VisionFlow license,I am reaching out as I require an additional VisionFlow license due to my extensive workload. Could you please check if there are any available licenses and request approval from the Licensing Team?,ACCESS,"Bailey, Joshua",2/18/2021 10:32,User reached out needing an additional VisionFlow license for their work requirements. Confirmed the user's needs and checked the availability of licenses. Added the new license to the user's account and verified access. User confirmed successful access and functionality of the new license.,"Villanueva, Elena",0,99.31,VisionFlow License Request,VisionFlow,Software/System: VisionFlow ; Issue/Request: VisionFlow License Request,ASSET MANAGEMENT,4093,customer,ISSUE RESOLVED,0.7000000000000001,0.0
22701,INC0040929,Incident,2/10/2021 13:06,Email,Unable to log in to EQPlan due to 'Invalid Credentials' error.,"The customer reported an issue with logging into EQPlan, receiving an 'Invalid Credentials' error despite using the correct credentials. They checked for any recent security modifications that could be causing the problem and have also notified our Security Team to seek further assistance.",ACCESS,"Jones, Emily",2/12/2021 15:06,"Issue was related to the user entering correct credentials but still receiving an 'Invalid Credentials' error message while trying to log into EQPlan. Troubleshooting steps included:  1. Verified that the user was entering the correct credentials by having the user dictate the credentials over the phone.  2. Checked for any recent changes in the EQPlan system that might affect login processes.  3. Examined the user's account status and confirmed that it was active and not locked.  4. Cleared the browser cache and cookies and attempted a login again.  5. Attempted to log in using different browsers and devices to rule out browser-specific issues.  6. Reset the user's password and had the user attempt to log in with the new credentials.  7. Verified that there were no ongoing issues with the EQPlan service.Upon completion of these steps, the user was able to log in successfully. Issue resolved.","Fortner, Lucas",3,3000.62,"EQPlan Login Error, 'Invalid Credentials' error",EQPlan,"Software/System: EQPlan ; Issue/Request: EQPlan Login Error, 'Invalid Credentials' error",USER ACCESS MANAGEMENT,3431,agent,Closed,0.9,0.0
20275,INC0035369,Incident,1/8/2021 11:58,Email,Users encountering 'Invalid Credentials' message in MarketMaster despite correct login details.,"Multiple reports have come in about an 'Invalid Credentials' message blocking access to MarketMaster, even with the right login details. We've investigated for any recent security patches or modifications that could disrupt login protocols. 

The issue has been forwarded to the Security Team for a deeper dive.",ACCESS,"Peterson, Gus",1/8/2021 13:40,"The reported issue of users receiving an 'Invalid Credentials' message in MarketMaster was observed. Initial troubleshooting confirmed that users were indeed entering the correct login details. Checked for any recent updates, patches, or modifications that might impact the login process but found none. The issue was escalated to the Security Team for further investigation and resolution. Awaiting their feedback and resolution update.","Bell, Camila",0,102.61,"MarketMaster Login Error, 'Invalid Credentials' error",MarketMaster,"Software/System: MarketMaster ; Issue/Request: MarketMaster Login Error, 'Invalid Credentials' error",SECURITY OPERATIONS,670,agent,The issue has been resolved,0.6000000000000001,0.0
12424,TASK0048754,Request,3/27/2021 15:30,Email,Request for 1-Day PIV Card Exemption due to obscured photo; ID verification failed.,"The customer is requesting a 1-Day PIV Card Exemption. Reason: Photo on the card is obscured. The customer failed verification as the ID provided did not match the records. Unfortunately, the customer cannot be issued an exemption.",ACCESS,"Brown, Jessica",3/27/2021 17:24,"The customer's request for a 1-Day PIV Card Exemption was reviewed. The photo on the PIV card was found to be obscured, preventing successful ID verification. As per our policy, exemptions cannot be issued when ID verification fails. Advised customer to visit the nearest ID office to update the photo on their PIV card to meet identification standards. Provided instructions on the location and process for updating the PIV card.","Oliver, Zoe",0,114.38,PIV Exemption,PIV,Software/System: PIV; Issue/Request: PIV Exemption,USER ACCESS MANAGEMENT,7360,agent,The issue has been resolved,0.8,0.0
19661,TASK0043254,Request,2/24/2021 11:55,Chat,Request for access to the shared drive at X:\Projects\2024 Initiatives for new team members.,Request for access to the shared drive at X:\Projects\2024 Initiatives for new team members to facilitate collaboration on upcoming projects. Current access is limited to project leads only.,ACCESS,"Harris, Justin",2/24/2021 12:14,The issue was resolved by providing the necessary access permissions to the new team members for the '2024 Initiatives' shared drive located at X:\Projects. The following steps were taken: 1. Verified the list of new team members requiring access. 2. Reviewed the current access permissions setup to determine necessary changes. 3. Added the new team members to the appropriate security group that grants access to the shared drive. 4. Confirmed that the new team members could successfully access the shared drive by sending a test file and ensuring they could open and edit the file without issues. 5. Informed the requester and the new team members of the successful completion of the request.,"Lopez, Sofia",0,19.27,Shared Drive Access Request,Shared Drive,Software/System: Shared Drive ; Issue/Request: Shared Drive Access Request,USER ACCESS MANAGEMENT,4595,customer,Fixed,0.9,0.0
518,INC0040562,Incident,2/9/2021 8:55,Phone,Users receiving 'Invalid Credentials' errors in JPAnalyz,"I tried to log into JPAnalyz with my usual credentials, but I keep getting an 'Invalid Credentials' error, even though I'm sure they are correct. I haven't changed any of my login details recently. Can you please check if there's an issue with your systems since I can't access my account?",ACCESS,"Mitchell, Philip",2/9/2021 21:57,"Upon receiving reports of 'Invalid Credentials' errors from users attempting to log into JPAnalyz, a thorough investigation was conducted. First, user credentials were verified to ensure correctness. No discrepancies were found in user inputs. Next, we checked JPAnalyz's access logs, confirming that the issue was consistent across multiple users. Security settings and recent changes were reviewed and found to be in order. A password reset was performed for a test user to rule out any corruption of user data. During the reset, users were advised to clear their browser cache and cookies, and to ensure they were accessing the correct login URL. The issue persisted, leading us to identify a potential problem with the application's authentication module. Subsequently, the authentication settings in JPAnalyz's configuration were reviewed. Modifications to the authentication protocol were made to align with current security policies. Post-update tests showed error resolution, and users were able to log in successfully. The issue has been resolved by updating the authentication configuration in JPAnalyz.","Alexander, Charlotte",0,782.2,"JPAnalyz Login Error, 'Invalid Credentials' error",JPAnalyz,"Software/System: JPAnalyz ; Issue/Request: JPAnalyz Login Error, 'Invalid Credentials' error",SECURITY OPERATIONS,3251,customer,ISSUE RESOLVED,0.9,0.0
8425,INC0044658,Incident,3/4/2021 8:18,Chat,Unable to log into CloudSprint due to 'Invalid Credentials' error.,"The customer reports being unable to log into CloudSprint, encountering an 'Invalid Credentials' error despite entering the correct information. They have requested that we check for any potential security issues that might be affecting logins.",ACCESS,"Jimenez, Emilia",3/4/2021 14:37,"User reported an 'Invalid Credentials' error while attempting to log into CloudSprint. Verified with the user that the credentials being used were correct. Attempted a password reset, but the issue persisted. Checked the user's account status in the CloudSprint admin portal and confirmed that the account was active and not locked out. Cleared the user's cache and cookies and had the user attempt to log in again, but the problem remained. Discovered that the user had enabled Caps Lock, which was causing incorrect password entries. Instructed the user to disable Caps Lock and confirmed successful login. User is now able to access CloudSprint without any issues.","Wood, John",6,379.27,"CloudSprint Login Error, 'Invalid Credentials' error",CloudSprint,"Software/System: CloudSprint ; Issue/Request: CloudSprint Login Error, 'Invalid Credentials' error",USER ACCESS MANAGEMENT,5281,agent,Issue resolved,0.9,0.0
12270,TASK0039358,Request,2/2/2021 7:35,Self-service,User left authentication device at office; received new code via email to enable remote work,Can you help me? I left my special code thing at the office. They sent me a new one via email after making sure it's really me. All good now to work remotely.,ACCESS,"Robinson, Michelle",2/2/2021 9:13,"User reported leaving their authentication device (e.g., 2FA token) at the office. Verified user identity through standard security questions and re-issued the authentication code via email. Confirmed receipt of the new code with the user and ensured they could log in remotely without issues. User successfully accessed the system and confirmed readiness for remote work. No further actions required.","Rogers, Frank",1,98.42,RSA Token Request,RSA Token,Software/System: RSA Token; Issue/Request: RSA Token Request,USER ACCESS MANAGEMENT,2663,customer,Issue resolved,0.8,0.0
10846,TASK0036908,Request,1/16/2021 15:17,Self-service,Request for additional UPLoadr licenses for new accounting team members,Customer inquired about ensuring adequate UPLoadr licenses for their expanding accounting team. Requested verification of current licenses and assistance in possibly acquiring more to accommodate new team members.,ACCESS,"Myers, Caleb",1/16/2021 17:10,"Reviewed the current license usage for UPLoadr and found that additional licenses were indeed required for the new members. Contacted the software vendor to acquire the necessary licenses. Once obtained, assigned the new licenses to the respective new team members. Verified access with the users to ensure everything was functioning correctly. All users confirmed they now have the proper access and can use UPLoadr without issues. Ticket resolved.","Bell, Camila",0,113.73,UPLoadr License Request,UPLoadr,Software/System: UPLoadr ; Issue/Request: UPLoadr License Request,USER ACCESS MANAGEMENT,1437,agent,Software Installed,0.8,0.0
22333,INC0034930,Incident,1/6/2021 15:16,Self-service,Users unable to log into IntelliScan due to 'Invalid Credentials' error.,"Multiple reports have come in about an 'Invalid Credentials' message blocking access to IntelliScan, even with the right login details. We've investigated for any recent security patches or modifications that could disrupt login protocols. 

The issue has been forwarded to the Security Team for a deeper dive.",ACCESS,"Lopez, Maria",1/6/2021 20:18,"Investigated reports of 'Invalid Credentials' messages preventing access to IntelliScan. Verified that users were inputting correct login details. Checked recent security patches and modifications, but found no issues affecting login protocols. Forwarded the issue to the Security Team for further investigation. Advised users to reset their passwords as an interim solution and verified the issue was resolved after password reset where applicable.","Turner, Megan",5,302.27,"IntelliScan Login Error, 'Invalid Credentials' error",IntelliScan,"Software/System: IntelliScan ; Issue/Request: IntelliScan Login Error, 'Invalid Credentials' error",SECURITY OPERATIONS,454,agent,Software Installed,0.7000000000000001,0.0
6172,TASK0037589,Request,1/21/2021 12:39,Phone,Request for additional Git licenses for Marketing department,The customer has requested additional Git licenses for the marketing department's campaign activities. They have reviewed the current licenses and the department's requirements. Please review and coordinate with the Licensing Team to address this request.,ACCESS,"Nelson, Christopher",1/21/2021 19:23,The ticket has been reviewed for the request of additional Git licenses by the Marketing department for their campaign work. Verified the current license usage and validated the need for more licenses. The request has been forwarded to the Licensing Team for further processing and allocation.,"Hamilton, Elijah",0,404.81,Git License Request,Git,Software/System: Git ; Issue/Request: Git License Request,ASSET MANAGEMENT,1778,agent,Issue resolved,0.5,0.0
25518,INC0036567,Incident,1/15/2021 10:59,Chat,Users experiencing 'Invalid Credentials' error on EQPlan login,"A number of individuals have reported being barred from EQPlan due to an 'Invalid Credentials' error, even though they're sure about their login info. Searched the system for any security updates lately that might be causing this authentication issue. 

Have escalated the matter to the Security Team.",ACCESS,"Zimmerman, Erik",1/15/2021 14:47,"Issue investigated based on user reports of 'Invalid Credentials' error despite confirmed correct login info. Initial troubleshooting steps included verifying credentials, checking for account lockouts, and ensuring CAPS lock was not enabled. Conducted a review of recent security updates or changes to the authentication system. Unable to resolve at this level, so the matter has been escalated to the Security Team for further investigation and resolution.","Edwards, Jerry",1,228.61,"EQPlan Login Error, 'Invalid Credentials' error",EQPlan,"Software/System: EQPlan ; Issue/Request: EQPlan Login Error, 'Invalid Credentials' error",SECURITY OPERATIONS,1271,agent,The issue has been resolved,0.7000000000000001,0.0
20678,TASK0043348,Request,2/24/2021 16:29,Phone,Request for 1-Day PIV Card Exemption due to card seizure by authority.,I am requesting a 1-Day PIV Card Exemption since my card was seized by the authorities. I've already verified my identity via email and was able to log in successfully.,ACCESS,"Smith, John",2/24/2021 18:00,"Customer requested a 1-Day PIV Card Exemption because their card was seized by authority. The customer's identity was verified via email. Temporary access was granted, and the customer was able to login successfully. The exemption has been granted for the requested duration, and the customer has been informed.","Perez, Ronald",0,91.83,PIV Exemption,PIV,Software/System: PIV; Issue/Request: PIV Exemption,USER ACCESS MANAGEMENT,4641,customer,All set.,0.7000000000000001,0.0
3831,TASK0036963,Request,1/19/2021 7:03,Phone,Request for an additional QuantumDB license.,I reached out because I require an extra QuantumDB license for my work due to its intensity. The Licensing Team has been informed.,ACCESS,"Nguyen, Jonathan",1/19/2021 7:28,"User requested an additional QuantumDB license for their work. Informed the Licensing Team about the request. Verified that the request has been processed, and the extra license was allocated to the user. Confirmed with the user that the additional license is now active and they can access QuantumDB without issues.","Oliver, Zoe",0,25.75,QuantumDB License Request,QuantumDB,Software/System: QuantumDB ; Issue/Request: QuantumDB License Request,ASSET MANAGEMENT,1464,customer,Completed.,0.7000000000000001,0.0
20209,TASK0047723,Request,3/23/2021 9:11,Phone,Bulk request for CSTrack licenses for new hires,"A group of new hires across various departments have necessitated a bulk request for CSTrack licenses to get them started. Checked our license pool and matched it against incoming needs. 

This batch request is now with the Licensing Team.",ACCESS,"Thomas, Susan",3/23/2021 18:48,"Verified the number of new hires needing CSTrack licenses. Checked the available license pool and matched it with the demand. Ensured compliance with organizational licensing policies. Updated the licensing tool with the correct number of required licenses and submitted the request to the Licensing Team, who will provision the licenses for the new hires.","Richardson, Owen",0,577.26,CSTrack License Request,CSTrack,Software/System: CSTrack ; Issue/Request: CSTrack License Request,USER ACCESS MANAGEMENT,6817,agent,No further action required,0.8,0.0
16661,INC0048277,Incident,3/26/2021 7:55,Email,Unable to log in to ProjectPulse due to invalid credentials error.,"The customer reports being unable to log into ProjectPulse, encountering an error that indicates 'invalid credentials' despite entering their information accurately. They express a desire for a prompt resolution.",ACCESS,"Peterson, Heather",3/26/2021 11:25,Issue identified as incorrect credentials being entered. Guided the user to reset their password through the 'Forgot Password' option on the login screen. User followed the provided steps to reset the password via email. Confirmed successful password reset and subsequent login into ProjectPulse. Tested login from a different device and browser to ensure problem resolution. User is now able to log in without any issues.,"Oliver, Zoe",1,210.61,"ProjectPulse Login Error, 'Invalid Credentials' error",ProjectPulse,"Software/System: ProjectPulse ; Issue/Request: ProjectPulse Login Error, 'Invalid Credentials' error",APPLICATION SUPPORT,7117,agent,ISSUE RESOLVED,0.8,0.0
1875,INC0034139,Incident,1/1/2021 11:22,Phone,Unable to log into Microsoft SharePoint due to credential errors.,"I can't log into Microsoft SharePoint because it keeps saying my credentials are wrong, even though I know they're right. We checked for any changes that could be causing this but couldn't find anything. It's so frustrating. Please help!",ACCESS,"Abbott, Ryder",1/1/2021 12:35,The issue was resolved by performing the following steps: 1) Verified the user's credentials by having them attempt to log in on another device and browser. 2) Confirmed there were no ongoing issues with Microsoft SharePoint's service. 3) Checked for any account lockout or unusual activity. 4) Reset the user's SharePoint credentials and guided them through the process of setting a new password. 5) Ensured the user could successfully log in with the new credentials. 6) Advised the user to clear browser cache and cookies to prevent further issues.,"West, Oliver",0,73.37,"Microsoft SharePoint Login Error, 'Invalid Credentials' error",Microsoft SharePoint,"Software/System: Microsoft SharePoint ; Issue/Request: Microsoft SharePoint Login Error, 'Invalid Credentials' error",USER ACCESS MANAGEMENT,50,customer,See worknotes,0.9,0.0
13192,INC0036400,Incident,1/14/2021 13:17,Chat,Unable to log in to WebWise due to 'Invalid Credentials' error.,The customer is encountering an 'Invalid Credentials' error upon attempting to log in to WebWise. They have confirmed that the credentials entered are correct. They have also checked for any recent security updates that might affect log-in procedures but found none. The issue has been escalated to the Security Team for further investigation and resolution.,ACCESS,"Bishop, Max",1/14/2021 14:27,"Issue resolved by resetting the user's password. Troubleshooting steps included: verified the user's credentials were correct, confirmed no recent security changes affecting login, and liaised with the Security Team. Attempted to replicate the issue and confirmed 'Invalid Credentials' error. Issued a password reset via the WebWise admin panel and instructed the user to set a new password. User successfully logged in with the new credentials.","Richardson, Owen",0,70.91,"WebWise Login Error, 'Invalid Credentials' error",WebWise,"Software/System: WebWise ; Issue/Request: WebWise Login Error, 'Invalid Credentials' error",USER ACCESS MANAGEMENT,1191,agent,Updated,0.9,0.0
8218,INC0048328,Incident,3/26/2021 9:51,Email,Cannot log into SCMHub due to 'Invalid Credentials' error,I tried logging into SCMHub but it keeps showing 'Invalid Credentials' error. I think something might have changed with the security settings. Can you please look into this?,ACCESS,"Anderson, Lydia",3/26/2021 13:39,"The issue was resolved by performing a series of troubleshooting steps. First, confirmed the user's credentials were correct by checking with the user. Next, ensured there were no keyboard issues such as Caps Lock being on. Then, verified the account was not locked or disabled by checking the account status in the user management system. After ensuring the account was active, we reset the user's password and asked the user to try logging in again with the new credentials. The user was able to log in successfully after the password reset. Additionally, double-checked the security settings to confirm there were no recent changes affecting usual login protocols.","Walsh, Derek",6,228.55,"SCMHub Login Error, 'Invalid Credentials' error",SCMHub,"Software/System: SCMHub ; Issue/Request: SCMHub Login Error, 'Invalid Credentials' error",USER ACCESS MANAGEMENT,7144,customer,Closed,0.8,0.0
17204,INC0047791,Incident,3/23/2021 11:34,Chat,Unable to log into CodeReview due to incorrect credentials.,"CodeReview won't let me in, says my credentials are wrong even though I know they're not. I looked at the security settings, but I didn't see any changes that could explain this issue. The Security Team is investigating.",ACCESS,"Graham, Addison",3/24/2021 8:50,User reported being unable to log into CodeReview with their credentials. Verified the credentials by logging into a known-working environment to ensure there was no typo or case sensitivity issue. Ensured user's account was not locked or disabled in the user management system. Reset the user's password and updated the credentials in CodeReview. User was able to successfully log in after password reset. Issue resolved.,"Hernandez, Juan",7,1276.13,"CodeReview Login Error, 'Invalid Credentials' error",CodeReview,"Software/System: CodeReview ; Issue/Request: CodeReview Login Error, 'Invalid Credentials' error",USER ACCESS MANAGEMENT,6853,customer,ISSUE RESOLVED,0.8,0.0
14561,INC0038782,Incident,1/28/2021 11:08,Email,Unable to log into JVMgr due to 'Invalid Credentials' error,"The customer has reported an issue while trying to log into JVMgr. They are encountering an 'Invalid Credentials' error, even though they are using the correct login credentials. They have requested that we look into any recent security updates or system changes that could be affecting the login process.",ACCESS,"Walker, Angela",1/28/2021 13:22,Issue resolved. The 'Invalid Credentials' error was caused by a recent security update that required all users to reset their passwords. User was unaware of this requirement. Troubleshooting steps taken: 1) Verified the user's existing credentials. 2) Checked the system logs for any failed login attempts or security updates. 3) Noticed recent security update requiring password reset. 4) Guided the user through the password reset process successfully. 5) Confirmed the user was able to log in without further issues.,"Bell, Camila",0,134.26,"JVMgr Login Error, 'Invalid Credentials' error",JVMgr,"Software/System: JVMgr ; Issue/Request: JVMgr Login Error, 'Invalid Credentials' error",USER ACCESS MANAGEMENT,2373,agent,Ticket processed.,0.9,0.0
12764,TASK0040039,Request,2/4/2021 13:34,Phone,User requires an additional HRHub license due to workload,"A single user has reached out needing an extra HRHub license for their intensive work requirements. After checking our available licenses and confirming the user's needs, 

I've forwarded this to the Licensing Team for approval.",ACCESS,"Reed, Olivia",2/4/2021 16:40,"User requested an additional HRHub license for their intensive work requirements. Verified user's current license status and confirmed the availability of extra licenses in our system. Coordinated with the Licensing Team for review and approval. Once approval was granted, added the extra HRHub license to the user's account. Confirmed with the user that they have access to the additional license and ensured functionality. User confirmed the issue is resolved.","Nelson, Eva",0,186.73,HRHub License Request,HRHub,Software/System: HRHub ; Issue/Request: HRHub License Request,HR SYSTEMS SUPPORT,2994,agent,Fixed,0.8,0.0
12930,TASK0035785,Request,1/12/2021 9:34,Phone,Request for 1-Day PIV Card Exemption due to demagnetized card,"The customer is requesting a 1-Day PIV Card Exemption. Reason: Card demagnetized. The customer has been verified via SMS. Unfortunately, the customer failed the security verification.",ACCESS,"Nguyen, Ava",1/12/2021 10:26,"The customer requested a 1-Day PIV Card Exemption because their card was demagnetized. The customer's identity was verified via SMS. However, the customer failed the necessary security verification. As a result, we were unable to grant the exemption. Advised the customer to visit their local security office for assistance with card replacement.","Fortner, Lucas",1,52.94,PIV Exemption,PIV,Software/System: PIV; Issue/Request: PIV Exemption,USER ACCESS MANAGEMENT,884,agent,Closed,0.7000000000000001,0.0
19979,TASK0044098,Request,2/27/2021 14:27,Email,Request for additional LinkedIn Learning licenses,"Our team has been working on various projects that require access to LinkedIn Learning. We've evaluated our needs based on recent usage, and it seems we're short on licenses. Could you help us by escalating this issue to the Licensing Team to acquire additional licenses?",ACCESS,"Sanchez, Diego",3/2/2021 7:34,Reviewed the request from multiple team members for additional LinkedIn Learning licenses. Checked current license inventory and usage patterns to ascertain the necessity of additional licenses. Discussion with team members confirmed that these licenses are essential for ongoing projects. Coordinated with the Licensing Team to facilitate the acquisition of the required licenses. The Licensing Team has confirmed their ability to allocate the additional licenses requested.,"Campbell, Samantha",7,3907.23,LinkedIn Learning License Request,LinkedIn Learning,Software/System: LinkedIn Learning ; Issue/Request: LinkedIn Learning License Request,USER ACCESS MANAGEMENT,5003,customer,Fixed,0.7000000000000001,0.0
18948,INC0039762,Incident,2/3/2021 12:50,Chat,Users facing 'Invalid Credentials' error when logging into VirtualBoard.,"I've been trying to log into VirtualBoard with the correct login details, but it keeps showing an 'Invalid Credentials' message and won't let me in. This seems to be a widespread problem as others have reported the same issue. Could you please look into whether there were any recent updates or changes that might be causing this?",ERROR,"Gray, Ellie",2/3/2021 17:26,"After receiving reports of 'Invalid Credentials' errors on VirtualBoard despite correct login details, I checked the following:   1. Verified that the user credentials were accurate and had not expired.  2. Ensured that there were no recent changes in the user's profile.  3. Verified that the VirtualBoard service was running properly without any reported downtime.  4. Checked for any recent security patches or updates that could have affected authentication protocols.  5. Cleared the browser cache and cookies for the affected users to rule out any local caching issues.After these checks, the issue persisted, so I performed the following steps specific to our VirtualBoard configuration:   6. Reset user passwords to ensure they were not corrupted.  7. Monitored the authentication logs for any anomalies that could indicate broader issues.The problem was ultimately found to reside in the VirtualBoard authentication protocol, and adjustments to the configuration settings were made to resolve the complications. Subsequently, access for users was restored without 'Invalid Credentials' errors. This case has now been resolved and users can successfully log in.","Abbott, Ryder",0,276.36,"VirtualBoard Login Error, 'Invalid Credentials' error",VirtualBoard,"Software/System: VirtualBoard ; Issue/Request: VirtualBoard Login Error, 'Invalid Credentials' error",SECURITY OPERATIONS,2865,customer,Issue Resolved,0.9,0.0
1537,TASK0035126,Request,1/7/2021 12:57,Email,Request for additional DataSync licenses for the marketing department,"The marketing department has made a formal request for more DataSync licenses to keep up with their expanding campaign efforts. Reviewed current license allocations and the specific requests made. 

Passing this request on to the Licensing Team.",ACCESS,"Green, Charles",1/7/2021 14:59,The marketing department has requested more DataSync licenses. Reviewed current license allocations and verified the need for additional licenses based on the expanding campaign efforts. Passed the request to the Licensing Team for further processing.,"Bell, Camila",0,122.12,DataSync License Request,DataSync,Software/System: DataSync ; Issue/Request: DataSync License Request,ASSET MANAGEMENT,554,agent,ISSUE RESOLVED,0.6000000000000001,0.0
7878,TASK0040864,Request,2/10/2021 11:05,Phone,Request for 1-Day PIV Card Exemption due to fading serial number,"The customer is requesting a 1-Day PIV Card Exemption. Reason: Serial number on card is fading. The customer failed verification because they could not provide proof of address. Unfortunately, the customer cannot be issued an exemption.",ACCESS,"Hall, Jack",2/10/2021 23:52,"The customer's request for a 1-Day PIV Card Exemption due to the fading serial number on their card could not be granted as they failed verification. The reason for the failure was the inability to provide proof of address. Advised the customer to obtain and present a valid proof of address to proceed. Additionally, recommended contacting the issuing authority for a replacement card.","Gray, Grace",4,767.26,PIV Exemption,PIV,Software/System: PIV; Issue/Request: PIV Exemption,USER ACCESS MANAGEMENT,3402,agent,The issue has been resolved,0.7000000000000001,0.0
20322,TASK0044064,Request,2/27/2021 13:42,Chat,Request for 1-Day PIV Card Exemption for updating card information,The customer is requesting a 1-Day PIV Card Exemption. Reason: Updating card information. The customer has been verified via email. The customer was able to login successfully.,ACCESS,"Chavez, Abigail",2/27/2021 14:44,The request for a 1-Day PIV Card Exemption was successfully granted to the customer. Steps followed: 1) Verified the customer's identity via the registered email. 2) Confirmed the customer's requirement to update card information. 3) Checked system logs to ensure the customer's login activity was successful. 4) Logged into the administrative portal to process the PIV Card Exemption. 5) Granted the 1-Day exemption and notified the customer via email. The customer successfully updated their card information and was able to continue working without any issues.,"Garcia, David",2,62.82,PIV Exemption,PIV,Software/System: PIV; Issue/Request: PIV Exemption,USER ACCESS MANAGEMENT,4988,agent,The issue has been resolved,0.9,0.0
4248,TASK0041002,Request,2/11/2021 6:43,Phone,"User unable to open door, needs temporary pass due to damaged card barcode.",The customer is unable to open the door as their card barcode is damaged. They are requesting assistance to obtain a temporary pass to access the facility.,ACCESS,"Turner, Samuel",2/12/2021 10:01,"The user reported an issue with their door access card, specifically the barcode being damaged and preventing door access. After verifying the user's identity, I issued a temporary pass and provided instructions on how to use it. I also guided the user to the HR department to request a new permanent card. The user was able to access the door successfully with the temporary pass. Issue resolved.","Sanders, Philip",0,1638.34,PIV Exemption,PIV,Software/System: PIV; Issue/Request: PIV Exemption,HELPDESK OPERATIONS,3468,agent,Software Installed,0.8,0.0
18837,INC0042650,Incident,2/19/2021 14:30,Chat,Unable to access LoadLight due to 'Invalid Credentials' error.,"I can't get into LoadLight because it keeps saying 'Invalid Credentials' even when I input everything correctly. They looked into any new security things messing it up, and now the Security Team is working on it.",ACCESS,"Parker, Ruth",2/19/2021 17:36,"Issue was resolved by performing the following steps: 1) Confirmed the user was entering the correct username and password. 2) Checked if Caps Lock was on or if there were any inadvertent spaces in the input fields. 3) Verified that the user's account was not locked or disabled in the system. 4) Reset the user's password and ensured the new credentials were tested successfully. 5) Confirmed with the user that they were able to log in and access LoadLight without encountering the 'Invalid Credentials' error. Finally, informed the user to reach out if they experience any further issues.","Oliver, Zoe",1,186.92,"LoadLight Login Error, 'Invalid Credentials' error",LoadLight,"Software/System: LoadLight ; Issue/Request: LoadLight Login Error, 'Invalid Credentials' error",SECURITY OPERATIONS,4298,customer,Issue resolved,0.8,0.0
26281,TASK0039188,Request,1/30/2021 10:56,Self-service,Request for a temporary RSA Token due to demagnetized card,I need a temporary RSA Token because my card got demagnetized. I've already verified my identity through security questions and have successfully accessed the system with the token provided.,ACCESS,"Nguyen, Anna",1/30/2021 13:37,"Verified the customer's identity through security questions. Issued a temporary RSA Token to the customer, who was able to access the system without any issues. Provided instructions to ensure the customer understood how to use the RSA Token, and recommended requesting a replacement card as soon as possible.","Edwards, Jerry",0,161.39,RSA Token Request,RSA Token,Software/System: RSA Token; Issue/Request: RSA Token Request,USER ACCESS MANAGEMENT,2581,customer,Fixed,0.7000000000000001,0.0
13060,INC0034453,Incident,1/2/2021 15:38,Phone,Unable to access OmniPay due to invalid login credentials.,I can't access OmniPay due to an issue with my login credentials showing as invalid. I hope they figure this out soon!,ACCESS,"Hill, Sharon",1/2/2021 17:03,Issue resolved by verifying and resetting the user's login credentials for OmniPay. Steps taken include: 1) Confirmed user's account status was active. 2) Guided the user to ensure they were entering the correct username and password. 3) Performed a password reset through the OmniPay admin portal. 4) User successfully logged in with new password. 5) Recommended user to update security questions and verify contact information.,"Perez, Ronald",1,85.94,"OmniPay Login Error, 'Invalid Credentials' error",OmniPay,"Software/System: OmniPay ; Issue/Request: OmniPay Login Error, 'Invalid Credentials' error",USER ACCESS MANAGEMENT,212,customer,Updated,0.8,0.0
19850,TASK006850,Request,3/31/2021 11:20,Phone,Shared Mailbox Creation Request,"Request to create a new shared mailbox for the Engineering Council AEC Advanced team. The desired name for the mailbox should be 'Engineering Council AEC Advanced' and the associated email address should be 'aec.engineering@corporate.encon.com'. Please grant access to the following team members: Rohan Mehta, Sophia Brown, James Torres, Michael Williams, Anna Smith. This mailbox will be used for all communications related to advanced engineering projects and council activities. Thank you for your assistance.",REQUEST,"Ramos, Bryan",4/1/2021 10:54,Implemented the required changes and contacted the customer to let them know that the changes are complete,"Gray, Grace",1,84895.29,Shared Mailbox,Shared Mailbox Creation Request,Software/System: Shared Mailbox ; Issue/Request: Shared Mailbox Creation Request,EMAIL TEAM,7727,customer,Fixed,0.2,0.0
18019,TASK006687,Request,3/31/2021 11:20,Phone,Shared Mailbox Modification Request,"A customer has requested modifications to the shared mailbox for their 'Team for Risk Management RMT.' The email linked to this mailbox is rmt@corporate.encon.com. They have specified to add Allen Connor, Harris Aiden, and Wright Alexander to the mailbox and remove Clark Maya and Johnson Liam from it.",REQUEST,"Nguyen, Lisa",4/1/2021 7:30,Implemented the required changes and contacted the customer to let them know that the changes are complete,"Wood, John",1,72627.57,Shared Mailbox,Shared Mailbox Modification Request,Software/System: Shared Mailbox ; Issue/Request: Shared Mailbox Modification Request,EMAIL TEAM,7919,agent,Software Installed,0.2,0.0
15895,TASK006532,Request,3/31/2021 18:10,Phone,Shared Mailbox Modification Request,"Please update the members of the shared mailbox for the Global Development GDT Team. Email address for the mailbox is gdt.global@global.encon.com. Add Caleb King, Emma Gonzalez, and Elijah Martinez. Remove Aditya Joshi, Rohan Mehta, and Abigail Adams. Thank you.",REQUEST,"Nguyen, Lisa",4/1/2021 4:04,Implemented the required changes and contacted the customer to let them know that the changes are complete,"Robinson, Brian",1,35689.24,Shared Mailbox,Shared Mailbox Modification Request,Software/System: Shared Mailbox ; Issue/Request: Shared Mailbox Modification Request,EMAIL TEAM,7955,customer,ISSUE RESOLVED,0.2,0.0
22736,TASK006656,Request,3/31/2021 11:20,Phone,Distribution List Modification Request,"Please update the distribution list for Government Energy GEM Resources (email: gem.energy@eeo.mpm.gov). Add Noah Jones and Isabella Allen, and remove Ariana Scott. Thank you!",REQUEST,"Gonzales, Charles",3/31/2021 18:18,Implemented the required changes and contacted the customer to let them know that the changes are complete,"Villanueva, Elena",2,25097.09,Distribution List,Distribution List Modification Request,Software/System: Distribution List ; Issue/Request: Distribution List Modification Request,EMAIL TEAM,7892,customer,Fixed,0.2,0.0
4407,TASK006385,Request,3/31/2021 11:20,Phone,Distribution List Creation Request,"Please create a new distribution list named 'Strategy and Planning' with the email address strategy@global.encon.com. Include the following members: Green, Benjamin; Gonzalez, Emma; Brown, Sophia; Gupta, Ananya; Patel, Arjun; Flores, Evan. This distribution list will be used for coordinating our team's strategic planning initiatives.",REQUEST,"Lopez, Gabriela",3/31/2021 16:48,Implemented the required changes and contacted the customer to let them know that the changes are complete,"Romero, Leonardo",3,19713.75,Distribution List,Distribution List Creation Request,Software/System: Distribution List ; Issue/Request: Distribution List Creation Request,EMAIL TEAM,7663,customer,Issue Resolved,0.2,0.0
25843,TASK006587,Request,3/31/2021 16:10,Phone,Shared Mailbox Modification Request,"Please modify the shared mailbox for our team. The name of our mailbox is 'Division of Logistics LMD' with the email address lmd.logistics@corporate.encon.com. We request to add the following team member to this mailbox: Allen, Connor. Thank you for your assistance.",REQUEST,"Murphy, Sean",4/1/2021 14:06,Implemented the required changes and contacted the customer to let them know that the changes are complete,"Fisher, Grace",2,79009.42,Shared Mailbox,Shared Mailbox Modification Request,Software/System: Shared Mailbox ; Issue/Request: Shared Mailbox Modification Request,EMAIL TEAM,7957,customer,No further action required,0.2,0.0
2823,TASK006066,Request,3/31/2021 11:20,Phone,Shared Mailbox Modification Request,"The customer has requested updates to their shared mailbox for the Core Software Development SDC team. Specifically, they have asked to add Ariana Scott and James Torres to the mailbox associated with the email address sdc.core@corporate.encon.com. Additionally, they require the removal of John Smith from the same mailbox.",REQUEST,"Cook, Michelle",3/31/2021 23:46,Implemented the required changes and contacted the customer to let them know that the changes are complete,"Wood, John",2,44775.41,Shared Mailbox,Shared Mailbox Modification Request,Software/System: Shared Mailbox ; Issue/Request: Shared Mailbox Modification Request,EMAIL TEAM,7896,agent,All set.,0.2,0.0
9334,TASK006440,Request,3/31/2021 16:10,Phone,Distribution List Modification Request,"Please update the distribution list for the item 'Services for Data DTS' with the following changes:

Add:
- Singh, Aarav
- Clark, Maya
- Reddy, Vikram

Remove:
- Lewis, Joshua
- Young, Zoe
- Williams, Michael

The email address for the distribution list is dts.data@global.encon.com. Kindly confirm once the changes have been made. Thank you.",REQUEST,"Fisher, Grace",4/1/2021 14:09,Implemented the required changes and contacted the customer to let them know that the changes are complete,"Villanueva, Elena",3,79190.15,Distribution List,Distribution List Modification Request,Software/System: Distribution List ; Issue/Request: Distribution List Modification Request,EMAIL TEAM,7937,customer,The issue has been resolved,0.2,0.0
26052,TASK006676,Request,3/31/2021 11:20,Phone,Teams Group Creation Request,"Request to create a new Teams group named 'Procurement' for better team coordination and communication. Please set up the group with the email procurement@corporate.encon.com. Include the following team members with their usernames configured in the first.last format: mia.king, christopher.lopez, charlotte.lopez, abigail.adams, sophia.davis, caleb.king.",REQUEST,"Ramos, Debra",4/1/2021 4:02,Implemented the required changes and contacted the customer to let them know that the changes are complete,"Wood, John",2,60149.19,Teams Group,Teams Group Creation Request,Software/System: Teams Group ; Issue/Request: Teams Group Creation Request,EMAIL TEAM,7737,agent,The issue has been resolved,0.2,0.0
17422,TASK006353,Request,3/31/2021 16:10,Phone,Distribution List Modification Request,"Please update the distribution list for the Urban Development item with the email address urban@eeo.mpm.gov. Add the following members: anna.smith, layla.green, jacob.hall, aiden.harris, aarav.singh, mia.king, rohan.mehta. Please ensure the changes are reflected in the system accordingly. Thank you.",REQUEST,"Ramirez, Daniela",4/1/2021 2:15,Implemented the required changes and contacted the customer to let them know that the changes are complete,"Edwards, Jerry",1,36333.3,Distribution List,Distribution List Modification Request,Software/System: Distribution List ; Issue/Request: Distribution List Modification Request,EMAIL TEAM,7885,agent,Closed,0.2,0.0
25271,TASK006038,Request,3/31/2021 16:10,Phone,Shared Mailbox Creation Request,"I would like to request the creation of a new shared mailbox for our team. The mailbox should be named 'Global Partnerships' with the email address partnerships@global.encon.com. Please add the following team members with access to this mailbox: Davis, Sophia; Harris, Aiden; Scott, Charlotte; Flores, Ella; Adams, Abigail; Jones, David; Bhatia, Sneha. Thank you.",REQUEST,"Murphy, Jack",3/31/2021 23:37,Implemented the required changes and contacted the customer to let them know that the changes are complete,"Edwards, Jerry",2,26867.73,Shared Mailbox,Shared Mailbox Creation Request,Software/System: Shared Mailbox ; Issue/Request: Shared Mailbox Creation Request,EMAIL TEAM,7702,customer,Fixed,0.2,0.0
9652,TASK006406,Request,3/31/2021 11:20,Phone,Teams Group Creation Request,"I would like to request the creation of a new Teams group for our department. The group should be named 'Infrastructure' to help improve our communication and management of projects. Can you also set up a group email with the address infrastructure@eeo.mpm.gov? Additionally, please include the following team members in the group: Arjun Patel, Ella Flores, and Logan Nelson, listed in their names in the last, first format as required. Thank you!",REQUEST,"Kumar, Vikram",3/31/2021 21:47,Implemented the required changes and contacted the customer to let them know that the changes are complete,"Nelson, Eva",3,37659.7,Teams Group,Teams Group Creation Request,Software/System: Teams Group ; Issue/Request: Teams Group Creation Request,EMAIL TEAM,7660,customer,No further action required,0.2,0.0
14672,TASK006487,Request,3/31/2021 11:20,Phone,Teams Group Modification Request,"Please update the access for the 'Compliance Programs CEP' teams group. Add Logan Nelson and Lucas Lewis to the group, and remove Ava Walker from the group. The email associated with this group is cep.compliance@corporate.encon.com. Thank you for your assistance.",REQUEST,"Walter, Denise",4/1/2021 2:54,Implemented the required changes and contacted the customer to let them know that the changes are complete,"Martinez, James",2,56050.1,Teams Group,Teams Group Modification Request,Software/System: Teams Group ; Issue/Request: Teams Group Modification Request,EMAIL TEAM,7999,customer,Issue resolved,0.2,0.0
20128,TASK006866,Request,3/31/2021 11:20,Phone,Shared Mailbox Creation Request,"The customer has requested the creation of a new shared mailbox for their team, the Engineering Council AEC Advanced. They specified the desired name for the mailbox to be 'Engineering Council AEC Advanced' with the associated email address 'aec.engineering@corporate.encon.com'. They have also provided a list of team members who need access to this mailbox: Rohan Mehta, Sophia Brown, James Torres, Michael Williams, Anna Smith. The purpose of this mailbox is to facilitate communication for all projects and activities related to advanced engineering and the council. They have expressed gratitude for our assistance in setting this up.",REQUEST,"Cooper, Hannah",4/1/2021 7:57,Implemented the required changes and contacted the customer to let them know that the changes are complete,"Gray, Grace",3,74266.42,Shared Mailbox,Shared Mailbox Creation Request,Software/System: Shared Mailbox ; Issue/Request: Shared Mailbox Creation Request,EMAIL TEAM,7727,agent,See worknotes,0.2,0.0
8975,TASK006820,Request,3/31/2021 16:10,Phone,Distribution List Modification Request,"Please update the distribution list for the 'Strategy and Planning' to include the following changes: Add Sophia Davis (Davis, Sophia) to the list. The email address for the list is strategy@global.encon.com.",REQUEST,"Baker, Richard",4/1/2021 13:11,Implemented the required changes and contacted the customer to let them know that the changes are complete,"Cooper, Steven",1,75717.28,Distribution List,Distribution List Modification Request,Software/System: Distribution List ; Issue/Request: Distribution List Modification Request,EMAIL TEAM,7995,customer,Resolved.,0.2,0.0
13738,TASK006734,Request,3/31/2021 11:20,Phone,Distribution List Modification Request,"Please update the distribution list for the 'State Administration' group with the following changes: 

Add:
- layla.green@eeo.mpm.gov
- amelia.nguyen@eeo.mpm.gov

Remove:
- vikram.reddy@eeo.mpm.gov
- andrew.hill@eeo.mpm.gov

Thank you for your assistance.",REQUEST,"Morgan, Gregory",3/31/2021 16:21,Implemented the required changes and contacted the customer to let them know that the changes are complete,"Wood, John",0,18087.21,Distribution List,Distribution List Modification Request,Software/System: Distribution List ; Issue/Request: Distribution List Modification Request,EMAIL TEAM,7941,customer,Closed,0.2,0.0
12189,TASK006567,Request,3/31/2021 11:27,Phone,Teams Group Modification Request,"I would like to request an update to our membership list for the Teams group linked to the 'Projects in Technology TPC Committee', which uses the email tpc.projects@corporate.encon.com. Please add Noah.Jones and James.Torres to the group and remove Liam.Johnson and Nisha.Desai. This adjustment is necessary to reflect the recent changes in our project assignments. Thanks for addressing this promptly.",REQUEST,"Hughes, Evelyn",3/31/2021 22:10,Implemented the required changes and contacted the customer to let them know that the changes are complete,"Perez, Ronald",1,38625.22,Teams Group,Teams Group Modification Request,Software/System: Teams Group ; Issue/Request: Teams Group Modification Request,EMAIL TEAM,7949,customer,Issue Resolved,0.2,0.0
25141,TASK006153,Request,3/31/2021 18:10,Phone,Teams Group Creation Request,"A customer has requested the creation of a new teams group titled 'IT Projects ITP Initiative' specifically for their team. They have also requested that the email address for this group be set as itp@corporate.encon.com. Additionally, they have provided the names of two team members to be added to this group, formatted in 'last, first' style: Desai, Nisha and Brown, Sophia.",REQUEST,"Diaz, Grace",4/1/2021 8:33,Implemented the required changes and contacted the customer to let them know that the changes are complete,"Wood, John",1,51804.16,Teams Group,Teams Group Creation Request,Software/System: Teams Group ; Issue/Request: Teams Group Creation Request,EMAIL TEAM,7699,agent,Issue resolved,0.2,0.0
25497,TASK006367,Request,3/31/2021 11:20,Phone,Shared Mailbox Creation Request,"Request to create a new shared mailbox for my team. Please name the mailbox 'Crisis Management' and assign the email address crisis@eeo.mpm.gov. The initial member to be granted access is Young, Ethan. Thank you for assisting with this setup.",REQUEST,"Quinlan, Aaron",4/1/2021 10:23,Implemented the required changes and contacted the customer to let them know that the changes are complete,"Villanueva, Elena",1,83029.31,Shared Mailbox,Shared Mailbox Creation Request,Software/System: Shared Mailbox ; Issue/Request: Shared Mailbox Creation Request,EMAIL TEAM,7706,customer,Closed,0.2,0.0
17987,TASK006929,Request,3/31/2021 16:10,Phone,Distribution List Modification Request,"Please update the distribution list for the 'Response for Incidents IRP'. The email address for this list is irp.response@eeo.mpm.gov. Add the following members: Sharma, Priya; Hall, Jacob; Johnson, Emily. Remove the following members: Harris, Aiden; Jones, David.",REQUEST,"Young, Sarah",4/1/2021 4:00,Implemented the required changes and contacted the customer to let them know that the changes are complete,"Edwards, Jerry",0,42632.82,Distribution List,Distribution List Modification Request,Software/System: Distribution List ; Issue/Request: Distribution List Modification Request,EMAIL TEAM,7861,agent,Fixed,0.2,0.0
3425,TASK006798,Request,3/31/2021 11:14,Phone,Shared Mailbox Modification Request,"Please update the access for our team's shared mailbox named 'Strategy and Planning' with the email address strategy@global.encon.com. Add Anna Smith, Grace Mitchell, and Priya Sharma to the mailbox. Remove Zoe Young and Isabella Allen from the mailbox. Please confirm once the updates are made. Thank you.",REQUEST,"Young, Sarah",4/1/2021 3:47,Implemented the required changes and contacted the customer to let them know that the changes are complete,"Romero, Leonardo",2,59615.37,Shared Mailbox,Shared Mailbox Modification Request,Software/System: Shared Mailbox ; Issue/Request: Shared Mailbox Modification Request,EMAIL TEAM,7961,customer,Closing as completed.,0.2,0.0
3209,TASK006039,Request,3/31/2021 11:14,Phone,Shared Mailbox Creation Request,"Please create a new shared mailbox for our team named 'Customer Support'. The email address for this mailbox should be support@corporate.encon.com. Include the following team members with access: Lewis, Lucas; Martinez, Elijah; Green, Layla; Nguyen, Amelia; Mitchell, Grace; Brown, Jessica; Flores, Ella. Thank you.",REQUEST,"Chen, Li",4/1/2021 5:39,Implemented the required changes and contacted the customer to let them know that the changes are complete,"Wood, John",1,66302.52,Shared Mailbox,Shared Mailbox Creation Request,Software/System: Shared Mailbox ; Issue/Request: Shared Mailbox Creation Request,EMAIL TEAM,7736,customer,Software Installed,0.2,0.0
1303,TASK006329,Request,3/31/2021 11:27,Phone,Distribution List Modification Request,"The customer has requested updates to the distribution list for 'Programs in TPP'. They need the email address tpp.programs@corporate.encon.com to be updated. Specifically, they want to add Matthew Harris, Priya Sharma, and Ethan Young to the list. Additionally, they have asked for Aditya Joshi and Ishita Kumar to be removed from the list. They appreciate prompt attention to this request.",REQUEST,"Wood, Jeffrey",3/31/2021 11:34,Implemented the required changes and contacted the customer to let them know that the changes are complete,"Wood, John",0,469.75,Distribution List,Distribution List Modification Request,Software/System: Distribution List ; Issue/Request: Distribution List Modification Request,EMAIL TEAM,7877,agent,Issue resolved,0.2,0.0
7849,TASK006079,Request,3/31/2021 11:27,Phone,Distribution List Creation Request,"Please create a new distribution list for our team. The name of the distribution list should be 'Sales Team' with the email address as sales@corporate.encon.com. Include the following team members in the list: Smith, Anna; Patel, Arjun; Martinez, Elijah; Carter, Nora. Thank you.",REQUEST,"Parker, Rachel",4/1/2021 6:54,Implemented the required changes and contacted the customer to let them know that the changes are complete,"Wood, John",1,70029.64,Distribution List,Distribution List Creation Request,Software/System: Distribution List ; Issue/Request: Distribution List Creation Request,EMAIL TEAM,7698,customer,Issue resolved,0.2,0.0
1763,TASK006131,Request,3/31/2021 11:20,Phone,Shared Mailbox Modification Request,"The customer has requested updates to the membership of the 'State Administration' shared mailbox with the email address admin@eeo.mpm.gov. They have specified to add Andrew Hill, Jessica Brown, Ananya Gupta, and Sarah Garcia as new members. Additionally, they have requested that Abigail Adams, Matthew Harris, and Sophia Davis be removed from the mailbox. The changes should be implemented as soon as possible.",REQUEST,"Bennett, Jackson",3/31/2021 21:26,Implemented the required changes and contacted the customer to let them know that the changes are complete,"Ortega, Luis",1,36375.87,Shared Mailbox,Shared Mailbox Modification Request,Software/System: Shared Mailbox ; Issue/Request: Shared Mailbox Modification Request,EMAIL TEAM,7975,agent,Software Installed,0.2,0.0
4401,TASK006655,Request,3/31/2021 16:10,Phone,Teams Group Modification Request,Please update the Global Partnerships group by adding and/or removing specified members. Add Connor Allen (connor.allen) and remove Mia King (mia.king) from the group. The official email address for this group is partnerships@global.encon.com. Thank you.,REQUEST,"Stewart, Megan",3/31/2021 19:59,Implemented the required changes and contacted the customer to let them know that the changes are complete,"Wood, John",2,13744.52,Teams Group,Teams Group Modification Request,Software/System: Teams Group ; Issue/Request: Teams Group Modification Request,EMAIL TEAM,8024,customer,Software Installed,0.2,0.0
11413,TASK006971,Request,3/31/2021 11:27,Phone,Teams Group Creation Request,"A customer has requested the creation of a new Teams group titled 'Response for Incidents IRP' for their team. They have also requested that the email address irp.response@eeo.mpm.gov be associated with this new group. Furthermore, they specified that the following team members should be added to this group: Amelia Nguyen, Lucas Lewis.",REQUEST,"Carter, Patricia",4/1/2021 1:45,Implemented the required changes and contacted the customer to let them know that the changes are complete,"Edwards, Jerry",0,51523.63,Teams Group,Teams Group Creation Request,Software/System: Teams Group ; Issue/Request: Teams Group Creation Request,EMAIL TEAM,7720,agent,Updated,0.2,0.0
17019,TASK006192,Request,3/31/2021 16:10,Phone,Shared Mailbox Creation Request,"The customer has requested the setup of a new shared mailbox named 'Executives' with an email address of executives@corporate.encon.com. The mailbox should include the following team members: Williams, Michael; Allen, Connor; Flores, Evan; Mitchell, Grace; Jones, Noah, with full access rights granted to all listed members.",REQUEST,"Morgan, Gregory",3/31/2021 17:10,Implemented the required changes and contacted the customer to let them know that the changes are complete,"Wood, John",0,3620.73,Shared Mailbox,Shared Mailbox Creation Request,Software/System: Shared Mailbox ; Issue/Request: Shared Mailbox Creation Request,EMAIL TEAM,7745,agent,Finalized routine routine.,0.2,0.0
168,TASK006742,Request,3/31/2021 11:20,Phone,Shared Mailbox Creation Request,Please create a new shared mailbox for the Core Software Development SDC team. The proposed email address for the mailbox is sdc.core@corporate.encon.com. Kindly add the following team members to the mailbox with appropriate permissions: Anna Smith and Michael Williams. This mailbox will be used for team communications and project coordination. Let me know if any additional information is required to set this up. Thank you!,REQUEST,"Baker, Richard",3/31/2021 23:08,Implemented the required changes and contacted the customer to let them know that the changes are complete,"Edwards, Jerry",1,42525.98,Shared Mailbox,Shared Mailbox Creation Request,Software/System: Shared Mailbox ; Issue/Request: Shared Mailbox Creation Request,EMAIL TEAM,7693,customer,The issue has been resolved,0.2,0.0
17782,TASK006150,Request,3/31/2021 16:10,Phone,Teams Group Modification Request,"Please update the access control for the Teams group associated with 'Environmental Compliance' (email: envcompliance@eeo.mpm.gov). Add the following members to the group: Chopra, Rahul; Joshi, Aditya. Remove the following members from the group: Hill, Nathan; Jones, Noah. Thank you for facilitating these changes.",REQUEST,"Collins, Adam",3/31/2021 16:32,Implemented the required changes and contacted the customer to let them know that the changes are complete,"Foster, Craig",3,1344.41,Teams Group,Teams Group Modification Request,Software/System: Teams Group ; Issue/Request: Teams Group Modification Request,EMAIL TEAM,7993,customer,ISSUE RESOLVED,0.2,0.0
8829,TASK006089,Request,3/31/2021 16:10,Phone,Distribution List Creation Request,"Please create a new distribution list named 'Leadership GLT Global' with the email address 'glt.leadership@global.encon.com'. Add the following team members to this distribution list: Gupta, Ananya; Allen, Connor; Davis, Sophia; Brown, Jessica; Lewis, Lucas; Kumar, Ishita; Martinez, Elijah. Thank you.",REQUEST,"Ortiz, Theresa",3/31/2021 22:37,Implemented the required changes and contacted the customer to let them know that the changes are complete,"Marshall, Brayden",2,23252.3,Distribution List,Distribution List Creation Request,Software/System: Distribution List ; Issue/Request: Distribution List Creation Request,EMAIL TEAM,7680,customer,Updated,0.2,0.0
2266,TASK006188,Request,3/31/2021 11:20,Phone,Teams Group Modification Request,"The client has requested an update to the membership list for their Marketing Division MTD Teams group. Please add Ananya Gupta, Nathan Hill, Michael Williams, and Layla Green to the respective group. Additionally, it is required to remove Sneha Bhatia and John Smith from this group. The group is associated with the email address: mtd.marketing@corporate.encon.com. The client expressed their gratitude in advance for the assistance.",REQUEST,"Rodriguez, Daniel",3/31/2021 17:17,Implemented the required changes and contacted the customer to let them know that the changes are complete,"Bell, Camila",0,21478.03,Teams Group,Teams Group Modification Request,Software/System: Teams Group ; Issue/Request: Teams Group Modification Request,EMAIL TEAM,8003,agent,ISSUE RESOLVED,0.2,0.0
22649,TASK006991,Request,3/31/2021 18:10,Phone,Teams Group Creation Request,Request to create a new team group named 'Marketing' with the email address marketing@global.encon.com. Please add the team member Jessica Brown to this group.,REQUEST,"Bennett, Ethan",3/31/2021 19:22,Implemented the required changes and contacted the customer to let them know that the changes are complete,"Bell, Camila",2,4345.31,Teams Group,Teams Group Creation Request,Software/System: Teams Group ; Issue/Request: Teams Group Creation Request,EMAIL TEAM,7689,agent,Updated,0.2,0.0
6726,TASK006022,Request,3/31/2021 11:14,Phone,Shared Mailbox Creation Request,"The customer has requested the creation of a new shared mailbox for their team, which is to be named 'Advanced Research ARD Department'. The desired email address for this mailbox is ard.research@corporate.encon.com. Additionally, they have asked to include several team members in this shared mailbox. The members to be included, with their names styled in the format 'last, first', are Logan Nelson, James Torres, Ishita Kumar, Emily Johnson, and Anna Smith.",REQUEST,"Alvarez, Ethan",3/31/2021 22:05,Implemented the required changes and contacted the customer to let them know that the changes are complete,"Villanueva, Elena",2,39111.69,Shared Mailbox,Shared Mailbox Creation Request,Software/System: Shared Mailbox ; Issue/Request: Shared Mailbox Creation Request,EMAIL TEAM,7714,agent,No further action required,0.2,0.0
11025,TASK006240,Request,3/31/2021 11:20,Phone,Shared Mailbox Modification Request,"The customer has requested updates to a shared mailbox for their High Performance HPT Team. The mailbox in question is hpt@corporate.encon.com. The specific changes required are the addition of two new users, James Torres and Sarah Garcia, and the removal of one user, Connor Allen. The customer has asked for confirmation once these updates are completed.",REQUEST,"Nelson, Eric",3/31/2021 20:45,Implemented the required changes and contacted the customer to let them know that the changes are complete,"Villanueva, Elena",2,33900.2,Shared Mailbox,Shared Mailbox Modification Request,Software/System: Shared Mailbox ; Issue/Request: Shared Mailbox Modification Request,EMAIL TEAM,7915,agent,Issue Resolved,0.2,0.0
25790,TASK006324,Request,3/31/2021 11:27,Phone,Shared Mailbox Creation Request,"Request for the creation of a new shared mailbox for my team. We would like the shared mailbox to be named 'Finance Team' and the associated email address to be finance@corporate.encon.com. Please add the following team members to the mailbox: Harris, Aiden; Walker, Lila; Lopez, Charlotte; Johnson, Liam; Adams, Abigail; Green, Benjamin; Jones, Noah.",REQUEST,"Rodriguez, Daniel",3/31/2021 23:31,Implemented the required changes and contacted the customer to let them know that the changes are complete,"Villanueva, Elena",3,43453.11,Shared Mailbox,Shared Mailbox Creation Request,Software/System: Shared Mailbox ; Issue/Request: Shared Mailbox Creation Request,EMAIL TEAM,7697,customer,No further action required,0.2,0.0
14031,TASK006403,Request,3/31/2021 18:10,Phone,Teams Group Modification Request,"The customer has requested updates to the 'Community Outreach' Teams group. Specifically, they have asked to add two new members, Noah Jones (noah.jones@corporate.encon.com) and Matthew Harris (matthew.harris@corporate.encon.com), and to remove one existing member, Grace Mitchell (grace.mitchell@corporate.encon.com).",REQUEST,"Murphy, Jack",4/1/2021 16:13,Implemented the required changes and contacted the customer to let them know that the changes are complete,"Gray, Grace",2,79395.82,Teams Group,Teams Group Modification Request,Software/System: Teams Group ; Issue/Request: Teams Group Modification Request,EMAIL TEAM,8013,agent,Software Installed,0.2,0.0
3636,TASK006679,Request,3/31/2021 11:20,Phone,Distribution List Creation Request,"A customer has requested the creation of a new distribution list named 'Leads STL for Strategy' to be configured with the email address stl.strategy@corporate.encon.com. They have also specified the inclusion of certain team members: Aiden.Harris, Sophia.Brown, Sophia.Davis.",REQUEST,"Murphy, Sean",3/31/2021 13:08,Implemented the required changes and contacted the customer to let them know that the changes are complete,"Fortner, Lucas",0,6521.0,Distribution List,Distribution List Creation Request,Software/System: Distribution List ; Issue/Request: Distribution List Creation Request,EMAIL TEAM,7673,agent,Updated,0.2,0.0
24783,TASK006852,Request,3/31/2021 11:27,Phone,Distribution List Modification Request,"Customer has requested an update to the distribution list for the Environmental Compliance Office (ECO). The customer's instructions included adding three new members: Layla Green, Ananya Gupta, and Emma Gonzalez, with their respective emails being layla.green@eeo.mpm.gov, ananya.gupta@eeo.mpm.gov, and emma.gonzalez@eeo.mpm.gov. Additionally, the customer asked for the removal of Andrew Hill from the list, whose email is andrew.hill@eeo.mpm.gov.",REQUEST,"Diaz, Grace",4/1/2021 8:03,Implemented the required changes and contacted the customer to let them know that the changes are complete,"Marshall, Brayden",2,74197.98,Distribution List,Distribution List Modification Request,Software/System: Distribution List ; Issue/Request: Distribution List Modification Request,EMAIL TEAM,8009,agent,Updated,0.2,0.0
20883,TASK006599,Request,3/31/2021 18:10,Phone,Teams Group Creation Request,"The customer has requested the creation of a new Teams group named 'Infrastructure Division NID' to facilitate communication and collaboration among the team members. They have also asked for all necessary permissions and settings to be configured to ensure efficient access and utilization by all team members. Furthermore, the customer has requested setting up an email address nid.infrastructure@eeo.mpm.gov for group correspondence. The team members to be included in this group are Alexander Wright, Priya Sharma, Caleb King, Ryan Carter, Logan Nelson, Charlotte Lopez, and Sneha Bhatia.",REQUEST,"Bailey, Olivia",4/1/2021 16:35,Implemented the required changes and contacted the customer to let them know that the changes are complete,"Martinez, Isabella",2,80737.88,Teams Group,Teams Group Creation Request,Software/System: Teams Group ; Issue/Request: Teams Group Creation Request,EMAIL TEAM,7678,agent,Resolved,0.2,0.0
7035,TASK006854,Request,3/31/2021 11:27,Phone,Distribution List Modification Request,"Please update the distribution list for the 'Customer Support' group (Email: support@corporate.encon.com). Add Rohan Mehta, Sofia Baker, and Ananya Gupta to the list. Remove Emma Gonzalez from the list. Thank you.",REQUEST,"Howard, Madelyn",4/1/2021 8:27,Implemented the required changes and contacted the customer to let them know that the changes are complete,"Gray, Grace",3,75602.53,Distribution List,Distribution List Modification Request,Software/System: Distribution List ; Issue/Request: Distribution List Modification Request,EMAIL TEAM,7925,customer,ISSUE RESOLVED,0.2,0.0
9273,TASK006502,Request,3/31/2021 18:10,Phone,Shared Mailbox Modification Request,"Please update the shared mailbox for our 'Supply Chain' team. The mailbox to be modified is supplychain@global.encon.com.

Additions:
1. Jones, Noah
2. Johnson, Liam

Removals:
1. Lopez, Charlotte
2. Clark, Maya

Please confirm once the changes have been made. Thank you.",REQUEST,"Perez, Sofia",4/1/2021 12:06,Implemented the required changes and contacted the customer to let them know that the changes are complete,"Gray, Grace",2,64604.69,Shared Mailbox,Shared Mailbox Modification Request,Software/System: Shared Mailbox ; Issue/Request: Shared Mailbox Modification Request,EMAIL TEAM,7881,customer,Resolved,0.2,0.0
9582,TASK006315,Request,3/31/2021 16:10,Phone,Teams Group Modification Request,Please update the group membership for the Legal Support Team LST. Add Andrew Hill and remove Sophia Davis from the group. The group's email is lst.support@corporate.encon.com. Thank you!,REQUEST,"Flores, Amelia",3/31/2021 23:05,Implemented the required changes and contacted the customer to let them know that the changes are complete,"Turner, Megan",0,24950.51,Teams Group,Teams Group Modification Request,Software/System: Teams Group ; Issue/Request: Teams Group Modification Request,EMAIL TEAM,7959,customer,No further action required,0.2,0.0
12463,TASK006986,Request,3/31/2021 11:27,Phone,Distribution List Creation Request,A customer has requested the creation of a new distribution list titled 'Environmental Taskforce EET' with the email address eet@eeo.mpm.gov. They have specified that the distribution list should have the permissions set so that only members can send emails to this group. The initial members to be added to this distribution list are Aarav.Singh and Evan.Flores.,REQUEST,"Lopez, Gabriela",3/31/2021 18:41,Implemented the required changes and contacted the customer to let them know that the changes are complete,"Villanueva, Elena",2,26085.86,Distribution List,Distribution List Creation Request,Software/System: Distribution List ; Issue/Request: Distribution List Creation Request,EMAIL TEAM,7742,agent,Issue resolved,0.2,0.0
11034,TASK006922,Request,3/31/2021 11:27,Phone,Teams Group Modification Request,"Please update the Technical Support Division (TSD) team group. Add the following members: Zoe Young, Ryan Carter, Ariana Scott, Ananya Gupta, and Vikram Reddy. Remove the following members: Matthew Harris and Nathan Hill. The email address associated with this team group is tsd@corporate.encon.com. Thank you for your assistance in maintaining our team records.",REQUEST,"Butler, Naomi",4/1/2021 8:20,Implemented the required changes and contacted the customer to let them know that the changes are complete,"Wood, John",1,75227.95,Teams Group,Teams Group Modification Request,Software/System: Teams Group ; Issue/Request: Teams Group Modification Request,EMAIL TEAM,7853,customer,Resolved,0.2,0.0
2153,TASK006467,Request,3/31/2021 11:20,Phone,Distribution List Modification Request,"Please modify the distribution list for the High Performance HPT Team. The distribution list email address is hpt@corporate.encon.com. Kindly add the following members to the list: alexander.wright@corporate.encon.com, amelia.nguyen@corporate.encon.com, maya.clark@corporate.encon.com. Please remove the following members from the list: joshua.lewis@corporate.encon.com, layla.green@corporate.encon.com, lucas.lewis@corporate.encon.com.",REQUEST,"Ward, Jacob",3/31/2021 16:18,Implemented the required changes and contacted the customer to let them know that the changes are complete,"Fortner, Lucas",1,17880.32,Distribution List,Distribution List Modification Request,Software/System: Distribution List ; Issue/Request: Distribution List Modification Request,EMAIL TEAM,7971,customer,Updated,0.2,0.0
2609,TASK006888,Request,3/31/2021 18:10,Phone,Distribution List Creation Request,"A customer has requested the creation of a new distribution list named 'Project Management Leads PML' with the email address pml.projects@corporate.encon.com. The team members to be added to this list include: Martinez, Elijah; Flores, Ella; Martinez, Daniel; Brown, Sophia; Sharma, Priya. The purpose for setting up this list is to facilitate better communication amongst the project management leads.",REQUEST,"Nelson, Eric",4/1/2021 4:37,Implemented the required changes and contacted the customer to let them know that the changes are complete,"Edwards, Jerry",1,37673.4,Distribution List,Distribution List Creation Request,Software/System: Distribution List ; Issue/Request: Distribution List Creation Request,EMAIL TEAM,7732,agent,Updated,0.2,0.0
6440,TASK006727,Request,3/31/2021 16:10,Phone,Shared Mailbox Creation Request,"Request to create a new shared mailbox for my team. The suggested name for the mailbox is 'Agricultural Services' with the email address agriculture@eeo.mpm.gov. Please add the following team members to the mailbox with 'first last' naming style: Aditya Joshi, Ethan Young, Sophia Brown, Nora Carter, Connor Allen, Abigail Adams. This mailbox will facilitate our team in managing and centralizing communications related to our agricultural projects. Thank you.",REQUEST,"Lindholm, Anders",4/1/2021 4:35,Implemented the required changes and contacted the customer to let them know that the changes are complete,"Rogers, Frank",1,44736.96,Shared Mailbox,Shared Mailbox Creation Request,Software/System: Shared Mailbox ; Issue/Request: Shared Mailbox Creation Request,EMAIL TEAM,7669,customer,Updated,0.2,0.0
7754,TASK006510,Request,3/31/2021 11:20,Phone,Teams Group Modification Request,"The customer has requested an update to the access rights for the 'Compliance Programs CEP' teams group. Specifically, they have asked for Logan Nelson and Lucas Lewis to be added to the group, and for Ava Walker to be removed. The group is associated with the email cep.compliance@corporate.encon.com. Please ensure these changes are made as per the customer's request.",REQUEST,"Walter, Denise",3/31/2021 20:57,Implemented the required changes and contacted the customer to let them know that the changes are complete,"Martinez, James",3,34625.89,Teams Group,Teams Group Modification Request,Software/System: Teams Group ; Issue/Request: Teams Group Modification Request,EMAIL TEAM,7999,agent,Closed,0.2,0.0
4595,TASK006742,Request,3/31/2021 16:10,Phone,Shared Mailbox Modification Request,"Please make the following changes to the shared mailbox for the Federal Security FSC Council (fsc.security@eeo.mpm.gov):

Add the following members:
- Martinez, Daniel
- Lopez, Charlotte
- Lewis, Lucas
- Reddy, Vikram

Remove the following members:
- Martinez, Elijah
- Carter, Ryan

Thank you for your assistance.",REQUEST,"Bailey, Olivia",4/1/2021 13:04,Implemented the required changes and contacted the customer to let them know that the changes are complete,"Villanueva, Elena",0,75273.29,Shared Mailbox,Shared Mailbox Modification Request,Software/System: Shared Mailbox ; Issue/Request: Shared Mailbox Modification Request,EMAIL TEAM,7967,customer,The issue has been resolved,0.2,0.0
2477,TASK006361,Request,3/31/2021 16:10,Phone,Shared Mailbox Modification Request,"The customer has requested updates to the members of a shared mailbox named 'Management in QCM'. Specifically, they want to add two new members, Isabella Garcia and Rohan Mehta, using the email address qcm.management@corporate.encon.com. Additionally, the customer has asked for the removal of Joshua Lewis from this same mailbox. They have requested confirmation once these changes have been implemented.",REQUEST,"Ramirez, Daniela",4/1/2021 8:53,Implemented the required changes and contacted the customer to let them know that the changes are complete,"Marshall, Brayden",3,60190.83,Shared Mailbox,Shared Mailbox Modification Request,Software/System: Shared Mailbox ; Issue/Request: Shared Mailbox Modification Request,EMAIL TEAM,7985,agent,Closed,0.2,0.0
6106,TASK006093,Request,3/31/2021 11:20,Phone,Teams Group Creation Request,"Please create a new Microsoft Teams group for our team. The desired name for the group should be 'High Performance HPT Team'. Additionally, set up a group email with the address hpt@corporate.encon.com. Currently, the group consists of the following member: Nisha Desai (nisha.desai). Thank you!",REQUEST,"Young, Michelle",4/1/2021 9:12,Implemented the required changes and contacted the customer to let them know that the changes are complete,"Foster, Craig",2,78727.9,Teams Group,Teams Group Creation Request,Software/System: Teams Group ; Issue/Request: Teams Group Creation Request,EMAIL TEAM,7684,customer,See worknotes,0.2,0.0
21965,TASK006293,Request,3/31/2021 11:27,Phone,Shared Mailbox Modification Request,"Please update the shared mailbox for 'Management in QCM' with the following modifications:

Add:
- Lopez, Charlotte
- Johnson, Emily

Remove:
- Joshi, Aditya
- Gonzalez, Emma

Email address for the mailbox is: qcm.management@corporate.encon.com.

Thank you.",REQUEST,"Wood, Jeffrey",3/31/2021 22:14,Implemented the required changes and contacted the customer to let them know that the changes are complete,"Fortner, Lucas",2,38839.62,Shared Mailbox,Shared Mailbox Modification Request,Software/System: Shared Mailbox ; Issue/Request: Shared Mailbox Modification Request,EMAIL TEAM,7979,customer,See worknotes,0.2,0.0
21498,TASK006311,Request,3/31/2021 11:20,Phone,Distribution List Creation Request,"Request to set up a new distribution list named 'Management for Crisis CMT' with the email address cmt.management@eeo.mpm.gov. Please include the following team members in the distribution list: John.Smith, Ella.Flores, Jessica.Brown, Sophia.Davis. This distribution list will be used for critical communications involving crisis management.",REQUEST,"Romero, Leonardo",3/31/2021 18:40,Implemented the required changes and contacted the customer to let them know that the changes are complete,"Edwards, Jerry",0,26446.05,Distribution List,Distribution List Creation Request,Software/System: Distribution List ; Issue/Request: Distribution List Creation Request,EMAIL TEAM,7705,agent,The issue has been resolved,0.2,0.0
10414,TASK006033,Request,3/31/2021 18:10,Phone,Distribution List Modification Request,"A request has been received to update the email distribution list for 'Global Partnerships' at partnerships@global.encon.com. The client has instructed us to add the following individuals to the list: David Jones, Andrew Hill, Nisha Desai, Rohan Mehta, and Aditya Joshi. Additionally, they have asked to have Matthew Harris removed from the list. The changes should be implemented as soon as possible.",REQUEST,"Ramos, Bryan",4/1/2021 8:17,Implemented the required changes and contacted the customer to let them know that the changes are complete,"Edwards, Jerry",3,50868.23,Distribution List,Distribution List Modification Request,Software/System: Distribution List ; Issue/Request: Distribution List Modification Request,EMAIL TEAM,7902,agent,Issue Resolved,0.2,0.0
19892,TASK006685,Request,3/31/2021 18:10,Phone,Teams Group Creation Request,"Requesting the creation of a new Teams group named 'Crisis Management' for our team with the dedicated email address crisis@eeo.mpm.gov. Please include the following team member in the group: Flores, Ella.",REQUEST,"Carter, Patricia",4/1/2021 12:42,Implemented the required changes and contacted the customer to let them know that the changes are complete,"Edwards, Jerry",2,66760.99,Teams Group,Teams Group Creation Request,Software/System: Teams Group ; Issue/Request: Teams Group Creation Request,EMAIL TEAM,7721,customer,No further action required,0.2,0.0
15438,TASK006317,Request,3/31/2021 11:20,Phone,Shared Mailbox Modification Request,"Please update the access for our team's shared mailbox 'Programs in TPP' with the email address tpp.programs@corporate.encon.com. Could you add Walker, Ava; Brown, Sophia; King, Mia; and Bhatia, Sneha to this mailbox, and remove Mitchell, Grace; Jones, David; and Wright, Alexander. Thank you.",REQUEST,"Ortiz, Theresa",3/31/2021 13:04,Implemented the required changes and contacted the customer to let them know that the changes are complete,"Edwards, Jerry",3,6277.35,Shared Mailbox,Shared Mailbox Modification Request,Software/System: Shared Mailbox ; Issue/Request: Shared Mailbox Modification Request,EMAIL TEAM,7869,customer,Issue Resolved,0.2,0.0
6151,TASK006685,Request,3/31/2021 11:27,Phone,Shared Mailbox Creation Request,"The customer has requested the setup of a new shared mailbox for their team, with the desired name 'Finance Team' and the associated email address as finance@corporate.encon.com. The request includes adding several team members to this new mailbox. These members are Harris, Aiden; Walker, Lila; Lopez, Charlotte; Johnson, Liam; Adams, Abigail; Green, Benjamin; Jones, Noah.",REQUEST,"Parker, Rachel",3/31/2021 12:29,Implemented the required changes and contacted the customer to let them know that the changes are complete,"Villanueva, Elena",3,3750.17,Shared Mailbox,Shared Mailbox Creation Request,Software/System: Shared Mailbox ; Issue/Request: Shared Mailbox Creation Request,EMAIL TEAM,7697,agent,The issue has been resolved,0.2,0.0
811,TASK006328,Request,3/31/2021 11:14,Phone,Shared Mailbox Modification Request,"The customer has requested an update to the access permissions for the shared mailbox associated with their team. The mailbox in question is titled ‘Finance Team,’ and its associated email is finance@corporate.encon.com. The specific changes required are as follows: Two members need to be added to this mailbox, namely olivia.clark@corporate.encon.com and ariana.scott@corporate.encon.com. Additionally, two members need to be removed, these being ananya.gupta@corporate.encon.com and nisha.desai@corporate.encon.com. The customer has requested that these updates be completed promptly and has asked for confirmation once the changes have been implemented.",REQUEST,"Edwards, Rachel",3/31/2021 11:33,Implemented the required changes and contacted the customer to let them know that the changes are complete,"Wood, John",2,1148.7,Shared Mailbox,Shared Mailbox Modification Request,Software/System: Shared Mailbox ; Issue/Request: Shared Mailbox Modification Request,EMAIL TEAM,7913,agent,Resolved,0.2,0.0
13791,TASK006027,Request,3/31/2021 11:14,Phone,Shared Mailbox Modification Request,"The customer requested an update to the permissions of the 'Diversity and Inclusion' shared mailbox, specifically the mailbox associated with the email address dei@corporate.encon.com. They have instructed us to add aditya.joshi@corporate.encon.com and to remove logan.nelson@corporate.encon.com from the mailbox permissions.",REQUEST,"Garcia, Linda",3/31/2021 14:41,Implemented the required changes and contacted the customer to let them know that the changes are complete,"Edwards, Jerry",1,12433.08,Shared Mailbox,Shared Mailbox Modification Request,Software/System: Shared Mailbox ; Issue/Request: Shared Mailbox Modification Request,EMAIL TEAM,7888,agent,Fixed,0.2,0.0
3620,TASK006870,Request,3/31/2021 16:10,Phone,Teams Group Modification Request,"Please update the Facilities Management Teams group. Add Ethan Young (Young, Ethan) to the group. His email is ethan.young@corporate.encon.com.",REQUEST,"Bailey, Irene",4/1/2021 11:47,Implemented the required changes and contacted the customer to let them know that the changes are complete,"Villanueva, Elena",2,70651.95,Teams Group,Teams Group Modification Request,Software/System: Teams Group ; Issue/Request: Teams Group Modification Request,EMAIL TEAM,8015,customer,Closed,0.2,0.0
18011,TASK006918,Request,3/31/2021 11:27,Phone,Distribution List Creation Request,Please create a new distribution list for our team named 'Environmental Taskforce EET'. The email address for this distribution list should be eet@eeo.mpm.gov. Add the following team members to this distribution list: Aarav.Singh and Evan.Flores. Please ensure that the distribution list is set up with the appropriate permissions so that only members can send emails to this group. Thank you.,REQUEST,"Alvarez, Julia",3/31/2021 19:20,Implemented the required changes and contacted the customer to let them know that the changes are complete,"Villanueva, Elena",2,28416.34,Distribution List,Distribution List Creation Request,Software/System: Distribution List ; Issue/Request: Distribution List Creation Request,EMAIL TEAM,7742,customer,No further action required,0.2,0.0
23370,TASK0034666,Request,1/5/2021 14:40,Phone,Workspace enhancement request for ergonomic chair and desk.,"As a remote employee, I recently completed an ergonomic assessment and it was recommended that I get an ergonomic chair and desk for health and safety reasons. I'm happy to report that this request has been approved, and I'm now reaching out to arrange the delivery with the external supplier. Could you please assist with the coordination of this delivery to ensure everything is set up as soon as possible?",ACCESS,"Richardson, Rose",1/5/2021 15:02,The request was for an ergonomic chair and desk to improve health and safety following an ergonomic assessment. The request was approved based on the findings of the assessment. Arrangements were made with an external supplier for the delivery of the items. The user has been informed of the approval and the scheduled delivery date.,"Robinson, Brian",0,22.69,Workspace Enhancement,Ergonomic Chair,Software/System: Ergonomic Chair ; Issue/Request: Workspace Enhancement,ASSET MANAGEMENT,323,customer,Fixed,0.6000000000000001,0.0
25989,INC0037774,Incident,1/22/2021 10:46,Email,"Computer is slow, impacting daily tasks.","My computer is acting sluggish and it's impacting my daily tasks. I looked into the system resources and usage, but I need help finding a solution. Can you please escalate this to the Hardware Support Team?",MALFUNCTION,"Diaz, Brandon",1/22/2021 11:10,The issue was caused by excessive background processes consuming system resources. Initial troubleshooting steps included: 1) Checking Task Manager for high CPU/RAM usage. Found several non-essential applications running. 2) Disabled startup programs using 'msconfig'. 3) Updated all software and drivers to the latest versions. 4) Ran a full system scan for malware using the company's antivirus software. 5) Cleaned up temporary files using 'Disk Cleanup'. The computer's performance improved significantly after these steps. The ticket does not need escalation to the Hardware Support Team as the issue was resolved.,"Bell, Camila",0,24.9,Slow computer performance,Computer,Software/System: Computer ; Issue/Request: Slow computer performance,DESKTOP SUPPORT,1872,customer,Updated verified finalized resolved.,0.9,0.0
2746,INC0039393,Incident,2/2/2021 8:56,Self-service,Severe slowdown in specialized accounting software affecting transaction processing.,"I'm from the finance department, and recently we've been experiencing a severe slowdown with our specialized accounting software. It's been really impacting our ability to process transactions quickly. We initially thought the problem might be due to database issues or maybe some kind of software corruption. But it turned out the main issue wasn't really the software itself. Instead, it was our outdated hardware that was causing the problem. Once we upgraded our hardware to better meet the software's requirements, we noticed a significant improvement in performance, which has really helped streamline our operations.",MALFUNCTION,"Taylor, Daisy",2/2/2021 9:38,"Issue: Finance department experienced a severe slowdown in their accounting software. Troubleshooting Steps: 1. Checked the database for any issues or potential corruption – no anomalies found. 2. Verified software integrity – no corruption detected. 3. Assessed the hardware specifications and found it to be outdated compared to the software's requirements. Resolution: Upgraded the hardware to meet the software's specifications, resulting in a significant improvement in performance. Finance department can now process transactions efficiently.","Cooper, Steven",3,42.81,Slowdown in accounting software,Specialized accounting software,Software/System: Specialized accounting software ; Issue/Request: Slowdown in accounting software,HARDWARE MAINTENANCE,2680,customer,The issue has been resolved,0.8,0.0
10406,INC0038951,Incident,1/29/2021 8:03,Email,User experiencing flickering monitor issue.,"I've been facing a major problem with my monitor which keeps flickering, making it impossible to work. Initially, I thought it might be a defect in the monitor itself, but it turned out that the screen refresh rate setting was incompatible. Once the settings were adjusted to match the monitor's specs, the flickering stopped. There was no need to replace any hardware after all.",CONFIGURATION,"Anderson, Joseph",1/29/2021 9:14,Issue resolved by adjusting the screen refresh rate settings to match the monitor's specifications. Initially suspected a display malfunction and considered replacing the monitor. Further investigation revealed incompatible refresh rate setting as the cause. Adjusted refresh rate and confirmed issue is resolved. User verified that the monitor is now functioning correctly.,"Nelson, Eva",0,71.64,Monitor flickering,Display Settings,Software/System: Display Settings ; Issue/Request: Monitor flickering,DESKTOP SUPPORT,2455,customer,Update recorded.,0.8,0.0
19029,INC0049045,Incident,3/31/2021 6:00,Chat,Erratic mouse behavior due to reflective surface,"An unusual complaint was lodged by a user who claimed their computer's mouse was 'running away' from them on the screen, refusing to click where intended. After ruling out hardware faults and software issues, the cause was identified as the user's new optical mouse being used on a highly reflective glass surface. Providing the user with a proper mouse pad resolved the erratic behavior, stabilizing the cursor movement.",MALFUNCTION,"Scott, Jonathan",3/31/2021 8:51,"The user reported that their mouse cursor was moving unexpectedly on the screen and not clicking where intended. Initial troubleshooting included verifying that the mouse hardware was functioning correctly and that the software drivers were up to date. Upon further investigation, it was discovered that the user was using a new optical mouse on a highly reflective glass surface. After advising the user to use a proper mouse pad, the erratic behavior was resolved and the cursor movement stabilized.","Hernandez, Juan",0,171.02,Mouse cursor behaving erratically,Mouse,Software/System: Mouse ; Issue/Request: Mouse cursor behaving erratically,DESKTOP SUPPORT,7498,agent,ISSUE RESOLVED,0.8,0.0
17625,INC0047895,Incident,3/24/2021 8:59,Phone,NexGen Storage system is experiencing slow performance.,"The customer has reported a performance issue with the NexGen Storage system, which is described as being slow while processing data. They have checked the hardware and found no visible problems. They are requesting assistance to diagnose and resolve this issue to improve performance.",MALFUNCTION,"Bell, Carol",3/25/2021 5:33,"Issue: The NexGen Storage system was reported to be slow, impacting data operations.                   Steps Taken:                  1. Performed an initial assessment to verify that there were no obvious hardware issues.                  2. Checked the system resource utilization including CPU, memory, and disk usage on the NexGen Storage system.                  3. Found that disk I/O was significantly high, which was causing the slowdown.                  4. Investigated background processes and found that scheduled maintenance jobs were running during business hours.                  5. Rescheduled the maintenance jobs to off-peak hours to reduce disk I/O during working hours.                  6. Monitored the system performance post-scheduling and confirmed improved response times.                  Resolution: Adjusted maintenance schedules and optimized background processes, resulting in restored normal performance levels of the NexGen Storage system. Future monitoring and adjustments recommended as needed.","Abbott, Ryder",1,1234.8,NexGen Storage Slow Performance Issue,NexGen Storage,Software/System: NexGen Storage ; Issue/Request: NexGen Storage Slow Performance Issue,DATA CENTER OPERATIONS,6912,agent,The issue has been resolved,0.9,0.0
4739,INC0037638,Incident,1/21/2021 14:16,Email,Computer mouse acting erratically on glass surface.,"My computer mouse was acting weird, it was like it had a mind of its own, moving around on its own and not clicking where I wanted it to. After checking, turns out the problem was with my new mouse, I was using it on a glass surface and that was causing some issues. Got a mouse pad and now it's working fine.",MALFUNCTION,"Miller, Michael",1/21/2021 14:20,"The user reported that their computer mouse was moving erratically and not clicking as intended. Upon investigation, it was determined that the issue was caused by using the mouse on a glass surface. Advised the user to use a mouse pad. The user confirmed that the mouse functionality was restored and the issue was resolved by using a mouse pad.","Price, Andrew",0,4.65,Mouse cursor behaving erratically,Mouse,Software/System: Mouse ; Issue/Request: Mouse cursor behaving erratically,DESKTOP SUPPORT,1804,customer,Issue Resolved,0.8,0.0
17803,INC0048016,Incident,3/24/2021 13:46,Self-service,Document scanner producing black images,"A user was perplexed by their document scanner producing only black images, rendering it useless for their needs. After attempting to troubleshoot common scanner issues without success, it was finally observed that the user had left the protective cover on the scanner glass, leading to the black images. Removing the cover immediately solved the problem, and the user was able to resume scanning documents normally.",MALFUNCTION,"Moore, Rachel",3/24/2021 15:40,"The user reported that their document scanner was producing only black images. Initial troubleshooting steps included checking the scanner connection, restarting the scanner and computer, and ensuring the scanner drivers were up to date. Upon further inspection, it was discovered that the protective cover was left on the scanner glass. Removing the protective cover resolved the issue, and the scanner started functioning normally. The user confirmed that they were able to resume scanning documents without any problems.","Campbell, Samantha",0,114.25,Document scanner producing only black images,Scanner,Software/System: Scanner ; Issue/Request: Document scanner producing only black images,DESKTOP SUPPORT,6977,agent,Provided finalized.,0.9,0.0
16554,INC0037638,Incident,1/21/2021 14:16,Email,Computer mouse acting erratically on glass surface.,"The customer reported an issue with the erratic behavior of their new computer mouse, mentioning that the cursor moved unpredictably and did not click as intended. Upon troubleshooting, the customer discovered that the issue was due to the mouse being used on a glass surface, which was causing tracking problems. The problem was resolved after the customer switched to using a mouse pad, which rectified the mouse's functionality.",MALFUNCTION,"Miller, Michael",1/21/2021 14:20,"The user reported that their computer mouse was moving erratically and not clicking as intended. Upon investigation, it was determined that the issue was caused by using the mouse on a glass surface. Advised the user to use a mouse pad. The user confirmed that the mouse functionality was restored and the issue was resolved by using a mouse pad.","Price, Andrew",0,4.65,Mouse cursor behaving erratically,Mouse,Software/System: Mouse ; Issue/Request: Mouse cursor behaving erratically,DESKTOP SUPPORT,1804,agent,No further action required,0.8,0.0
11691,INC0049045,Incident,3/31/2021 6:00,Chat,Erratic mouse behavior due to reflective surface,"I purchased a new optical mouse recently, and I've been having trouble with it. The cursor seems to 'run away' on the screen and won't click where I want it to. I've tried checking for any hardware or software problems, but everything seems in order. I am using it on a glass desk, so I wonder if that might be causing the issue.",MALFUNCTION,"Scott, Jonathan",3/31/2021 8:51,"The user reported that their mouse cursor was moving unexpectedly on the screen and not clicking where intended. Initial troubleshooting included verifying that the mouse hardware was functioning correctly and that the software drivers were up to date. Upon further investigation, it was discovered that the user was using a new optical mouse on a highly reflective glass surface. After advising the user to use a proper mouse pad, the erratic behavior was resolved and the cursor movement stabilized.","Hernandez, Juan",0,171.02,Mouse cursor behaving erratically,Mouse,Software/System: Mouse ; Issue/Request: Mouse cursor behaving erratically,DESKTOP SUPPORT,7498,customer,Fixed,0.8,0.0
11833,INC0039943,Incident,2/4/2021 10:57,Self-service,Monitor flickering on and off,"Having issues with my monitor flickering on and off, so I decided to contact support. They were considering replacing the monitor, but turns out the problem was with the screen refresh rate setting. They adjusted it to match the monitor's specs, and now the flickering is gone!",CONFIGURATION,"Alexander, Mia",2/4/2021 12:03,"The issue with the monitor flickering on and off was resolved by adjusting the screen refresh rate setting to match the monitor's specifications. Initially, potential hardware replacement was considered, but the problem was diagnosed to be related to configuration settings. Once the refresh rate was corrected, the flickering ceased.","Perez, Grace",0,66.18,Monitor flickering,Display Settings,Software/System: Display Settings ; Issue/Request: Monitor flickering,DESKTOP SUPPORT,2951,customer,Closed,0.8,0.0
5504,TASK0041730,Request,2/16/2021 7:15,Self-service,"PIV card stuck in ATM, unable to use.",Can't use my PIV card because it's stuck in the ATM.,MALFUNCTION,"Murphy, Jessica",2/16/2021 9:47,"Closed the ticket after troubleshooting and resolving the issue. Initial steps involved instructing the user to gently try to remove the card from the ATM slot. When this was unsuccessful, coordinated with the facilities team to access and physically retrieve the card safely from the ATM. Once the card was retrieved, advised the user to test the PIV card in the workstation card reader to ensure it was still functional. Confirmed that the card was working correctly and user had access restored. Additionally, inspected the ATM for any defects that may cause future occurrences and reported findings to the maintenance team for further handling.","Hamilton, Elijah",0,152.37,PIV Exemption,PIV,Software/System: PIV; Issue/Request: PIV Exemption,HARDWARE MAINTENANCE,3836,customer,Resolved,0.8,0.0
11771,INC0036041,Incident,1/13/2021 9:22,Email,Office lights turn off frequently due to motion sensor settings,"In a twist of events, a user who was working late into the night reported that their office lights would turn off every few minutes, requiring them to manually turn them back on. Initially confused, the IT team eventually realized the issue was with the building's energy-saving motion sensors, which were not detecting the user's presence due to their minimal movement while focused on their work. A temporary adjustment to the sensor settings allowed the user to work in peace until a more permanent solution could be implemented.",CONFIGURATION,"Hall, Deborah",1/13/2021 9:58,"User reported that office lights would turn off every few minutes. Investigated and identified the issue as the building's energy-saving motion sensors not detecting the user's minimal movement during late-night work. Temporarily adjusted the motion sensor settings to increase sensitivity and timer duration. Advised user to contact building management for a permanent solution. Issue resolved for the time being, user satisfied.","Turner, Megan",1,36.73,Office lights turning off unexpectedly,Building's energy-saving motion sensors,Software/System: Building's energy-saving motion sensors ; Issue/Request: Office lights turning off unexpectedly,BUILDING 01 SUPPORT,1011,agent,Software Installed,0.8,0.0
10207,TASK0047213,Request,3/18/2021 15:14,Chat,"PIV card QR code not scanning, requesting an exemption to get a new one",The customer reports that the QR code on their PIV card is unable to scan. They are requesting a 1-day exemption to secure a replacement. They have confirmed their identity via SMS verification and mention that their login functionality is unaffected.,MALFUNCTION,"Stewart, Samantha",3/18/2021 16:27,"Issue: User reported that their PIV card's QR code was not scanning and requested a 1-day exemption to obtain a new card. Troubleshooting Steps: 1. Verified that the QR code scanner is functioning properly by testing with a different QR code. Scanner confirmed working. 2. Checked the PIV card for any visible damage or obstructions on the QR code; none found. 3. Ensured that the scanning application or device software is up to date. 4. Recommended the user clean the QR code and scanner surface. 5. Confirmed that the user's identity and access still remained intact through SMS verification and login checks. Resolution: Granted a 1-day exemption for the user to obtain a new PIV card. User successfully issued a new PIV card, and the QR code scanning issue is resolved. Ticket closed.","Adams, Joseph",0,74.0,PIV Exemption,PIV,Software/System: PIV; Issue/Request: PIV Exemption,USER ACCESS MANAGEMENT,6555,agent,No further action required,0.9,0.0
12326,TASK0041730,Request,2/16/2021 7:15,Self-service,"PIV card stuck in ATM, unable to use.",The customer has reported an issue where their PIV card is currently stuck in an ATM and they are unable to retrieve it.,MALFUNCTION,"Murphy, Jessica",2/16/2021 9:47,"Closed the ticket after troubleshooting and resolving the issue. Initial steps involved instructing the user to gently try to remove the card from the ATM slot. When this was unsuccessful, coordinated with the facilities team to access and physically retrieve the card safely from the ATM. Once the card was retrieved, advised the user to test the PIV card in the workstation card reader to ensure it was still functional. Confirmed that the card was working correctly and user had access restored. Additionally, inspected the ATM for any defects that may cause future occurrences and reported findings to the maintenance team for further handling.","Hamilton, Elijah",0,152.37,PIV Exemption,PIV,Software/System: PIV; Issue/Request: PIV Exemption,HARDWARE MAINTENANCE,3836,agent,Closed,0.8,0.0
5762,TASK0041237,Request,2/12/2021 8:14,Phone,User requires a replacement RSA Token after the original was damaged.,"The customer reported that their RSA Token was accidentally washed along with their clothes, rendering it non-functional. They have successfully passed the biometric verification process and require issuance of a new RSA Token.",REPLACEMENT,"King, Megan",2/12/2021 9:32,The user reported that their RSA Token was damaged after being accidentally washed with clothes. Verified the user's identity through the biometric process. Provided the user with a new RSA Token. The user was instructed on how to activate the new token and confirm it was working correctly. User confirmed successful operation of the new RSA Token.,"Watson, Samuel",1,78.53,RSA Token Request,RSA Token,Software/System: RSA Token; Issue/Request: RSA Token Request,USER ACCESS MANAGEMENT,3582,agent,No further action required,0.8,0.0
22027,INC0039943,Incident,2/4/2021 10:57,Self-service,Monitor flickering on and off,"The customer reported an issue with their monitor flickering on and off. Initially, it was suspected that the monitor might need to be replaced. However, upon further examination, we found that the issue was related to the screen refresh rate settings. We adjusted these settings to match the monitor's specifications, which resolved the flickering issue successfully.",CONFIGURATION,"Alexander, Mia",2/4/2021 12:03,"The issue with the monitor flickering on and off was resolved by adjusting the screen refresh rate setting to match the monitor's specifications. Initially, potential hardware replacement was considered, but the problem was diagnosed to be related to configuration settings. Once the refresh rate was corrected, the flickering ceased.","Perez, Grace",0,66.18,Monitor flickering,Display Settings,Software/System: Display Settings ; Issue/Request: Monitor flickering,DESKTOP SUPPORT,2951,agent,Issue Resolved,0.8,0.0
320,INC0037774,Incident,1/22/2021 10:46,Email,"Computer is slow, impacting daily tasks.","The customer reports that their computer is performing sluggishly, affecting their daily tasks. They have checked the system resources and usage but require assistance in resolving the issue. They have requested that this issue be escalated to the Hardware Support Team for further investigation.",MALFUNCTION,"Diaz, Brandon",1/22/2021 11:10,The issue was caused by excessive background processes consuming system resources. Initial troubleshooting steps included: 1) Checking Task Manager for high CPU/RAM usage. Found several non-essential applications running. 2) Disabled startup programs using 'msconfig'. 3) Updated all software and drivers to the latest versions. 4) Ran a full system scan for malware using the company's antivirus software. 5) Cleaned up temporary files using 'Disk Cleanup'. The computer's performance improved significantly after these steps. The ticket does not need escalation to the Hardware Support Team as the issue was resolved.,"Bell, Camila",0,24.9,Slow computer performance,Computer,Software/System: Computer ; Issue/Request: Slow computer performance,DESKTOP SUPPORT,1872,agent,No further action required,0.8,0.0
17027,INC0048016,Incident,3/24/2021 13:46,Self-service,Document scanner producing black images,"I was trying to use my document scanner, but all it produced were black images, which was very frustrating. I tried fixing common issues by myself but nothing worked. Finally, I realized I had left the protective cover on the scanner's glass. Once I removed it, the scanner started working properly again, and I could scan my documents as usual.",MALFUNCTION,"Moore, Rachel",3/24/2021 15:40,"The user reported that their document scanner was producing only black images. Initial troubleshooting steps included checking the scanner connection, restarting the scanner and computer, and ensuring the scanner drivers were up to date. Upon further inspection, it was discovered that the protective cover was left on the scanner glass. Removing the protective cover resolved the issue, and the scanner started functioning normally. The user confirmed that they were able to resume scanning documents without any problems.","Campbell, Samantha",0,114.25,Document scanner producing only black images,Scanner,Software/System: Scanner ; Issue/Request: Document scanner producing only black images,DESKTOP SUPPORT,6977,customer,See worknotes,0.8,0.0
3540,TASK0047213,Request,3/18/2021 15:14,Chat,"PIV card QR code not scanning, requesting an exemption to get a new one","My PIV card's QR code won't scan, so I'm requesting a 1-day exemption to get a new one. Verified through SMS if that helps, and I can still log in fine.",MALFUNCTION,"Stewart, Samantha",3/18/2021 16:27,"Issue: User reported that their PIV card's QR code was not scanning and requested a 1-day exemption to obtain a new card. Troubleshooting Steps: 1. Verified that the QR code scanner is functioning properly by testing with a different QR code. Scanner confirmed working. 2. Checked the PIV card for any visible damage or obstructions on the QR code; none found. 3. Ensured that the scanning application or device software is up to date. 4. Recommended the user clean the QR code and scanner surface. 5. Confirmed that the user's identity and access still remained intact through SMS verification and login checks. Resolution: Granted a 1-day exemption for the user to obtain a new PIV card. User successfully issued a new PIV card, and the QR code scanning issue is resolved. Ticket closed.","Adams, Joseph",0,74.0,PIV Exemption,PIV,Software/System: PIV; Issue/Request: PIV Exemption,USER ACCESS MANAGEMENT,6555,customer,Fixed,0.9,0.0
6607,INC0047939,Incident,3/24/2021 10:24,Self-service,User's computer suddenly stopped producing any sound.,"I was using my computer when suddenly it stopped producing any sounds. I thought it might be a hardware issue, so I checked the device drivers and audio settings, but everything seemed fine. Later, during a screen share with your team, it was discovered that I had accidentally pressed the mute function key on my keyboard, which turned off all the audio. Once I unmuted it, the sound came back, and I was both embarrassed and relieved. Please let me know if there's anything else I need to check to avoid this in the future.",CONFIGURATION,"Green, Jason",3/24/2021 19:54,"Issue was resolved by unmuting the computer using the keyboard's mute function key. Initial troubleshooting steps included checking device drivers and audio settings, all of which appeared normal. During a screen share session with the user, it was discovered that the mute function key on the keyboard had been accidentally pressed, silencing all audio. Unmuting the function key restored sound successfully.","Nelson, Eva",4,570.05,Computer unable to play any sounds,Computer,Software/System: Computer ; Issue/Request: Computer unable to play any sounds,DESKTOP SUPPORT,6933,customer,Issue Resolved,0.8,0.0
850,INC0046304,Incident,3/13/2021 6:08,Self-service,NexGen Storage crashes when attempting to save files.,"Hi, we keep having trouble with the NexGen Storage crashing whenever we attempt to save files. I checked the error logs but couldn't find a solution. I have informed the software maintenance team about this issue.",MALFUNCTION,"Bailey, Lauren",3/13/2021 12:22,"Issue resolved by performing the following steps: 1. Verified the storage system's capacity to ensure there was sufficient space. 2. Restarted the NexGen Storage system to reset any potential temporary errors. 3. Checked for any pending software updates and applied them to ensure the system was running the latest version. 4. Reviewed the error logs to identify any specific error messages related to the crashes. Found entries pointing to a corrupted configuration file. 5. Restored the configuration file from a recent backup, which resolved the issue. Monitored the system post-restoration to confirm stability. No further crashes observed. Advised the user to inform us immediately if the issue reoccurs.","Ortega, Luis",1,374.44,NexGen Storage Crashing When Saving Files,NexGen Storage,Software/System: NexGen Storage ; Issue/Request: NexGen Storage Crashing When Saving Files,DATA CENTER OPERATIONS,6102,customer,Software Installed,0.9,0.0
26546,TASK0047053,Request,3/18/2021 10:20,Phone,Request for ergonomic chair and desk approved and scheduled for delivery,"Hi, I am a remote employee and I recently put in a request for a workspace enhancement. I needed an ergonomic chair and desk for health and safety reasons. The request got approved after an ergonomic assessment was completed. The delivery date has been scheduled with an external supplier. Thank you!",INSTALLATION,"Thompson, Emily",3/18/2021 17:51,The request for an ergonomic chair and desk was approved following an ergonomic assessment. The delivery has been scheduled with an external supplier. No further action is needed at this time as the process from request to delivery has been properly handled and completed.,"Baker, Mason",0,451.44,Workspace Enhancement,Ergonomic Chair,Software/System: Ergonomic Chair ; Issue/Request: Workspace Enhancement,DEVICE PROVISIONING,6479,customer,Fixed,0.4,0.0
14421,INC0046304,Incident,3/13/2021 6:08,Self-service,NexGen Storage crashes when attempting to save files.,"The customer has reported an issue with the NexGen Storage system, which crashes during attempts to save files. They have checked the error logs but were unable to resolve the problem. They have also notified their software maintenance team regarding this issue.",MALFUNCTION,"Bailey, Lauren",3/13/2021 12:22,"Issue resolved by performing the following steps: 1. Verified the storage system's capacity to ensure there was sufficient space. 2. Restarted the NexGen Storage system to reset any potential temporary errors. 3. Checked for any pending software updates and applied them to ensure the system was running the latest version. 4. Reviewed the error logs to identify any specific error messages related to the crashes. Found entries pointing to a corrupted configuration file. 5. Restored the configuration file from a recent backup, which resolved the issue. Monitored the system post-restoration to confirm stability. No further crashes observed. Advised the user to inform us immediately if the issue reoccurs.","Ortega, Luis",1,374.44,NexGen Storage Crashing When Saving Files,NexGen Storage,Software/System: NexGen Storage ; Issue/Request: NexGen Storage Crashing When Saving Files,DATA CENTER OPERATIONS,6102,agent,The issue has been resolved,0.9,0.0
1623,INC0037180,Incident,1/19/2021 15:37,Email,Third floor printer jamming and not completing print jobs,"I've been trying to print from the third-floor printer, but it keeps jamming and won't complete my print jobs. I checked the printer myself and found some jammed paper which I removed. I even tried updating the printer's firmware and performed a maintenance check but still had the same issue. I saw there was an out-of-order sign placed on it. Can you confirm when this will be fixed?",MALFUNCTION,"Martin, Nancy",1/19/2021 23:34,"Inspected the printer on the third floor which was reported to be jamming and failing to complete print jobs. Removed the jammed paper and performed a thorough maintenance check. Updated the printer firmware to the latest version to ensure smooth operation. Placed an out-of-order sign on the printer until we can confirm it is fixed, and advised users to use an alternative printer for the time being. Continued monitoring for any recurring issues.","Hernandez, Matthew",1,477.01,Printer jamming and not completing print jobs,Printer,Software/System: Printer ; Issue/Request: Printer jamming and not completing print jobs,HARDWARE MAINTENANCE,1570,customer,Issue Resolved,0.8,0.0
18532,INC0036041,Incident,1/13/2021 9:22,Email,Office lights turn off frequently due to motion sensor settings,"I was working late last night when I encountered a frustrating issue with the office lights. They kept turning off every few minutes, forcing me to get up and manually turn them on each time. After struggling with this for a while, I reached out to IT for help. It turns out that the building’s motion sensors, aimed at energy conservation, weren't detecting my presence because I wasn't moving much while concentrating on my work. The IT team made a temporary adjustment to the sensor settings, which helped resolve the issue for the time being. I was able to work without further interruptions, but I believe a more permanent solution is needed to avoid this happening in the future.",CONFIGURATION,"Hall, Deborah",1/13/2021 9:58,"User reported that office lights would turn off every few minutes. Investigated and identified the issue as the building's energy-saving motion sensors not detecting the user's minimal movement during late-night work. Temporarily adjusted the motion sensor settings to increase sensitivity and timer duration. Advised user to contact building management for a permanent solution. Issue resolved for the time being, user satisfied.","Turner, Megan",1,36.73,Office lights turning off unexpectedly,Building's energy-saving motion sensors,Software/System: Building's energy-saving motion sensors ; Issue/Request: Office lights turning off unexpectedly,BUILDING 01 SUPPORT,1011,customer,Resolved,0.8,0.0
23887,TASK0041237,Request,2/12/2021 8:14,Phone,User requires a replacement RSA Token after the original was damaged.,I accidentally washed my RSA Token with my clothes. I need a new one. I passed the biometric process and got a new token.,REPLACEMENT,"King, Megan",2/12/2021 9:32,The user reported that their RSA Token was damaged after being accidentally washed with clothes. Verified the user's identity through the biometric process. Provided the user with a new RSA Token. The user was instructed on how to activate the new token and confirm it was working correctly. User confirmed successful operation of the new RSA Token.,"Watson, Samuel",1,78.53,RSA Token Request,RSA Token,Software/System: RSA Token; Issue/Request: RSA Token Request,USER ACCESS MANAGEMENT,3582,customer,All set.,0.8,0.0
2679,INC0039052,Incident,1/29/2021 12:19,Email,Severe slowdown in accounting software affecting transaction processing,"As a member of the finance department, I have experienced a severe slowdown in the performance of our specialized accounting software. This issue has greatly affected our ability to process transactions efficiently. Initially, I suspected that there might be problems with the database or that the software itself might be corrupted. However, it turned out that the real problem was related to the outdated hardware on which the software was running. Once the hardware was upgraded to meet the software's requirements, there was a significant improvement in performance, which helped streamline our operations.",CONFIGURATION,"Sanchez, Alejandro",1/29/2021 19:30,"The issue reported by the finance department involved a significant slowdown in their accounting software. Initial investigations considered database issues or potential software corruption. After thorough troubleshooting, it was identified that the underlying cause was outdated hardware that did not meet the software's performance requirements. The resolution involved upgrading the hardware to ensure compatibility and optimal performance, leading to a marked improvement in software speed and a resumption of smooth departmental operations.","Lopez, Sofia",0,431.52,Slowdown in accounting software,Specialized accounting software,Software/System: Specialized accounting software ; Issue/Request: Slowdown in accounting software,HARDWARE MAINTENANCE,2511,customer,Resolved,0.7000000000000001,0.0
23494,INC0039393,Incident,2/2/2021 8:56,Self-service,Severe slowdown in specialized accounting software affecting transaction processing.,"The finance department reported a severe slowdown in their specialized accounting software, affecting their ability to process transactions efficiently. Initial thoughts were on database issues or software corruption. However, the real issue was less about the software and more about the outdated hardware it was running on. Upgrading the hardware to meet the software's requirements led to a significant performance improvement, streamlining the department's operations.",MALFUNCTION,"Taylor, Daisy",2/2/2021 9:38,"Issue: Finance department experienced a severe slowdown in their accounting software. Troubleshooting Steps: 1. Checked the database for any issues or potential corruption – no anomalies found. 2. Verified software integrity – no corruption detected. 3. Assessed the hardware specifications and found it to be outdated compared to the software's requirements. Resolution: Upgraded the hardware to meet the software's specifications, resulting in a significant improvement in performance. Finance department can now process transactions efficiently.","Cooper, Steven",3,42.81,Slowdown in accounting software,Specialized accounting software,Software/System: Specialized accounting software ; Issue/Request: Slowdown in accounting software,HARDWARE MAINTENANCE,2680,agent,Fixed,0.8,0.0
16085,INC0039052,Incident,1/29/2021 12:19,Email,Severe slowdown in accounting software affecting transaction processing,"The finance department reported a severe slowdown in their specialized accounting software, affecting their ability to process transactions efficiently. Initial thoughts were on database issues or software corruption. However, the real issue was less about the software and more about the outdated hardware it was running on. Upgrading the hardware to meet the software's requirements led to a significant performance improvement, streamlining the department's operations.",CONFIGURATION,"Sanchez, Alejandro",1/29/2021 19:30,"The issue reported by the finance department involved a significant slowdown in their accounting software. Initial investigations considered database issues or potential software corruption. After thorough troubleshooting, it was identified that the underlying cause was outdated hardware that did not meet the software's performance requirements. The resolution involved upgrading the hardware to ensure compatibility and optimal performance, leading to a marked improvement in software speed and a resumption of smooth departmental operations.","Lopez, Sofia",0,431.52,Slowdown in accounting software,Specialized accounting software,Software/System: Specialized accounting software ; Issue/Request: Slowdown in accounting software,HARDWARE MAINTENANCE,2511,agent,Noted no no ok.,0.7000000000000001,0.0
19548,TASK0047053,Request,3/18/2021 10:20,Phone,Request for ergonomic chair and desk approved and scheduled for delivery,The customer has confirmed that they are a remote employee who submitted a workspace enhancement request for an ergonomic chair and desk due to health and safety considerations. This request was approved following an ergonomic assessment. The delivery date has now been scheduled with an external vendor.,INSTALLATION,"Thompson, Emily",3/18/2021 17:51,The request for an ergonomic chair and desk was approved following an ergonomic assessment. The delivery has been scheduled with an external supplier. No further action is needed at this time as the process from request to delivery has been properly handled and completed.,"Baker, Mason",0,451.44,Workspace Enhancement,Ergonomic Chair,Software/System: Ergonomic Chair ; Issue/Request: Workspace Enhancement,DEVICE PROVISIONING,6479,agent,Software Installed,0.3,0.0
5852,TASK0034666,Request,1/5/2021 14:40,Phone,Workspace enhancement request for ergonomic chair and desk.,"Workspace Enhancement Request
User: Remote Employee
Item: Ergonomic Chair and Desk
Reason: Health and safety - ergonomic assessment completed
Approval Status: Approved following ergonomic assessment
Delivery Date: Arranged with external supplier",ACCESS,"Richardson, Rose",1/5/2021 15:02,The request was for an ergonomic chair and desk to improve health and safety following an ergonomic assessment. The request was approved based on the findings of the assessment. Arrangements were made with an external supplier for the delivery of the items. The user has been informed of the approval and the scheduled delivery date.,"Robinson, Brian",0,22.69,Workspace Enhancement,Ergonomic Chair,Software/System: Ergonomic Chair ; Issue/Request: Workspace Enhancement,ASSET MANAGEMENT,323,agent,Issue Resolved,0.6000000000000001,0.0
16007,TASK0049201,Request,3/31/2021 13:55,Self-service,Request for expanded storage on V:\R&D\Development drive,Team requests expanded storage on shared drive V:\R&D\Development as they are nearing capacity with current projects. Assessing current usage and potential for expansion.,CONFIGURATION,"Phillips, Kimberly",3/31/2021 18:11,"Resolved the issue by expanding the storage capacity of the V:\R&D\Development shared drive. First, verified the current usage and confirmed the need for additional space. Followed by ensuring no critical files were at risk, and then proceeded with the expansion of the allocated storage. Updated the team about the changes, confirmed the successful increase, and additionally provided them with guidelines for efficient storage practices to delay future space issues.","Turner, Megan",0,256.1,Storage Expansion Request on Shared Drive,Shared Drive,Software/System: Shared Drive ; Issue/Request: Storage Expansion Request on Shared Drive,DATA CENTER OPERATIONS,7580,agent,Fixed,0.8,0.0
11887,INC0038951,Incident,1/29/2021 8:03,Email,User experiencing flickering monitor issue.,"A user contacted support, frustrated with a 'flickering' monitor that was making work difficult. The team initially suspected a display issue and considered replacing the monitor. However, further investigation revealed that the 'flickering' was due to an incompatible screen refresh rate setting. Adjusting the refresh rate settings to match the monitor's specifications fixed the flickering issue without the need for hardware replacement.",CONFIGURATION,"Anderson, Joseph",1/29/2021 9:14,Issue resolved by adjusting the screen refresh rate settings to match the monitor's specifications. Initially suspected a display malfunction and considered replacing the monitor. Further investigation revealed incompatible refresh rate setting as the cause. Adjusted refresh rate and confirmed issue is resolved. User verified that the monitor is now functioning correctly.,"Nelson, Eva",0,71.64,Monitor flickering,Display Settings,Software/System: Display Settings ; Issue/Request: Monitor flickering,DESKTOP SUPPORT,2455,agent,ISSUE RESOLVED,0.8,0.0
12835,TASK0049201,Request,3/31/2021 13:55,Self-service,Request for expanded storage on V:\R&D\Development drive,"Hi there, I'm sending this request on behalf of our team. We've been working on several projects, and we are running out of space on our shared drive, specifically in the V:\R&D\Development folder. Could you please look into the possibility of expanding our storage capacity or recommend another solution? Thank you!",CONFIGURATION,"Phillips, Kimberly",3/31/2021 18:11,"Resolved the issue by expanding the storage capacity of the V:\R&D\Development shared drive. First, verified the current usage and confirmed the need for additional space. Followed by ensuring no critical files were at risk, and then proceeded with the expansion of the allocated storage. Updated the team about the changes, confirmed the successful increase, and additionally provided them with guidelines for efficient storage practices to delay future space issues.","Turner, Megan",0,256.1,Storage Expansion Request on Shared Drive,Shared Drive,Software/System: Shared Drive ; Issue/Request: Storage Expansion Request on Shared Drive,DATA CENTER OPERATIONS,7580,customer,Outcome confirmed.,0.8,0.0
5218,INC0037180,Incident,1/19/2021 15:37,Email,Third floor printer jamming and not completing print jobs,Printer on the third floor is jamming and not completing any print jobs. Inspected printer and removed jammed paper. Performed a maintenance check and updated printer firmware. Placed an out-of-order sign until confirmed fixed.,MALFUNCTION,"Martin, Nancy",1/19/2021 23:34,"Inspected the printer on the third floor which was reported to be jamming and failing to complete print jobs. Removed the jammed paper and performed a thorough maintenance check. Updated the printer firmware to the latest version to ensure smooth operation. Placed an out-of-order sign on the printer until we can confirm it is fixed, and advised users to use an alternative printer for the time being. Continued monitoring for any recurring issues.","Hernandez, Matthew",1,477.01,Printer jamming and not completing print jobs,Printer,Software/System: Printer ; Issue/Request: Printer jamming and not completing print jobs,HARDWARE MAINTENANCE,1570,agent,Software Installed,0.8,0.0
10555,INC0047939,Incident,3/24/2021 10:24,Self-service,User's computer suddenly stopped producing any sound.,"A curious case began with a user reporting that their computer had suddenly 'gone silent', unable to play any sounds. Initial thoughts of a hardware failure led to checking device drivers and audio settings, all of which appeared normal. The mystery deepened until it was discovered during a screen share that the user had accidentally pressed the mute function key on their keyboard, silencing all audio. Unmuting restored the computer's sound, much to the user's embarrassment and relief.",CONFIGURATION,"Green, Jason",3/24/2021 19:54,"Issue was resolved by unmuting the computer using the keyboard's mute function key. Initial troubleshooting steps included checking device drivers and audio settings, all of which appeared normal. During a screen share session with the user, it was discovered that the mute function key on the keyboard had been accidentally pressed, silencing all audio. Unmuting the function key restored sound successfully.","Nelson, Eva",4,570.05,Computer unable to play any sounds,Computer,Software/System: Computer ; Issue/Request: Computer unable to play any sounds,DESKTOP SUPPORT,6933,agent,Issue resolved,0.8,0.0
18257,INC0047895,Incident,3/24/2021 8:59,Phone,NexGen Storage system is experiencing slow performance.,"I've been having trouble with the NexGen Storage system. It's really slow when I'm working with data, making everything take forever. I checked the system to see if it was a problem with the hardware, but everything seems fine. Can you please look into this and get it fixed?",MALFUNCTION,"Bell, Carol",3/25/2021 5:33,"Issue: The NexGen Storage system was reported to be slow, impacting data operations.                   Steps Taken:                  1. Performed an initial assessment to verify that there were no obvious hardware issues.                  2. Checked the system resource utilization including CPU, memory, and disk usage on the NexGen Storage system.                  3. Found that disk I/O was significantly high, which was causing the slowdown.                  4. Investigated background processes and found that scheduled maintenance jobs were running during business hours.                  5. Rescheduled the maintenance jobs to off-peak hours to reduce disk I/O during working hours.                  6. Monitored the system performance post-scheduling and confirmed improved response times.                  Resolution: Adjusted maintenance schedules and optimized background processes, resulting in restored normal performance levels of the NexGen Storage system. Future monitoring and adjustments recommended as needed.","Abbott, Ryder",1,1234.8,NexGen Storage Slow Performance Issue,NexGen Storage,Software/System: NexGen Storage ; Issue/Request: NexGen Storage Slow Performance Issue,DATA CENTER OPERATIONS,6912,customer,The issue has been resolved,0.9,0.0
9735,INC0039707,Incident,2/3/2021 10:59,Self-service,Error 404: File Not Found when accessing document system,"Whenever I try to access files from the document system, it gives me an 'Error 404: File Not Found' error. This is affecting multiple departments, not just mine.",ERROR,"Price, Barbara",2/3/2021 11:53,"Issue related to receiving 'Error 404: File Not Found' when accessing files from the document system across multiple departments. Troubleshooting steps taken include: 1. Verified user permissions and access rights; confirmed no changes in permissions.2. Checked server and network connectivity to ensure there's no downtime affecting the document system; no connectivity issues found.3. Reviewed document system's application logs for potential issues; identified recent configuration change on the document server.4. Rolled back the recent configuration change, and performed a system reboot.5. Retested access to the document files; users were able to access files successfully without encountering Error 404.Issue resolved after rolling back the configuration change and rebooting the system.","Rogers, Frank",4,54.38,Document Management System Error 404,Document Management System,Software/System: Document Management System ; Issue/Request: Document Management System Error 404,DOCUMENT SYSTEM SUPPORT,2837,customer,The issue has been resolved,0.9,0.0
401,INC0043425,Incident,2/25/2021 9:33,Chat,Slow response times with AWS during data processing tasks,I've been experiencing frustratingly slow response times while performing data processing tasks on Amazon Web Services (AWS). I already checked my system to make sure it’s not a hardware issue on my end. Can you help me figure this out and possibly escalate it to your Performance Optimization Team?,CONFIGURATION,"Rogers, Jordan",2/25/2021 11:47,"Investigated performance issues with AWS as reported by the user. Initially ruled out hardware limitations after conducting preliminary system checks. Proceeded to analyze the AWS environment configuration and identified several potential optimization opportunities. Adjusted instance types and optimized resource allocation which improved the performance. Conducted further tests to confirm the resolution of the issue. Performance returned to normal levels, and the user confirmed the resolution.","Perez, Grace",0,134.59,Amazon Web Services (AWS) Slow Performance Issue,Amazon Web Services (AWS),Software/System: Amazon Web Services (AWS) ; Issue/Request: Amazon Web Services (AWS) Slow Performance Issue,CLOUD INFRASTRUCTURE,4677,customer,Outcome confirmed.,0.7000000000000001,0.0
7836,INC0035409,Incident,1/8/2021 13:30,Phone,Internet connection intermittently dropping during work hours.,"The customer reports intermittent internet connectivity during work hours, which persists even after updating network drivers as per previous recommendations. They have also repositioned closer to the Wi-Fi router to improve signal strength. The possibility of deploying a Wi-Fi extender has been discussed if the current measures do not resolve the issue.",MALFUNCTION,"Ellis, Veronica",1/8/2021 14:33,"The issue was troubleshooted by verifying the network settings and updating the network drivers. The user was advised to move closer to the Wi-Fi router to strengthen the signal. After these steps, the connection stabilized. The user is satisfied with the resolution but informed that should the problem reoccur, provisions for a Wi-Fi extender will be considered.","Nelson, Eva",1,63.53,Intermittent internet disconnections,Internet,Software/System: Internet ; Issue/Request: Intermittent internet disconnections,NETWORK TEAM,690,agent,No further action required,0.5,0.0
10331,INC0036466,Incident,1/14/2021 15:50,Email,Printer not connecting to the network,Having trouble getting my printer to connect to the network. Tried checking settings but no luck. Requesting assistance from the Network Infrastructure Team.,MALFUNCTION,"Lane, Stella",1/14/2021 17:50,"Issue resolved. The following steps were taken to resolve the printer connectivity issue: 1) Verified that the printer is powered on and properly connected to the network. 2) Checked the network settings on the printer to ensure they were configured correctly. Noticed the IP address was not assigned. 3) Restarted the printer to reset the connection. Still no network connection. 4) Updated the printer's firmware to the latest version available. 5) Temporarily disabled the firewall on the computer and the router to rule out any blocking issues. 6) Re-ran the printer's network setup wizard, which successfully connected to the network this time. 7) Re-enabled the firewall on both the computer and router. Confirmed that the printer was now visible and accessible on the network. User verified that they could print via the network. Issue fully resolved.","Harris, Nicole",0,120.14,Printer not connecting to the network,Network Infrastructure,Software/System: Network Infrastructure ; Issue/Request: Printer not connecting to the network,NETWORK TEAM,1222,customer,See worknotes,0.9,0.0
6905,INC0045560,Incident,3/10/2021 8:07,Chat,Performance slowdown in Microsoft Azure during data-intensive operations,"There seems to be a slowdown in Microsoft Azure's performance, particularly when processing data-intensive operations. I've verified that there are no issues with the hardware. Could you please involve the Performance Optimization Team to look into this matter?",CONFIGURATION,"Hughes, Evelyn",3/10/2021 12:36,"Troubleshooting steps taken: 1. Verified that there are no issues with the hardware. 2. Checked the Azure service health dashboard, and no outages or issues were reported in the region. 3. Monitored the resource usage on Azure VMs and found that CPU and memory usage were within normal limits. 4. Identified a high number of IOPS during data-intensive operations. Adjusted the IOPS limits to better accommodate the workload. 5. Enabled Azure Performance Diagnostics to gather more detailed insights. After these steps, the performance of data-intensive operations improved significantly. No further action required at this time.","Campbell, Samantha",0,269.6,Microsoft Azure Slow Performance Issue,Microsoft Azure,Software/System: Microsoft Azure ; Issue/Request: Microsoft Azure Slow Performance Issue,CLOUD INFRASTRUCTURE,5733,customer,No further action required,0.8,0.0
9466,INC0043320,Incident,2/24/2021 14:15,Email,Emails from company domain marked as spam,"A peculiar issue was reported where emails sent from the company domain to external addresses were being marked as spam. The problem had a wide impact, affecting communication with clients and partners. An audit of the email system's configuration and recent changes uncovered that an SPF record was missing due to a recent domain migration. Correcting the DNS records and communicating with affected external parties to whitelist the domain resolved the issue, restoring the reputation of the company's email communications.",CONFIGURATION,"Bailey, Emma",2/24/2021 14:56,"Issue resolved by auditing email system configuration and restoring missing SPF record in DNS settings due to recent domain migration. External parties were also contacted to whitelist the company's domain, which restored normal email communication.","Walsh, Derek",1,41.73,Emails marked as spam,Email system,Software/System: Email system ; Issue/Request: Emails marked as spam,EMAIL DELIVERY TEAM,4628,agent,Issue Resolved,0.8,0.0
4244,INC0038666,Incident,1/28/2021 7:05,Phone,ACCNet performing slowly during data tasks,"I'm having trouble with ACCNet, it's performing really slowly especially when I'm working on data tasks. I made sure my system is okay but the issue persists. Could you check and optimize its performance?",CONFIGURATION,"Robinson, Joshua",1/28/2021 9:36,"Issue identified as network latency affecting ACCNet. Performed initial diagnostics including checking user's system for software conflicts or resource overloads, but found none. Ran network speed tests which showed inconsistent results. Reconfigured network settings and ensured the latest network drivers were installed on the user's machine. Also performed a router reset and adjusted QoS settings to prioritize ACCNet traffic. Post-optimization tests showed improved performance. Followed up with the user who confirmed that the issue was resolved.","Adams, Joseph",3,151.67,ACCNet Slow Performance Issue,ACCNet,Software/System: ACCNet ; Issue/Request: ACCNet Slow Performance Issue,NETWORK TEAM,2316,customer,Issue resolved,0.9,0.0
18574,INC0046615,Incident,3/16/2021 10:55,Phone,Fortinet performance issues during data-intensive operations,"Reports have been received about Fortinet's diminished speed, specifically in data-intensive operations. Initial hardware checks have been cleared, suggesting no limitations on that front. 

Elevating this issue to the Performance Optimization Team for enhancement.",CONFIGURATION,"Stewart, Maya",3/16/2021 14:02,"Issue: Users reported diminished speed for data-intensive operations on Fortinet. Troubleshooting Steps: 1. Verified initial hardware status and confirmed no limitations. 2. Checked Fortinet's configuration settings to ensure optimal performance settings were in place. 3. Updated Fortinet firmware to the latest version to see if performance improvements were included. 4. Monitored network traffic and identified heavy traffic patterns that could indicate bottlenecks.5. Adjusted Quality of Service (QoS) settings to prioritize data-intensive applications.6. Conducted a speed test after changes to confirm performance improvement.Resolution: Optimized Fortinet configurations and QoS settings, resulting in restored performance for data-intensive operations.","Alvarez, Xavier",0,187.52,Fortinet Slow Performance Issue,Fortinet,Software/System: Fortinet ; Issue/Request: Fortinet Slow Performance Issue,PERFORMANCE MONITORING,6264,agent,See worknotes,0.9,0.0
1746,INC0039506,Incident,2/2/2021 12:55,Chat,Unable to access company VPN from home network,The customer is unable to access the company VPN from their home network despite several attempts to resolve the issue on their own. They have requested that this matter be escalated to the Network Team for further assistance.,CONFIGURATION,"Norris, Bradley",2/2/2021 15:38,"The issue with accessing the company VPN from the home network has been resolved. The initial troubleshooting steps included ensuring that the VPN client was correctly installed and up-to-date. Verified the user's network connection to ensure it was stable and functioning correctly. Checked the VPN server status to confirm it was operational. Found that the user's VPN settings were not properly configured. Walked the user through the correct VPN configuration settings (server address, authentication method, etc.). After reconfiguring the VPN settings and reconnecting, the user successfully accessed the company VPN.","Martinez, James",0,163.87,Difficulty accessing company VPN,VPN,Software/System: VPN ; Issue/Request: Difficulty accessing company VPN,VPN TEAM,2739,agent,Updated,0.8,0.0
4745,INC0035794,Incident,1/12/2021 10:02,Phone,Unable to access documents on document system - Error 404,"The customer reports that they are unable to access documents from the document system, receiving an 'Error 404: File Not Found' message each time. This issue seems to be affecting multiple users across different departments.",CONFIGURATION,"Moore, Melissa",1/12/2021 10:42,"The issue was caused by a misconfiguration in the document management system's server settings. Initial troubleshooting steps included confirming the 404 errors reported by multiple users, verifying network connectivity, and ruling out local access issues. Upon further investigation, it was identified that the document system's server was incorrectly mapping file paths due to recent updates. The server configuration was corrected by restoring the previous stable settings. Post-fix tests confirmed that users from different departments could successfully access the document system without encountering any errors. The issue has been resolved and normal access has been restored.","Martinez, Isabella",2,40.71,Document Management System Error 404,Document Management System,Software/System: Document Management System ; Issue/Request: Document Management System Error 404,HELPDESK OPERATIONS,889,agent,Issue resolved,0.9,0.0
17314,INC0035100,Incident,1/7/2021 12:16,Phone,ACCNet lagging during intensive data analysis operations,I've been experiencing a lot of lag on ACCNet whenever I'm running intensive data analysis operations. I think it's not a hardware problem because initial checks didn't reveal any issues. Can you look into this further to optimize performance?,MALFUNCTION,"Foster, Craig",1/7/2021 14:29,Initial diagnostics were performed to rule out hardware faults. No issues were detected with the hardware. The ticket has been escalated to the Performance Optimization Team for further investigation into the network performance issues.,"Fortner, Lucas",0,133.28,ACCNet Slow Performance Issue,ACCNet,Software/System: ACCNet ; Issue/Request: ACCNet Slow Performance Issue,PERFORMANCE MONITORING,540,customer,Closed,0.4,0.0
10935,INC0035262,Incident,1/8/2021 8:05,Chat,Intermittent internet connectivity issues,"The customer reports intermittent internet connectivity issues occurring at various times during work. The customer has attempted resolution by checking network settings and updating drivers. They noted that they were advised to move closer to the Wi-Fi router to enhance signal strength. Additionally, the customer inquires if acquiring a Wi-Fi extender would be beneficial should relocating closer to the router fail to resolve the issue.",MALFUNCTION,"Baker, Heidi",1/8/2021 14:19,"The issue was resolved by several troubleshooting steps. First, we verified that the user's network settings and drivers were up to date, which they were. The user was advised to move closer to the Wi-Fi router to boost the signal strength. When this didn't fully resolve the issue, we checked for any potential sources of interference such as other electronic devices. Finally, we installed a Wi-Fi extender to improve connectivity in the user's workspace. The internet connection is now stable.","Anderson, Emily",0,374.89,Intermittent Internet Disconnections,Wi-Fi Network,Software/System: Wi-Fi Network ; Issue/Request: Intermittent Internet Disconnections,NETWORK TEAM,618,agent,No further action required,0.6000000000000001,0.0
23568,TASK0044712,Request,3/4/2021 10:00,Email,Request for increased storage on network drive for the marketing department.,"We require more storage on the network drive for the marketing department as we have new video projects. I discussed this with the marketing manager, checked our current usage, and the requirements for the projects. The storage space has been increased, and I have informed the department.",CONFIGURATION,"Simon, Leo",3/4/2021 11:04,"The marketing department requested more storage space on the network drive for new video projects. After discussing the current usage and future requirements with the marketing manager, I assessed the existing storage capacity. Based on this assessment, I increased the network drive storage to accommodate their needs. Finally, I informed the marketing department about the successful increase in storage space.","Cooper, Steven",0,64.44,Additional network drive storage for marketing,Network Drive,Software/System: Network Drive ; Issue/Request: Additional network drive storage for marketing,DATA CENTER OPERATIONS,5307,agent,Fixed,0.6000000000000001,0.0
11533,INC0038703,Incident,1/28/2021 9:00,Phone,Helpdesk tickets not being received due to email routing issue,"I've noticed that helpdesk tickets I submitted were not received by the IT team. After checking, it seems there was a problem with email routing. Could someone confirm if the configuration has been fixed and if my missing tickets were recovered from the email quarantine?",CONFIGURATION,"Kelly, Emma",1/28/2021 18:27,"Issue identified as an email routing problem that prevented helpdesk tickets from being delivered to the IT team. Trouble shooting steps included checking email server logs for errors, verifying email routing rules, and inspecting the email quarantine. Once the incorrect configuration was found, the email routing rules were corrected and the missing tickets were retrieved from the email quarantine. Verified that tickets are now being received correctly and communicated resolution to the affected users.","Fisher, Grace",2,567.18,Helpdesk tickets not being received,Email System,Software/System: Email System ; Issue/Request: Helpdesk tickets not being received,EMAIL DELIVERY TEAM,2335,customer,ISSUE RESOLVED,0.9,0.0
23623,TASK0041475,Request,2/13/2021 7:06,Email,Setup of a secure VPN tunnel for communication with a key partner,"I had requested the setup of a secure, dedicated communication line between our company and an important partner. Following this, there was an evaluation of our previous communication systems for their security and reliability. A dedicated VPN tunnel was then put in place to meet the high standards required by both our company and our partner. The final setup was thoroughly tested and I received documentation that detailed how to use this new system and the operational procedures.",CONFIGURATION,"Garcia, Isabel",2/13/2021 10:07,"To address the initiative for a secure communication line, a dedicated VPN tunnel was established between the company and the key partner. The process included the following steps:  1. Evaluation of existing communication channels for security and reliability.  2. Planning and configuration of the dedicated VPN tunnel.  3. Rigorous testing to ensure security and operational efficiency.  4. Documentation of operational procedures and guidelines for use.    The VPN tunnel was successfully set up and tested, ensuring it met the stringent security requirements. Documentation was created and distributed to relevant parties to facilitate proper use and maintenance of the secure communication line.","Hernandez, Matthew",0,181.97,"Setting up a secure, dedicated line of communication",VPN,"Software/System: VPN ; Issue/Request: Setting up a secure, dedicated line of communication",VPN TEAM,3706,customer,Resolved,0.8,0.0
16511,INC0035794,Incident,1/12/2021 10:02,Phone,Unable to access documents on document system - Error 404,"I can't seem to access the documents I need from the document system. Every time I try, it shows 'Error 404: File Not Found'. This problem is happening to a lot of people from different departments.",CONFIGURATION,"Moore, Melissa",1/12/2021 10:42,"The issue was caused by a misconfiguration in the document management system's server settings. Initial troubleshooting steps included confirming the 404 errors reported by multiple users, verifying network connectivity, and ruling out local access issues. Upon further investigation, it was identified that the document system's server was incorrectly mapping file paths due to recent updates. The server configuration was corrected by restoring the previous stable settings. Post-fix tests confirmed that users from different departments could successfully access the document system without encountering any errors. The issue has been resolved and normal access has been restored.","Martinez, Isabella",2,40.71,Document Management System Error 404,Document Management System,Software/System: Document Management System ; Issue/Request: Document Management System Error 404,HELPDESK OPERATIONS,889,customer,Issue resolved,0.9,0.0
24330,INC0045275,Incident,3/6/2021 16:25,Self-service,Intermittent internet disconnections throughout the workday,"I've been facing intermittent internet disconnections throughout my workdays. I already tried checking the network settings and even updated the network drivers as suggested. I've also moved closer to the Wi-Fi router as recommended, hoping for a stronger signal. However, if this issue continues, I might need a Wi-Fi extender. Please advise on further steps.",MALFUNCTION,"Turner, Scott",3/6/2021 17:22,"Issue was diagnosed as intermittent internet disconnections. Initial troubleshooting steps included checking network settings and updating network drivers on the user's device. User was advised to move closer to the Wi-Fi router to obtain a stronger signal. If the issue persists, a Wi-Fi extender may be issued to enhance connectivity.","Rogers, Frank",0,57.55,Intermittent Internet Disconnections,Wi-Fi Network,Software/System: Wi-Fi Network ; Issue/Request: Intermittent Internet Disconnections,NETWORK TEAM,5596,customer,Issue Resolved,0.6000000000000001,0.0
23385,INC0047873,Incident,3/24/2021 2:46,Email,AWS running slow when handling large data volumes,"I've noticed that Amazon Web Services (AWS) is running slower than usual, especially when dealing with large amounts of data. I've already checked the hardware and everything seems fine. Can you please look into this and optimize the performance?",CONFIGURATION,"Rivera, Ashton",3/24/2021 7:14,"After receiving the ticket, I began by verifying the current resource usage on AWS, including CPU, memory, and network throughput. I noticed that the CPU utilization was higher than normal, potentially causing the slowdown. I expanded the instance type to a more robust configuration, ensuring that more resources were available. Additionally, I reviewed and adjusted the AWS CloudWatch metrics to more closely monitor performance and identified specific peaks in data processing times. I implemented AWS auto-scaling policies to dynamically scale resources based on workload demands. Finally, I optimized the AWS S3 bucket settings for faster data retrieval and ensured that the data transfer between services used multi-threaded connections where possible. Post-optimization, I verified that the AWS performance improved significantly when handling large data sets and monitored for a subsequent period to ensure stability.","Anderson, Emily",2,268.5,Amazon Web Services (AWS) Slow Performance Issue,Amazon Web Services (AWS),Software/System: Amazon Web Services (AWS) ; Issue/Request: Amazon Web Services (AWS) Slow Performance Issue,CLOUD INFRASTRUCTURE,6900,customer,Resolved,0.9,0.0
20237,INC0039225,Incident,1/30/2021 12:21,Phone,Email delivery issue for Finance Department Head,"Email Delivery Issue
User: Finance Department Head
Problem: Not receiving emails from external clients
Diagnostic Steps: Checked spam filters, verified email rules
Resolution: Adjusted email filter settings to whitelist client domains",CONFIGURATION,"Gray, Janice",1/30/2021 20:43,"The issue was that the user was not receiving emails from external clients. Diagnostic steps included checking the spam filters and verifying email rules. The resolution involved adjusting the email filter settings to whitelist the client domains, ensuring future emails from these external clients would be delivered accordingly.","Villanueva, Elena",1,502.11,Not receiving emails from external clients,Email System,Software/System: Email System ; Issue/Request: Not receiving emails from external clients,EMAIL DELIVERY TEAM,2598,agent,ISSUE RESOLVED,0.7000000000000001,0.0
14071,INC0041914,Incident,2/16/2021 14:32,Self-service,No internet connection in Marketing department on third floor,"Network Connectivity Problem
Location: Third floor - Marketing department
Symptom: No internet connection
Diagnostic Steps: Checked router status, restarted network devices
Resolution: Identified and replaced faulty network switch",MALFUNCTION,"Brooks, Mason",2/16/2021 15:11,"The issue was initially reported as no internet connectivity on the third floor in the Marketing department. I began the diagnostic process by checking the router status, which showed no apparent issues. Next, I restarted all network devices, including the router and connected switches, to eliminate any temporary glitches. After these steps, the problem persisted, suggesting a hardware issue. Upon further inspection, I identified a malfunctioning network switch. Replacing the faulty switch restored full network connectivity to the affected area. All devices were tested and confirmed to have internet access.","Fisher, Grace",1,39.15,No internet connection,Network Infrastructure,Software/System: Network Infrastructure ; Issue/Request: No internet connection,NETWORK TEAM,3929,agent,No further information.,0.9,0.0
3692,INC0038703,Incident,1/28/2021 9:00,Phone,Helpdesk tickets not being received due to email routing issue,"Helpdesk tickets not being received by the IT team. 
Issue traced to an email routing problem. 
Configuration corrected and missing tickets retrieved from the email quarantine.",CONFIGURATION,"Kelly, Emma",1/28/2021 18:27,"Issue identified as an email routing problem that prevented helpdesk tickets from being delivered to the IT team. Trouble shooting steps included checking email server logs for errors, verifying email routing rules, and inspecting the email quarantine. Once the incorrect configuration was found, the email routing rules were corrected and the missing tickets were retrieved from the email quarantine. Verified that tickets are now being received correctly and communicated resolution to the affected users.","Fisher, Grace",2,567.18,Helpdesk tickets not being received,Email System,Software/System: Email System ; Issue/Request: Helpdesk tickets not being received,EMAIL DELIVERY TEAM,2335,agent,See worknotes,0.9,0.0
21951,INC0043466,Incident,2/25/2021 10:19,Phone,Users receiving 'Invalid Credentials' error on UMatrix login.,"I'm writing to report a recurring issue with logging into UMatrix. Despite entering the correct login details, an 'Invalid Credentials' message keeps appearing and blocking access. Could you check if there have been any recent changes in security settings or updates that might be causing this problem?",ERROR,"Lopez, Gabriela",2/25/2021 12:02,"After receiving multiple reports of users encountering 'Invalid Credentials' messages when attempting to log into UMatrix, initial investigation focused on verifying user credentials and checking for recent security patches or changes to the authentication protocols. The UMatrix application was confirmed to be up-to-date. User credentials were confirmed correct and no recent security patches appeared to be directly affecting access. Upon further analysis, it was discovered that there was a synchronization issue with the authentication server. Restarting the authentication services and clearing the cache resolved the issue. All affected users can now log in successfully.","Wood, John",0,103.19,"UMatrix Login Error, 'Invalid Credentials' error",UMatrix,"Software/System: UMatrix ; Issue/Request: UMatrix Login Error, 'Invalid Credentials' error",SECURITY OPERATIONS,4694,customer,Provided closed.,0.9,0.0
1901,INC0047660,Incident,3/22/2021 9:08,Chat,Intermittent internet disconnections throughout the workday.,"I've been facing issues with my internet connection dropping intermittently throughout the workday, which is really disrupting my efficiency. I've already checked my network settings and updated my network drivers as instructed. I also tried moving closer to the Wi-Fi router to see if it improves the signal strength. If this problem keeps up, could you please consider providing me a Wi-Fi extender to help solve this issue?",MALFUNCTION,"Cox, Harold",3/22/2021 11:24,"Investigated user’s issue of intermittent internet disconnections. Verified network settings and ensured they were correct. Updated network drivers to the latest version. Recommended user to move closer to the Wi-Fi router to ensure a stronger signal. Advised that if the issue persists, we will consider issuing a Wi-Fi extender to enhance signal strength. User reported improved connectivity after following the provided recommendations.","Oliver, Zoe",0,136.44,Intermittent internet disconnections,Internet,Software/System: Internet ; Issue/Request: Intermittent internet disconnections,NETWORK TEAM,6789,customer,Issue Resolved,0.7000000000000001,0.0
16744,INC0037197,Incident,1/19/2021 19:26,Self-service,Printer not connecting to the network,"I've been having trouble connecting my printer to the network. I've checked the device and network settings, but nothing seems to work. Can you please help escalate this issue to the Network Infrastructure Team?",CONFIGURATION,"Hernandez, Juan",1/19/2021 20:56,"Initial troubleshooting steps involved verifying that the printer was powered on and properly connected via Ethernet or Wi-Fi. Confirmed the network settings were configured correctly on the printer. Checked if the printer received a valid IP address and if it was reachable via a ping test. Attempted to restart both the printer and the router. Since these steps did not resolve the issue, the ticket has been escalated to the Network Infrastructure Team for further investigation.","Foster, Craig",0,90.47,Printer not connecting to the network,Network Infrastructure,Software/System: Network Infrastructure ; Issue/Request: Printer not connecting to the network,NETWORK TEAM,1579,customer,The issue has been resolved,0.7000000000000001,0.0
11391,TASK0040462,Request,2/6/2021 13:30,Phone,Request for VPN setup for remote work.,User requests a VPN setup for remote work purposes. Collected necessary details for VPN access. Setup instructions and credentials sent to the user. Scheduled a follow-up to ensure setup completion and operational understanding.,CONFIGURATION,"Simmons, Victoria",2/6/2021 15:52,"The request was for VPN setup to facilitate remote work. Necessary details were collected from the user, including their email and device information. VPN setup instructions and credentials were sent to the user. A follow-up was scheduled to ensure that the user completed the setup and understood how to operate the VPN. The user confirmed successful connection and operational functionality during the follow-up.","Richardson, Owen",0,142.01,VPN Setup for remote work,VPN,Software/System: VPN ; Issue/Request: VPN Setup for remote work,VPN TEAM,3199,agent,No further action required,0.7000000000000001,0.0
22324,INC0047660,Incident,3/22/2021 9:08,Chat,Intermittent internet disconnections throughout the workday.,"User experiences intermittent internet disconnections throughout the workday. Checked network settings and updated network drivers. Recommended moving closer to the Wi-Fi router for a stronger signal and, if issue persists, will consider issuing a Wi-Fi extender.",MALFUNCTION,"Cox, Harold",3/22/2021 11:24,"Investigated user’s issue of intermittent internet disconnections. Verified network settings and ensured they were correct. Updated network drivers to the latest version. Recommended user to move closer to the Wi-Fi router to ensure a stronger signal. Advised that if the issue persists, we will consider issuing a Wi-Fi extender to enhance signal strength. User reported improved connectivity after following the provided recommendations.","Oliver, Zoe",0,136.44,Intermittent internet disconnections,Internet,Software/System: Internet ; Issue/Request: Intermittent internet disconnections,NETWORK TEAM,6789,agent,No further action required,0.7000000000000001,0.0
15110,INC0034651,Incident,1/5/2021 13:50,Email,Intermittent 'Error 500: Internal Server Error' when accessing company intranet,"The customer is experiencing intermittent 'Error 500: Internal Server Error' messages when attempting to log in to the company intranet, leading to disruptions in their work productivity. They expressed frustration over the recurring issue.",ERROR,"Wilson, David",1/5/2021 15:29,"The issue regarding the 'Error 500: Internal Server Error' was investigated. Firstly, the server logs were reviewed to identify any backend errors causing the issue. It was discovered that there were sporadic failures in the server's resource utilization. The server was restarted to clear any temporary issues and its resource allocation was optimized. Additionally, user-specific cache and cookies were cleared to ensure that no corrupted data was interfering with the login process. Finally, monitored the system for 24 hours post-resolution to ensure the issue was fixed. User confirmed that the problem was resolved and they could access the intranet without errors.","Martinez, James",0,99.51,Intranet Access Error 500,Company Intranet,Software/System: Company Intranet ; Issue/Request: Intranet Access Error 500,APPLICATION SUPPORT,315,agent,ISSUE RESOLVED,0.8,0.0
20159,INC0039163,Incident,1/30/2021 9:48,Self-service,Unable to connect to company VPN from home network,"I can't seem to get into the company VPN from my home network. I've tried a few things, but it's not working. Can you please escalate this to the Network Team for me?",ACCESS,"Green, Donna",1/31/2021 1:15,"User reported an inability to connect to the company VPN from their home network. Initial troubleshooting steps included verifying the user's internet connection, ensuring the VPN client software was up-to-date, and confirming that the correct VPN credentials were being used. Additionally, the user's firewall and antivirus settings were checked to ensure they were not blocking the connection. Despite these efforts, the issue persisted. The case has been escalated to the Network Team for further investigation.","Harris, Nicole",1,927.8,Difficulty accessing company VPN,VPN,Software/System: VPN ; Issue/Request: Difficulty accessing company VPN,VPN TEAM,2569,customer,See worknotes,0.6000000000000001,0.0
6283,INC0043425,Incident,2/25/2021 9:33,Chat,Slow response times with AWS during data processing tasks,"Reported performance issues with Amazon Web Services (AWS), notably slow response times during data processing tasks. 
Conducted preliminary system checks to rule out hardware limitations. 

Escalating to Performance Optimization Team",CONFIGURATION,"Rogers, Jordan",2/25/2021 11:47,"Investigated performance issues with AWS as reported by the user. Initially ruled out hardware limitations after conducting preliminary system checks. Proceeded to analyze the AWS environment configuration and identified several potential optimization opportunities. Adjusted instance types and optimized resource allocation which improved the performance. Conducted further tests to confirm the resolution of the issue. Performance returned to normal levels, and the user confirmed the resolution.","Perez, Grace",0,134.59,Amazon Web Services (AWS) Slow Performance Issue,Amazon Web Services (AWS),Software/System: Amazon Web Services (AWS) ; Issue/Request: Amazon Web Services (AWS) Slow Performance Issue,CLOUD INFRASTRUCTURE,4677,agent,The issue has been resolved,0.6000000000000001,0.0
13398,TASK0039613,Request,2/3/2021 7:55,Phone,Request for increased network drive space for the marketing team,"I need more space on the network drive for our marketing team because we have new video projects coming up. I spoke with the marketing manager, checked how much space we're using now, and what we need for the projects. The storage has been increased, and I informed the team about it.",CONFIGURATION,"Hayes, Austin",2/6/2021 9:14,"The marketing team required additional space on the network drive for new video projects. I consulted with the marketing manager to determine current usage and future requirements. After assessing the needs, I increased the storage capacity accordingly. The marketing team has been informed about the newly available space. Verified the increase in storage through our network management tools and confirmed it with the marketing team.","Edwards, Jerry",7,4399.68,Additional network drive storage for marketing,Network Drive,Software/System: Network Drive ; Issue/Request: Additional network drive storage for marketing,BACKUP AND RECOVERY,2792,agent,Updated,0.8,0.0
22010,INC0035856,Incident,1/12/2021 11:51,Email,ACCNet performance issues during data processing,"The performance of ACCNet is dragging, especially during data processing. I double-checked my computer settings and everything seems okay. Can you look into this and make it faster? Thanks.",MALFUNCTION,"Scott, Ryan",1/12/2021 13:39,"The issue was related to network performance, particularly impacting ACCNet during data processing. Troubleshooting steps performed: 1. Verified the user's computer settings to ensure no local configuration errors. 2. Conducted network speed tests which indicated suboptimal network performance. 3. Checked the network for any significant congestion or anomalies. 4. Discovered that several scheduled maintenance tasks were running concurrently on the server. 5. Coordinated with the relevant IT team to reschedule these tasks to off-peak hours. 6. After the adjustments, monitored ACCNet's performance and confirmed that data processing times had improved back to normal levels. The user was informed and confirmed the resolution. Ticket closed.","Villanueva, Elena",0,108.27,ACCNet Slow Performance Issue,ACCNet,Software/System: ACCNet ; Issue/Request: ACCNet Slow Performance Issue,NETWORK TEAM,920,customer,No further action required,0.9,0.0
23736,INC0038566,Incident,1/27/2021 12:46,Chat,"Company intranet site inaccessible, displaying a 404 error.","I tried accessing our company intranet site today along with several of my colleagues, and we all saw a 404 error making it inaccessible. Can you check what the problem might be?",CONFIGURATION,"Richardson, Rose",1/27/2021 13:25,The issue was identified as a server misconfiguration after multiple users reported that the company intranet site was inaccessible and showing a 404 error. Coordinated with the web services team to diagnose the problem. Corrected the misconfiguration on the server and restored access to the intranet site. Implemented monitoring to ensure that any future issues are quickly identified and resolved.,"Alexander, Charlotte",0,39.05,Intranet site inaccessible,Company Intranet,Software/System: Company Intranet ; Issue/Request: Intranet site inaccessible,TECHNICAL OPERATIONS,2266,customer,See worknotes,0.6000000000000001,0.0
2705,INC0042321,Incident,2/18/2021 11:06,Email,External users experiencing 'Error 403: Forbidden' on client portal,"I am trying to access the client portal with my valid credentials and permissions, but I keep getting an 'Error 403: Forbidden' message. Please fix this issue as it is obstructing my workflow.",CONFIGURATION,"Coleman, Alice",2/18/2021 15:38,"Issue was due to a misconfiguration on the web server. Followed these troubleshooting steps: 1. Verified that external users have valid credentials and necessary permissions on the backend database. 2. Checked web server logs to pinpoint potential access issues and confirmed multiple 403 errors. 3. Inspected the web server's configuration files and discovered that a recent update modified access controls, preventing external users from accessing the portal. 4. Restored previous configuration settings to allow external access. 5. Cleared the cache and tested access with multiple external user accounts to ensure the issue was resolved. 6. Confirmed with the affected users that they could access the client portal without issues. Problem resolved and ticket closed.","Villanueva, Elena",0,272.38,Client Portal Access Error 403,Client Portal,Software/System: Client Portal ; Issue/Request: Client Portal Access Error 403,NETWORK SECURITY,4140,customer,Software Installed,0.9,0.0
26575,TASK0041475,Request,2/13/2021 7:06,Email,Setup of a secure VPN tunnel for communication with a key partner,"A new initiative required setting up a secure, dedicated line of communication between the company and a key partner. This request prompted an evaluation of existing communication channels for security and reliability. A dedicated VPN tunnel was established, providing a secure and efficient means of communication that met the stringent requirements of both parties. The setup included rigorous testing and was accompanied by documentation outlining the operational procedures and guidelines for use.",CONFIGURATION,"Garcia, Isabel",2/13/2021 10:07,"To address the initiative for a secure communication line, a dedicated VPN tunnel was established between the company and the key partner. The process included the following steps:  1. Evaluation of existing communication channels for security and reliability.  2. Planning and configuration of the dedicated VPN tunnel.  3. Rigorous testing to ensure security and operational efficiency.  4. Documentation of operational procedures and guidelines for use.    The VPN tunnel was successfully set up and tested, ensuring it met the stringent security requirements. Documentation was created and distributed to relevant parties to facilitate proper use and maintenance of the secure communication line.","Hernandez, Matthew",0,181.97,"Setting up a secure, dedicated line of communication",VPN,"Software/System: VPN ; Issue/Request: Setting up a secure, dedicated line of communication",VPN TEAM,3706,agent,ISSUE RESOLVED,0.8,0.0
19143,INC0044316,Incident,3/2/2021 13:41,Phone,User unable to access company VPN from home network,"User reported difficulty accessing the company VPN from their home network. Conducted initial troubleshooting to rule out common connectivity issues. 

Escalating to Network Team",ACCESS,"Palmer, Vivian",3/2/2021 17:11,Initial troubleshooting involved verifying that the user's internet connection was stable and operational. Ensured the VPN client software was up to date and correctly configured. Verified the user had the correct VPN credentials and permissions. Disabled local firewall temporarily to check for conflicts. Cleared DNS cache and reset network settings. Issue was resolved after reconfiguring VPN client settings and ensuring the correct VPN server address was being used.,"Turner, Megan",0,210.32,Difficulty accessing company VPN,VPN,Software/System: VPN ; Issue/Request: Difficulty accessing company VPN,NETWORK TEAM,5113,agent,Noted done confirmed.,0.8,0.0
6941,INC0048860,Incident,3/30/2021 10:22,Chat,Internet not working on the third floor in the Marketing department,"Hi, I'm facing issues with the internet on the third floor in the Marketing department. The internet is not working at all. I've tried checking the router status and restarting the devices, but no luck. Can you please help to fix this?",MALFUNCTION,"Diaz, Grace",3/31/2021 12:55,"Issue was resolved by performing the following troubleshooting steps: 1. Checked the physical connections and ensured all cables were properly connected. 2. Verified the router status and confirmed that it was powered on and operational. 3. Investigated any potential network outages in the area, but found none. 4. Reset the router and reconfigured the network settings. 5. Ran a network diagnostics tool to identify and resolve any remaining issues. 6. Confirmed with the Marketing department that the internet connection was restored and functioning properly.","Hernandez, Juan",4,1593.57,No internet connection,Network Infrastructure,Software/System: Network Infrastructure ; Issue/Request: No internet connection,NETWORK TEAM,7409,customer,Fixed,0.8,0.0
23523,INC0034651,Incident,1/5/2021 13:50,Email,Intermittent 'Error 500: Internal Server Error' when accessing company intranet,I'm having trouble with the company intranet - sometimes I see an 'Error 500: Internal Server Error' message when I try to log in. This issue is causing disruptions to my work and it's quite frustrating.,ERROR,"Wilson, David",1/5/2021 15:29,"The issue regarding the 'Error 500: Internal Server Error' was investigated. Firstly, the server logs were reviewed to identify any backend errors causing the issue. It was discovered that there were sporadic failures in the server's resource utilization. The server was restarted to clear any temporary issues and its resource allocation was optimized. Additionally, user-specific cache and cookies were cleared to ensure that no corrupted data was interfering with the login process. Finally, monitored the system for 24 hours post-resolution to ensure the issue was fixed. User confirmed that the problem was resolved and they could access the intranet without errors.","Martinez, James",0,99.51,Intranet Access Error 500,Company Intranet,Software/System: Company Intranet ; Issue/Request: Intranet Access Error 500,APPLICATION SUPPORT,315,customer,Updated,0.8,0.0
8891,INC0038666,Incident,1/28/2021 7:05,Phone,ACCNet performing slowly during data tasks,"The customer reports that ACCNet is operating with reduced speed, particularly during data-related tasks. They have confirmed that their system is functioning properly. The customer has requested a performance check and optimization for ACCNet.",CONFIGURATION,"Robinson, Joshua",1/28/2021 9:36,"Issue identified as network latency affecting ACCNet. Performed initial diagnostics including checking user's system for software conflicts or resource overloads, but found none. Ran network speed tests which showed inconsistent results. Reconfigured network settings and ensured the latest network drivers were installed on the user's machine. Also performed a router reset and adjusted QoS settings to prioritize ACCNet traffic. Post-optimization tests showed improved performance. Followed up with the user who confirmed that the issue was resolved.","Adams, Joseph",3,151.67,ACCNet Slow Performance Issue,ACCNet,Software/System: ACCNet ; Issue/Request: ACCNet Slow Performance Issue,NETWORK TEAM,2316,agent,Resolved,0.9,0.0
16475,INC0046535,Incident,3/16/2021 7:47,Email,Reduced performance of ACCNet during data-intensive operations,"Hi, I've been experiencing really slow speeds on ACCNet, especially when I try to do tasks that require a lot of data. I've checked my hardware and everything seems fine from my side. Could this be looked into for possible improvements? Thank you!",CONFIGURATION,"Bailey, Lauren",3/16/2021 18:48,"Issue with ACCNet's reduced speed during data-intensive operations was reported. Initial troubleshooting steps included verifying hardware performance, which showed no issues or limitations. Next, network diagnostics were conducted, using tools like ping, traceroute, and network monitoring software to identify any evident bottlenecks or latency issues. It was discovered that specific network segments were experiencing higher than average traffic, leading to reduced speeds. To resolve this, network traffic was balanced by reconfiguring routing protocols and implementing Quality of Service (QoS) policies to prioritize critical data flows. Post-optimization, network speed improved significantly during data-intensive tasks. Recommended ongoing monitoring and scheduled network performance audits to avoid recurrence.","Hernandez, Juan",5,661.02,ACCNet Slow Performance Issue,ACCNet,Software/System: ACCNet ; Issue/Request: ACCNet Slow Performance Issue,PERFORMANCE MONITORING,6223,customer,Closing as completed.,0.9,0.0
5157,TASK0039275,Request,1/30/2021 14:32,Phone,Request for increased storage space on network drive for marketing team,"I need more space on the network drive for our marketing team because we have new video projects coming up. I spoke with the marketing manager, checked how much space we're using now, and what we need for the projects. The storage has been increased, and I informed the team about it.",CONFIGURATION,"Morris, Elijah",1/30/2021 16:49,Received a request to increase storage space on the network drive for the marketing team due to new video projects. Spoke with the marketing manager to understand current and required storage capacity. Verified the current usage on the network drive and calculated the additional space needed. Increased the storage allocation on the network drive accordingly. Confirmed the successful increase in space and informed the marketing team about the update.,"Martinez, James",0,137.86,Additional network drive storage for marketing,Network Drive,Software/System: Network Drive ; Issue/Request: Additional network drive storage for marketing,BACKUP AND RECOVERY,2621,agent,Issue resolved,0.8,0.0
21348,INC0047794,Incident,3/23/2021 11:50,Phone,TrustNet performance issues during data-intensive operations,"Hello, I've been experiencing decreased speeds on TrustNet, especially during data-intensive operations. I've checked my hardware, and everything seems to be functioning correctly, so I don't think the problem is on my side. Could you look into this issue and possibly improve the performance? Thank you!",CONFIGURATION,"Elliott, Sarah",3/23/2021 13:52,"Upon receiving reports of slow performance on TrustNet, particularly during data-intensive operations, a detailed investigation was conducted. Initial hardware diagnostics confirmed that there were no hardware limitations causing the issue. Proceeded by examining the software configurations and network usage. Identified that the network bandwidth was being consumed by multiple high-load applications simultaneously, which was leading to the reduced performance. Optimized the network settings and reconfigured bandwidth allocations to prioritize critical data operations. Also, cleared temporary cache and ensured there were no background processes consuming excessive resources. Post adjustments, TrustNet's performance improved significantly under data-intensive operations.","Lopez, Sofia",0,122.44,TrustNet Slow Performance Issue,TrustNet,Software/System: TrustNet ; Issue/Request: TrustNet Slow Performance Issue,PERFORMANCE MONITORING,6856,customer,Software Installed,0.8,0.0
1443,TASK0039275,Request,1/30/2021 14:32,Phone,Request for increased storage space on network drive for marketing team,"I reached out to our IT department about increasing the storage space on the network drive for our marketing team. With new video projects upcoming, I consulted our marketing manager to determine our current space usage and our additional needs. After the adjustments, I've noticed the storage has been expanded accordingly. I've been informed about this, and I want to ensure everything is set as we planned.",CONFIGURATION,"Morris, Elijah",1/30/2021 16:49,Received a request to increase storage space on the network drive for the marketing team due to new video projects. Spoke with the marketing manager to understand current and required storage capacity. Verified the current usage on the network drive and calculated the additional space needed. Increased the storage allocation on the network drive accordingly. Confirmed the successful increase in space and informed the marketing team about the update.,"Martinez, James",0,137.86,Additional network drive storage for marketing,Network Drive,Software/System: Network Drive ; Issue/Request: Additional network drive storage for marketing,BACKUP AND RECOVERY,2621,customer,See worknotes,0.8,0.0
6354,TASK0039613,Request,2/3/2021 7:55,Phone,Request for increased network drive space for the marketing team,"Could you please arrange for additional storage space on our network drive for the marketing team? We are preparing for upcoming video projects and, after discussing with our marketing manager, I confirmed our current storage usage and future needs. I was informed this had been taken care of, and I appreciate your efforts in assisting us. Just wanted to make sure this has been officially noted and handled on your end too.",CONFIGURATION,"Hayes, Austin",2/6/2021 9:14,"The marketing team required additional space on the network drive for new video projects. I consulted with the marketing manager to determine current usage and future requirements. After assessing the needs, I increased the storage capacity accordingly. The marketing team has been informed about the newly available space. Verified the increase in storage through our network management tools and confirmed it with the marketing team.","Edwards, Jerry",7,4399.68,Additional network drive storage for marketing,Network Drive,Software/System: Network Drive ; Issue/Request: Additional network drive storage for marketing,BACKUP AND RECOVERY,2792,customer,The issue has been resolved,0.8,0.0
13127,INC0046615,Incident,3/16/2021 10:55,Phone,Fortinet performance issues during data-intensive operations,"I've been experiencing reduced speeds with Fortinet, especially when handling data-intensive tasks. I've already checked the hardware on my end and everything seems fine. Could you please look into this?",CONFIGURATION,"Stewart, Maya",3/16/2021 14:02,"Issue: Users reported diminished speed for data-intensive operations on Fortinet. Troubleshooting Steps: 1. Verified initial hardware status and confirmed no limitations. 2. Checked Fortinet's configuration settings to ensure optimal performance settings were in place. 3. Updated Fortinet firmware to the latest version to see if performance improvements were included. 4. Monitored network traffic and identified heavy traffic patterns that could indicate bottlenecks.5. Adjusted Quality of Service (QoS) settings to prioritize data-intensive applications.6. Conducted a speed test after changes to confirm performance improvement.Resolution: Optimized Fortinet configurations and QoS settings, resulting in restored performance for data-intensive operations.","Alvarez, Xavier",0,187.52,Fortinet Slow Performance Issue,Fortinet,Software/System: Fortinet ; Issue/Request: Fortinet Slow Performance Issue,PERFORMANCE MONITORING,6264,customer,Issue resolved,0.9,0.0
2967,INC0039553,Incident,2/2/2021 14:29,Self-service,ACCNet performance issues during data manipulation tasks,"I've been experiencing issues with ACCNet's performance, especially during tasks that require heavy data manipulation. I've checked the hardware and everything seems fine, so it doesn't seem to be a hardware problem. Can you please look into this?",MALFUNCTION,"Brooks, Hailey",2/2/2021 16:35,"Performed an initial assessment to rule out hardware issues, including checking server CPU and memory usage, ensuring no bottlenecks were present. Further investigation involved analyzing network performance and data throughput, verifying network hardware such as switches and routers were functioning correctly. Identified inefficient queries and high-latency network segments which were causing the slowdown. Optimized SQL queries and reconfigured network settings to improve data handling speeds. Conducted follow-up tests to confirm that performance levels were within acceptable parameters. Performance was verified to be stable post-optimization.","Garcia, David",0,126.23,ACCNet Slow Performance Issue,ACCNet,Software/System: ACCNet ; Issue/Request: ACCNet Slow Performance Issue,PERFORMANCE MONITORING,2764,customer,Issue Resolved,0.8,0.0
23331,INC0038420,Incident,1/27/2021 7:28,Self-service,Experiencing delays on Google Cloud Platform during data-intensive tasks,Experiencing delays on the Google Cloud Platform (GCP) during tasks that require a lot of data. I've already confirmed that the hardware is working fine. Can you investigate and improve the platform's performance?,ERROR,"Fisher, Grace",1/27/2021 8:11,"Issue was related to GCP performance during data-heavy tasks. Troubleshooting steps included: 1) Reviewing GCP usage metrics for any abnormal spikes or throttling, 2) Checking the network bandwidth and latency to ensure no connectivity issues, 3) Inspecting GCP logs for any errors or warnings related to resource allocation, 4) Scaling up the compute resources to handle the increased data load. After adjustments, performance was significantly improved and tasks now complete without delays.","Fisher, Grace",0,43.13,Google Cloud Platform (GCP) Slow Performance Issue,Google Cloud Platform (GCP),Software/System: Google Cloud Platform (GCP) ; Issue/Request: Google Cloud Platform (GCP) Slow Performance Issue,CLOUD INFRASTRUCTURE,2194,customer,See worknotes,0.8,0.0
2335,INC0047794,Incident,3/23/2021 11:50,Phone,TrustNet performance issues during data-intensive operations,"Reports have been received about TrustNet's diminished speed, specifically in data-intensive operations. Initial hardware checks have been cleared, suggesting no limitations on that front. 

Elevating this issue to the Performance Optimization Team for enhancement.",CONFIGURATION,"Elliott, Sarah",3/23/2021 13:52,"Upon receiving reports of slow performance on TrustNet, particularly during data-intensive operations, a detailed investigation was conducted. Initial hardware diagnostics confirmed that there were no hardware limitations causing the issue. Proceeded by examining the software configurations and network usage. Identified that the network bandwidth was being consumed by multiple high-load applications simultaneously, which was leading to the reduced performance. Optimized the network settings and reconfigured bandwidth allocations to prioritize critical data operations. Also, cleared temporary cache and ensured there were no background processes consuming excessive resources. Post adjustments, TrustNet's performance improved significantly under data-intensive operations.","Lopez, Sofia",0,122.44,TrustNet Slow Performance Issue,TrustNet,Software/System: TrustNet ; Issue/Request: TrustNet Slow Performance Issue,PERFORMANCE MONITORING,6856,agent,Issue Resolved,0.8,0.0
12348,INC0038420,Incident,1/27/2021 7:28,Self-service,Experiencing delays on Google Cloud Platform during data-intensive tasks,The customer has reported experiencing delays on the Google Cloud Platform during tasks that involve large amounts of data. They have confirmed that their hardware is functioning correctly. They have requested an investigation to enhance the platform's performance.,ERROR,"Fisher, Grace",1/27/2021 8:11,"Issue was related to GCP performance during data-heavy tasks. Troubleshooting steps included: 1) Reviewing GCP usage metrics for any abnormal spikes or throttling, 2) Checking the network bandwidth and latency to ensure no connectivity issues, 3) Inspecting GCP logs for any errors or warnings related to resource allocation, 4) Scaling up the compute resources to handle the increased data load. After adjustments, performance was significantly improved and tasks now complete without delays.","Fisher, Grace",0,43.13,Google Cloud Platform (GCP) Slow Performance Issue,Google Cloud Platform (GCP),Software/System: Google Cloud Platform (GCP) ; Issue/Request: Google Cloud Platform (GCP) Slow Performance Issue,CLOUD INFRASTRUCTURE,2194,agent,Fixed,0.8,0.0
24506,INC0035100,Incident,1/7/2021 12:16,Phone,ACCNet lagging during intensive data analysis operations,"Complaints have been lodged about ACCNet lagging, especially during intensive data analysis operations. We've executed initial diagnostics to dismiss any hardware-related faults. 

This case is now with the Performance Optimization Team for further investigation.",MALFUNCTION,"Foster, Craig",1/7/2021 14:29,Initial diagnostics were performed to rule out hardware faults. No issues were detected with the hardware. The ticket has been escalated to the Performance Optimization Team for further investigation into the network performance issues.,"Fortner, Lucas",0,133.28,ACCNet Slow Performance Issue,ACCNet,Software/System: ACCNet ; Issue/Request: ACCNet Slow Performance Issue,PERFORMANCE MONITORING,540,agent,ISSUE RESOLVED,0.4,0.0
23357,INC0035262,Incident,1/8/2021 8:05,Chat,Intermittent internet connectivity issues,"My internet keeps dropping out at different times while I'm working. I've already tried fixing it by checking my network settings and updating the drivers, but the issue is still there. I was told that moving closer to the Wi-Fi router might help boost the signal. If that doesn't solve it, do you think I should get a Wi-Fi extender?",MALFUNCTION,"Baker, Heidi",1/8/2021 14:19,"The issue was resolved by several troubleshooting steps. First, we verified that the user's network settings and drivers were up to date, which they were. The user was advised to move closer to the Wi-Fi router to boost the signal strength. When this didn't fully resolve the issue, we checked for any potential sources of interference such as other electronic devices. Finally, we installed a Wi-Fi extender to improve connectivity in the user's workspace. The internet connection is now stable.","Anderson, Emily",0,374.89,Intermittent Internet Disconnections,Wi-Fi Network,Software/System: Wi-Fi Network ; Issue/Request: Intermittent Internet Disconnections,NETWORK TEAM,618,customer,Closed,0.7000000000000001,0.0
17404,INC0039163,Incident,1/30/2021 9:48,Self-service,Unable to connect to company VPN from home network,"The customer has reported issues accessing the company VPN from their home network. Despite attempting several solutions, they have been unable to resolve the issue. The customer has requested that this issue be escalated to the Network Team for further assistance.",ACCESS,"Green, Donna",1/31/2021 1:15,"User reported an inability to connect to the company VPN from their home network. Initial troubleshooting steps included verifying the user's internet connection, ensuring the VPN client software was up-to-date, and confirming that the correct VPN credentials were being used. Additionally, the user's firewall and antivirus settings were checked to ensure they were not blocking the connection. Despite these efforts, the issue persisted. The case has been escalated to the Network Team for further investigation.","Harris, Nicole",1,927.8,Difficulty accessing company VPN,VPN,Software/System: VPN ; Issue/Request: Difficulty accessing company VPN,VPN TEAM,2569,agent,The issue has been resolved,0.6000000000000001,0.0
16675,INC0046535,Incident,3/16/2021 7:47,Email,Reduced performance of ACCNet during data-intensive operations,"Reports have been received about ACCNet's diminished speed, specifically in data-intensive operations. Initial hardware checks have been cleared, suggesting no limitations on that front. 

Elevating this issue to the Performance Optimization Team for enhancement.",CONFIGURATION,"Bailey, Lauren",3/16/2021 18:48,"Issue with ACCNet's reduced speed during data-intensive operations was reported. Initial troubleshooting steps included verifying hardware performance, which showed no issues or limitations. Next, network diagnostics were conducted, using tools like ping, traceroute, and network monitoring software to identify any evident bottlenecks or latency issues. It was discovered that specific network segments were experiencing higher than average traffic, leading to reduced speeds. To resolve this, network traffic was balanced by reconfiguring routing protocols and implementing Quality of Service (QoS) policies to prioritize critical data flows. Post-optimization, network speed improved significantly during data-intensive tasks. Recommended ongoing monitoring and scheduled network performance audits to avoid recurrence.","Hernandez, Juan",5,661.02,ACCNet Slow Performance Issue,ACCNet,Software/System: ACCNet ; Issue/Request: ACCNet Slow Performance Issue,PERFORMANCE MONITORING,6223,agent,Issue resolved,0.9,0.0
26354,INC0039707,Incident,2/3/2021 10:59,Self-service,Error 404: File Not Found when accessing document system,"The customer has reported an issue where they, along with multiple other departments, are receiving a 'Error 404: File Not Found' error when attempting to access files from the document system.",ERROR,"Price, Barbara",2/3/2021 11:53,"Issue related to receiving 'Error 404: File Not Found' when accessing files from the document system across multiple departments. Troubleshooting steps taken include: 1. Verified user permissions and access rights; confirmed no changes in permissions.2. Checked server and network connectivity to ensure there's no downtime affecting the document system; no connectivity issues found.3. Reviewed document system's application logs for potential issues; identified recent configuration change on the document server.4. Rolled back the recent configuration change, and performed a system reboot.5. Retested access to the document files; users were able to access files successfully without encountering Error 404.Issue resolved after rolling back the configuration change and rebooting the system.","Rogers, Frank",4,54.38,Document Management System Error 404,Document Management System,Software/System: Document Management System ; Issue/Request: Document Management System Error 404,DOCUMENT SYSTEM SUPPORT,2837,agent,Issue resolved,0.9,0.0
5893,INC0036466,Incident,1/14/2021 15:50,Email,Printer not connecting to the network,"A customer has reported an issue with connecting their printer to the network. They have attempted to troubleshoot by checking the settings, however, they were unsuccessful. They are now seeking assistance from the Network Infrastructure Team to resolve this issue.",MALFUNCTION,"Lane, Stella",1/14/2021 17:50,"Issue resolved. The following steps were taken to resolve the printer connectivity issue: 1) Verified that the printer is powered on and properly connected to the network. 2) Checked the network settings on the printer to ensure they were configured correctly. Noticed the IP address was not assigned. 3) Restarted the printer to reset the connection. Still no network connection. 4) Updated the printer's firmware to the latest version available. 5) Temporarily disabled the firewall on the computer and the router to rule out any blocking issues. 6) Re-ran the printer's network setup wizard, which successfully connected to the network this time. 7) Re-enabled the firewall on both the computer and router. Confirmed that the printer was now visible and accessible on the network. User verified that they could print via the network. Issue fully resolved.","Harris, Nicole",0,120.14,Printer not connecting to the network,Network Infrastructure,Software/System: Network Infrastructure ; Issue/Request: Printer not connecting to the network,NETWORK TEAM,1222,agent,Issue Resolved,0.9,0.0
9050,INC0044225,Incident,3/2/2021 10:42,Email,Intermittent network outages affecting multiple users,"Reports of intermittent network outages affecting multiple users in the office. 
Network logs reviewed - identified as an issue with the ISP. 
ISP contacted and issue resolved after their intervention.",ERROR,"Lee, Rachel",3/2/2021 14:10,Issue identified as intermittent network outages affecting multiple users in the office. Network logs reviewed and it was determined to be an issue with the ISP. Contacted the ISP and provided them with the necessary logs and details. The ISP confirmed a fault on their end and resolved the issue following their intervention. Verified after intervention that the network stability was restored and normal operation resumed.,"Alexander, Charlotte",0,208.35,Intermittent network outages,Network/ISP,Software/System: Network/ISP ; Issue/Request: Intermittent network outages,NETWORK TEAM,5067,agent,Fixed,0.8,0.0
14458,TASK0046774,Request,3/17/2021 8:09,Chat,Request for additional storage on the network drive for the marketing department,"Hi, I am reaching out to request additional storage on the network drive for our marketing department. We are starting some new video projects and after reviewing our current usage and project needs with our marketing manager, it’s clear we need more space. Could you please help us increase our storage capacity? Thank you!",CONFIGURATION,"Sanchez, Nancy",3/17/2021 20:41,Reviewed current storage usage and future project requirements with the marketing manager. Identified that the current storage was insufficient for the new video projects. Increased the storage capacity on the network drive as per the discussed requirements. Verified the increase and confirmed accessibility with the marketing department. Notified the marketing manager of the successful update.,"Sanders, Philip",0,752.6,Additional network drive storage for marketing,Network Drive,Software/System: Network Drive ; Issue/Request: Additional network drive storage for marketing,TECHNICAL OPERATIONS,6341,customer,ISSUE RESOLVED,0.8,0.0
9013,INC0047873,Incident,3/24/2021 2:46,Email,AWS running slow when handling large data volumes,"The customer has reported a slowdown in Amazon Web Services (AWS), particularly noticeable when handling large datasets. They have confirmed that there are no issues with their hardware. We need to investigate the cause of this slowdown and take appropriate steps to enhance performance.",CONFIGURATION,"Rivera, Ashton",3/24/2021 7:14,"After receiving the ticket, I began by verifying the current resource usage on AWS, including CPU, memory, and network throughput. I noticed that the CPU utilization was higher than normal, potentially causing the slowdown. I expanded the instance type to a more robust configuration, ensuring that more resources were available. Additionally, I reviewed and adjusted the AWS CloudWatch metrics to more closely monitor performance and identified specific peaks in data processing times. I implemented AWS auto-scaling policies to dynamically scale resources based on workload demands. Finally, I optimized the AWS S3 bucket settings for faster data retrieval and ensured that the data transfer between services used multi-threaded connections where possible. Post-optimization, I verified that the AWS performance improved significantly when handling large data sets and monitored for a subsequent period to ensure stability.","Anderson, Emily",2,268.5,Amazon Web Services (AWS) Slow Performance Issue,Amazon Web Services (AWS),Software/System: Amazon Web Services (AWS) ; Issue/Request: Amazon Web Services (AWS) Slow Performance Issue,CLOUD INFRASTRUCTURE,6900,agent,Software Installed,0.9,0.0
16881,TASK0037133,Request,1/19/2021 13:26,Phone,Request for VPN setup for remote work,User requests a VPN setup for remote work purposes. Collected necessary details for VPN access. Setup instructions and credentials sent to the user. Scheduled a follow-up to ensure setup completion and operational understanding.,CONFIGURATION,"Howard, Grace",1/19/2021 16:09,Collected necessary details from the user for VPN access. Provided setup instructions along with credentials. Scheduled a follow-up to ensure the setup was completed successfully and the user understands how to use the VPN for remote work. Confirmed with the user during the follow-up that the VPN is functioning correctly and they have no issues.,"Campbell, Samantha",0,163.37,VPN setup for remote work,VPN,Software/System: VPN ; Issue/Request: VPN setup for remote work,VPN TEAM,1546,agent,Issue Resolved,0.6000000000000001,0.0
8692,INC0039506,Incident,2/2/2021 12:55,Chat,Unable to access company VPN from home network,"I can't seem to get into the company VPN from my home network. I've tried a few things, but it's not working. Can you please escalate this to the Network Team for me?",CONFIGURATION,"Norris, Bradley",2/2/2021 15:38,"The issue with accessing the company VPN from the home network has been resolved. The initial troubleshooting steps included ensuring that the VPN client was correctly installed and up-to-date. Verified the user's network connection to ensure it was stable and functioning correctly. Checked the VPN server status to confirm it was operational. Found that the user's VPN settings were not properly configured. Walked the user through the correct VPN configuration settings (server address, authentication method, etc.). After reconfiguring the VPN settings and reconnecting, the user successfully accessed the company VPN.","Martinez, James",0,163.87,Difficulty accessing company VPN,VPN,Software/System: VPN ; Issue/Request: Difficulty accessing company VPN,VPN TEAM,2739,customer,Software Installed,0.9,0.0
15320,INC0044316,Incident,3/2/2021 13:41,Phone,User unable to access company VPN from home network,I've been having trouble accessing the company VPN from my home network. I tried some basic troubleshooting but couldn't resolve the issue. Please look into this and help me connect successfully.,ACCESS,"Palmer, Vivian",3/2/2021 17:11,Initial troubleshooting involved verifying that the user's internet connection was stable and operational. Ensured the VPN client software was up to date and correctly configured. Verified the user had the correct VPN credentials and permissions. Disabled local firewall temporarily to check for conflicts. Cleared DNS cache and reset network settings. Issue was resolved after reconfiguring VPN client settings and ensuring the correct VPN server address was being used.,"Turner, Megan",0,210.32,Difficulty accessing company VPN,VPN,Software/System: VPN ; Issue/Request: Difficulty accessing company VPN,NETWORK TEAM,5113,customer,Closed,0.9,0.0
25478,INC0048860,Incident,3/30/2021 10:22,Chat,Internet not working on the third floor in the Marketing department,"The customer has reported connectivity issues with the internet on the third floor in the Marketing department. They have already attempted troubleshooting by checking the router status and restarting the devices, however, the issue persists. Assistance is requested to resolve the connectivity problem.",MALFUNCTION,"Diaz, Grace",3/31/2021 12:55,"Issue was resolved by performing the following troubleshooting steps: 1. Checked the physical connections and ensured all cables were properly connected. 2. Verified the router status and confirmed that it was powered on and operational. 3. Investigated any potential network outages in the area, but found none. 4. Reset the router and reconfigured the network settings. 5. Ran a network diagnostics tool to identify and resolve any remaining issues. 6. Confirmed with the Marketing department that the internet connection was restored and functioning properly.","Hernandez, Juan",4,1593.57,No internet connection,Network Infrastructure,Software/System: Network Infrastructure ; Issue/Request: No internet connection,NETWORK TEAM,7409,agent,See worknotes,0.8,0.0
23853,INC0039225,Incident,1/30/2021 12:21,Phone,Email delivery issue for Finance Department Head,"I am the head of the Finance Department and I've been experiencing an issue where I'm not receiving emails from external clients. I've gone ahead and checked the spam filters and verified the rules set up on our email system, but haven't found any obvious issues. Could it be something to do with how our email filter settings are configured? What steps can I take next?",CONFIGURATION,"Gray, Janice",1/30/2021 20:43,"The issue was that the user was not receiving emails from external clients. Diagnostic steps included checking the spam filters and verifying email rules. The resolution involved adjusting the email filter settings to whitelist the client domains, ensuring future emails from these external clients would be delivered accordingly.","Villanueva, Elena",1,502.11,Not receiving emails from external clients,Email System,Software/System: Email System ; Issue/Request: Not receiving emails from external clients,EMAIL DELIVERY TEAM,2598,customer,Fixed,0.7000000000000001,0.0
27123,TICK1002345,Request,6/10/2024 10:15,Email,Processing upgrade request for PIV card security compliance,Received request for PIV card upgrade to meet updated security standards. Verified user eligibility and documented required forms. Scheduled appointment for card issuance and notified user of necessary identification. Coordinated with security team to ensure smooth transition. Upgrade process initiated and user will be informed upon completion.,UPGRADE,"Johnson, Emily",6/11/2024 15:30,Completed upgrade of PIV card with latest security features. Confirmed user identity and compliance with updated protocols. User notified of successful upgrade and new card issued. All records updated accordingly.,"Martinez, Carlos",1,30.25,PIV Card Upgrade,Piv Card,Software/System: Piv Card ; Issue/Request: PIV Card Upgrade,PIV Card Services,10234,agent,Verified noted noted details.,0.6000000000000001,0.0
27339,REQ0078345,Request,4/26/2024 9:22,Email,Processing deactivation of PIV card for security reasons,Received request to deactivate the PIV card for user Emily Johnson due to security concerns. Verified user identity and initiated deactivation process in the PIV management system. Confirmed that the card is now disabled and notified the user of completion. Advised user on next steps if a new card is needed.,DEACTIVATION,"Johnson, Emily",4/26/2024 15:45,Deactivated PIV card as requested. User notified and advised on replacement procedure if necessary. Ticket closed.,"Miller, Jason",1,393.0,PIV Card Deactivation,Piv Card,Software/System: Piv Card ; Issue/Request: PIV Card Deactivation,PIV Card Support,4921,agent,Provided finalized confirmed general.,0.3,0.0
27342,REQ0098743,Request,4/26/2024 9:15,Email,Request to renew PIV card before expiration,"My PIV card is due to expire next month, and I need to initiate the renewal process as soon as possible to avoid any disruption in access. Please guide me through the necessary steps or schedule an appointment for renewal.",RENEWAL,"Johnson, Emily",4/27/2024 16:30,Provided instructions for PIV card renewal. Scheduled appointment for card renewal at the security office. Confirmed receipt of all required documents and informed customer of the process timeline.,"Nguyen, David",0,31.25,PIV Card Renewal,Piv Card,Software/System: Piv Card ; Issue/Request: PIV Card Renewal,Security Access Team,4821,customer,No changes noted.,0.6000000000000001,0.0
27262,REQ0098721,Request,4/25/2024 9:45,Email,Request to upgrade PIV card for enhanced security features,I need to upgrade my current PIV card to the latest version to ensure compliance with updated security protocols. Please advise on the process and timeline for this upgrade as it is critical for my daily access to secured systems.,UPGRADE,"Diaz, Angela",4/26/2024 15:30,Customer's PIV card was successfully upgraded to the newest version with enhanced security features. Provided instructions on card activation and verified access to secured systems. Confirmed customer satisfaction before closing the request.,"Nguyen, Eric",1,29.75,PIV Card Upgrade,PIV Card,Software/System: PIV Card ; Issue/Request: PIV Card Upgrade,Identity Management Team,1123,customer,Outcome confirmed.,0.6000000000000001,0.0
27013,REQ0098743,Request,6/10/2024 9:27,Email,Temporary bypass setup for PIV card authentication failure,Received request for temporary PIV card bypass due to authentication failure. Verified user identity and system logs showing card read errors. Enabled temporary access bypass for 48 hours to allow uninterrupted work. Informed user of the bypass activation and advised to submit a replacement card request. Monitoring system for any further issues.,BYPASS,"Johnson, Emily",6/10/2024 11:45,Temporary PIV card bypass successfully enabled for 48 hours. User notified and advised to proceed with card replacement. Issue escalated to hardware support for card diagnostics.,"Nguyen, David",1,138.0,PIV Card Bypass,Piv Card,Software/System: Piv Card ; Issue/Request: PIV Card Bypass,PIV Card Support,10234,agent,No issues reported post bypass activation,0.7000000000000001,0.2
27280,REQ0098345,Request,6/15/2024 9:42,Email,Request to deactivate PIV card immediately,Please deactivate my PIV card as soon as possible due to a lost badge incident. I am unable to access secure areas and need to ensure no unauthorized use occurs. Kindly confirm once the card is deactivated.,DEACTIVATION,"Harper, Jamie",6/15/2024 12:30,,,0,0.0,PIV Card Deactivation,Piv Card,Software/System: Piv Card ; Issue/Request: PIV Card Deactivation,PIV Card Support,10234,customer,No specific details.,,
27228,INC1023456,Request,6/15/2024 9:27,Email,Request to bypass PIV card authentication,I am currently unable to access the secure system due to issues with my PIV card. I need a temporary bypass to continue working without interruptions. Please advise on the steps to enable this bypass or provide assistance as soon as possible.,BYPASS,"Johnson, Emily",,,,0,0.0,PIV Card Bypass,Piv Card,Software/System: Piv Card ; Issue/Request: PIV Card Bypass,PIV Card Support,4321,customer,Standard procedure followed.,,
27115,REQ0098745,Request,4/26/2024 9:42,Email,Processed PIV card deactivation request,Received request to deactivate PIV card due to security concerns. Verified user identity and proceeded with deactivation in the access control system. Confirmed that the card is no longer active and notified the user. Logged the action and closed the request.,DEACTIVATION,"Johnson, Emily",4/26/2024 11:15,Deactivated PIV card successfully and informed the customer. No further issues reported.,"Nguyen, Alex",0,93.5,PIV Card Deactivation,Piv Card,Software/System: Piv Card ; Issue/Request: PIV Card Deactivation,Access Management,10234,agent,Ticket processed.,0.3,0.0
27461,REQ0098745,Request,6/15/2024 9:42,Email,Request to renew PIV card before expiration,Reviewed customer's PIV card expiration date and confirmed eligibility for renewal. Provided instructions on required documentation including government-issued ID and completed renewal form. Scheduled appointment for in-person verification and card issuance. Escalated to PIV Card Services group for processing and final issuance.,RENEWAL,"Henderson, Jamie",6/16/2024 15:30,Customer was guided through the renewal process and appointment was scheduled. All necessary documents were verified and the renewal request was successfully processed. Customer notified of next steps and expected card delivery date.,"Nguyen, Rachel",1,30.8,PIV Card Renewal,Piv Card,Software/System: Piv Card ; Issue/Request: PIV Card Renewal,PIV Card Services,10234,agent,No issues reported,0.4,0.0
26738,INC1029384,Request,4/26/2024 9:15,Email,Request for PIV card replacement due to damage,My current PIV card is damaged and no longer scans properly at security checkpoints. I need a replacement issued as soon as possible to avoid any access issues at work.,REPLACEMENT,"Johnson, Emily",4/27/2024 15:42,Provided guidance on submitting the replacement request and escalated to PIV card services for processing. Confirmed card replacement was issued and delivered to the customer.,"Nguyen, David",1,30.45,PIV Card Replacement,Piv Card,Software/System: Piv Card ; Issue/Request: PIV Card Replacement,PIV Card Services,4927,customer,See work notes.,0.5,0.0
27413,REQ0098743,Request,4/25/2024 9:17,Email,PIV Card renewal request for upcoming expiration,Reviewed the customer's PIV card expiration date and confirmed eligibility for renewal. Provided detailed instructions on required forms and submission process. Scheduled follow-up to ensure the renewal application is processed without delay.,RENEWAL,"Henderson, Emily",4/26/2024 15:42,Completed initial triage and sent renewal instructions to the customer. Monitored the submission status and confirmed receipt of renewal application. No further action needed at this time.,"Nguyen, Alex",0,30.42,PIV Card Renewal,Piv Card,Software/System: Piv Card ; Issue/Request: PIV Card Renewal,Identity Management,10234,agent,No issues encountered during processing,0.3,0.0
26678,TICK1002387,Request,6/12/2024 9:45,Email,Request to upgrade PIV card for enhanced security features,I need to have my PIV card upgraded to the latest version to ensure compliance with updated security protocols. Please advise on the process and timeline for this upgrade as it is critical for accessing secure areas and systems.,UPGRADE,"Johnson, Emily",6/13/2024 15:30,PIV card upgrade request fulfilled successfully. User was informed of the completion and provided with instructions for activation of the new card.,"Reed, Michael",0,29.75,PIV Card Upgrade,Piv Card,Software/System: Piv Card ; Issue/Request: PIV Card Upgrade,PIV Card Services,4921,customer,Confirmed updated routine no.,0.3,0.1
27238,INC0123456,Request,4/26/2024 9:15,Email,Request to bypass PIV card authentication temporarily,I am currently unable to access critical systems due to PIV card authentication issues. Please assist with a temporary bypass so I can continue my work while the card issue is being resolved.,BYPASS,"Johnson, Emily",,,,0,0.0,PIV Card Bypass,Piv Card,Software/System: Piv Card ; Issue/Request: PIV Card Bypass,PIV Card Support,10234,customer,Verified.,,
27575,REQ0083745,Request,6/15/2024 9:22,Email,Temporary bypass enabled for PIV card access issue,Reviewed the user's PIV card access issue and confirmed the card reader is functioning correctly. Enabled a temporary PIV card bypass to restore system access while the card is being evaluated for faults. Informed the user of the temporary bypass and next steps for permanent resolution.,BYPASS,"Johnson, Emily",6/15/2024 11:45,Temporary bypass for PIV card access was successfully enabled. User notified and access restored. Follow-up scheduled for card replacement or repair.,"Miller, Daniel",1,143.0,PIV Card Bypass,Piv Card,Software/System: Piv Card ; Issue/Request: PIV Card Bypass,PIV Card Support,10234,agent,No issues reported post-bypass,0.6000000000000001,0.2
27540,REQ0098745,Request,4/25/2024 9:22,Email,Request for new PIV card issuance,I need to request a new PIV card as my current one has expired. Please advise on the next steps and any required documentation I need to provide. This is urgent as I require access to secured facilities starting next week.,REQUEST,"Johnson, Emily",,,,0,0.0,PIV Card Request,Piv Card,Software/System: Piv Card ; Issue/Request: PIV Card Request,PIV Card Services,10234,customer,See work notes.,,
27501,INC0123456,Request,4/27/2024 9:15,Email,Unable to access systems using PIV card,Investigated the reported issue with the PIV card authentication failure. Verified the card reader hardware is functioning properly and checked the user's PIV card status in the system. Found the card certificate had expired. Coordinated with the security team to reissue the PIV card certificate and updated the system records. Confirmed with the user that access has been restored and the card is now recognized correctly.,ISSUE,"Johnson, Emily",4/27/2024 13:45,Resolved authentication failure by renewing the expired PIV card certificate and validating system access. User confirmed successful login post-resolution.,"Smith, Daniel",1,270.0,PIV Card Issue,Piv Card,Software/System: Piv Card ; Issue/Request: PIV Card Issue,PIV Card Support,10234,agent,No issues noted,0.8,0.0
26882,REQ0098745,Request,4/26/2024 9:22,Email,Request to renew PIV card before expiration,"My PIV card is expiring soon, and I need to initiate the renewal process to avoid any access issues. Please advise on the necessary steps and documentation required for renewal.",RENEWAL,"Johnson, Emily",,,,0,0.0,PIV Card Renewal,Piv Card,Software/System: Piv Card ; Issue/Request: PIV Card Renewal,PIV Card Services,10234,customer,Closing notes not provided.,,
27485,REQ0098723,Request,4/26/2024 9:15,Email,Processing request for new PIV card issuance,Received request for a replacement PIV card due to expiration. Verified user identity and eligibility. Initiated the issuance process and scheduled an appointment for card pickup. Notified the customer of next steps and expected timeline for completion.,REQUEST,"Johnson, Emily",4/27/2024 15:30,Processed and completed issuance of new PIV card. Customer was informed about pickup details and activation procedures. Ticket closed after confirmation of successful card issuance.,"Nguyen, David",1,30.25,PIV Card Request,Piv Card,Software/System: Piv Card ; Issue/Request: PIV Card Request,PIV Card Services,10234,agent,Routine resolution.,0.4,0.0
27363,INC0123456,Request,4/27/2024 9:15,Email,Unable to access systems using PIV card,Received report of login failure using PIV card. Initial troubleshooting included verifying card reader functionality and checking user credentials in the system. Card appears to be inactive or blocked. Escalated to security team for reactivation and reset. User informed to await confirmation before attempting access again.,ISSUE,"Johnson, Emily",4/27/2024 14:30,PIV card reactivated by security team and tested successfully. User confirmed access restored to all required systems. Provided guidance on proper card usage and contact info for future issues. Ticket closed.,"Smith, Daniel",1,315.0,PIV Card Issue,Piv Card,Software/System: Piv Card ; Issue/Request: PIV Card Issue,PIV Card Support Team,10234,agent,No further follow-up needed,0.7000000000000001,0.0
26921,REQ0098745,Request,6/10/2024 9:22,Email,Processing PIV card upgrade request for user,Received request for PIV card upgrade to meet new security standards. Verified user's eligibility and initiated card reissuance process. Coordinated with security office to activate new card and deactivate old one. Confirmed completion with user and provided guidance on new card features.,UPGRADE,"Taylor, Jordan",6/12/2024 16:45,Completed the upgrade by issuing a new PIV card with enhanced security protocols. Deactivated previous card and updated user records. User confirmed receipt and functionality of new card.,"Nguyen, Ashley",1,55.38,PIV Card Upgrade,Piv Card,Software/System: Piv Card ; Issue/Request: PIV Card Upgrade,PIV Card Services,10432,agent,No further action needed,0.8,0.0
27151,REQ0098745,Request,6/15/2024 9:22,Email,Temporary bypass for PIV card authentication requested,Received request for temporary bypass of PIV card authentication due to access issues. Verified user identity and escalated to security team for approval. Implemented temporary bypass for 24 hours to restore system access. Informed user of bypass duration and advised to report any further issues immediately.,BYPASS,"Johnson, Emily",6/15/2024 11:45,Temporary PIV card bypass granted for 24 hours after identity verification and security approval. User notified and access restored. Follow-up scheduled to resolve underlying authentication problem.,"Miller, Jason",1,143.0,PIV Card Bypass,Piv Card,Software/System: Piv Card ; Issue/Request: PIV Card Bypass,PIV Card Support,10234,agent,Update recorded.,0.7000000000000001,0.0
26776,REQ0098745,Request,6/10/2024 9:32,Email,Request to bypass PIV Card for system access,I am currently unable to access critical systems due to a malfunction with my PIV card. I need a temporary bypass to continue my work without interruption while the card issue is being resolved. Please assist with enabling a PIV card bypass as soon as possible.,BYPASS,"Johnson, Emily",,,,0,0.0,PIV Card Bypass,Piv Card,Software/System: Piv Card ; Issue/Request: PIV Card Bypass,PIV Card Support,10234,customer,Work completed as expected.,,
26973,INC1023456,Request,4/26/2024 9:15,Email,PIV card replacement requested for damaged card,Received request for PIV card replacement due to card damage causing scanning issues. Verified user identity and initiated replacement process. Issued new PIV card and activated it in the system. Informed user of completion and confirmed restored access to secure areas.,REPLACEMENT,"Johnson, Emily",4/27/2024 16:40,Processed and completed PIV card replacement for damaged card. New card activated and tested successfully. User notified and confirmed functionality.,"Nguyen, David",1,31.42,PIV Card Replacement,Piv Card,Software/System: Piv Card ; Issue/Request: PIV Card Replacement,PIV Card Services,4921,agent,No further action needed,0.6000000000000001,0.0
27129,REQ0098743,Request,4/26/2024 9:15,Email,Initiated PIV card replacement process,Received request for PIV card replacement due to expiration. Verified customer's identity and eligibility. Provided instructions for submitting required documentation and scheduled an appointment for card issuance. Escalated to PIV Card Services for processing and follow-up.,REQUEST,"Johnson, Emily",4/26/2024 12:30,Customer informed of required documents and appointment scheduled for PIV card issuance. Case handed off to PIV Card Services for completion.,"Miller, David",1,195.0,PIV Card Request,Piv Card,Software/System: Piv Card ; Issue/Request: PIV Card Request,PIV Card Services,10234,agent,No issues encountered,0.3,0.0
26812,INC1029384,Request,4/27/2024 9:15,Email,Request for PIV card replacement due to damage,My current PIV card has become damaged and is no longer readable by the card reader. I need a replacement issued as soon as possible to maintain access to secure areas and systems. Please advise on the next steps and expected timeline for the replacement process.,REPLACEMENT,"Johnson, Emily",4/28/2024 15:45,Customer's damaged PIV card replaced successfully. Provided instructions on card pickup and verified access restoration. Confirmed no further issues reported.,"Miller, Jason",0,30.5,PIV Card Replacement,Piv Card,Software/System: Piv Card ; Issue/Request: PIV Card Replacement,PIV Card Services,4921,customer,No further information.,0.6000000000000001,0.0
26837,INC0083745,Request,6/12/2024 9:45,Email,Request to bypass PIV card authentication,"Received a request to enable a temporary bypass for PIV card authentication due to hardware issues with the card reader. Verified user identity and escalated to security team for approval. Once approved, implemented a temporary bypass in the system allowing user access while awaiting hardware replacement. Informed the user about the temporary solution and advised to report any further issues.",BYPASS,"Smith, Jennifer",6/12/2024 12:30,Temporary PIV card bypass enabled after security approval. User notified and access restored. Awaiting hardware replacement for permanent fix.,"Johnson, Marcus",1,165.0,PIV Card Bypass,Piv Card,Software/System: Piv Card ; Issue/Request: PIV Card Bypass,PIV Card Support,10234,agent,Update recorded.,0.6000000000000001,0.0
26703,REQ0098743,Request,4/26/2024 9:45,Email,User requests PIV card upgrade due to expiration,Received request for PIV card upgrade as current card is expiring soon. Verified user identity and eligibility for upgrade. Scheduled appointment for card issuance and updated system records. Completed card activation and tested access to secure resources. Informed user of completion and provided usage guidelines.,UPGRADE,"Johnson, Emily",4/27/2024 15:30,Processed and completed PIV card upgrade. Confirmed successful activation and system access. User satisfied with resolution.,"Lee, Marcus",1,29.75,PIV Card Upgrade,Piv Card,Software/System: Piv Card ; Issue/Request: PIV Card Upgrade,PIV Card Services,4321,agent,No issues encountered,0.3,0.0
27588,TICK1002375,Request,6/15/2024 9:42,Email,Broken PIV Card preventing access,My PIV card is physically damaged and no longer works when I try to use it for building access and system login. I need a replacement as soon as possible to avoid disruption in my work.,ISSUE,"Johnson, Emily",,,,0,0.0,PIV Card Broken,Piv Card,Software/System: Piv Card ; Issue/Request: PIV Card Broken,PIV Card Support,10234,customer,Routine noted finalized.,,
27504,REQ0098743,Request,4/26/2024 9:15,Email,Request for PIV card replacement due to damage,My PIV card has been damaged and is no longer functioning properly. I need a replacement as soon as possible to maintain access to secure systems. Please advise on the process and expected timeline for receiving a new card.,REPLACEMENT,"Johnson, Emily",4/27/2024 16:30,Processed the replacement request for the damaged PIV card. Verified user's identity and initiated issuance of a new card. Notified the user of the pickup location and expected availability within 24 hours. Confirmed successful card activation after issuance.,"Miller, Ryan",1,31.25,PIV Card Replacement,Piv Card,Software/System: Piv Card ; Issue/Request: PIV Card Replacement,PIV CARD SERVICES,4321,customer,Work completed as expected.,0.8,0.0
27549,REQ0098743,Request,4/26/2024 9:15,Email,Processing PIV card upgrade request for user Amanda Diaz.,Received request to upgrade PIV card to latest version. Verified user identity and current card status. Scheduled appointment for card issuance and performed upgrade. Confirmed successful activation and access to secure systems. Provided user with usage guidelines and support contacts.,UPGRADE,"Diaz, Amanda",4/27/2024 16:45,Completed PIV card upgrade and verified functionality. User notified and satisfied with service. Closed ticket after final confirmation.,"Chen, Michael",1,31.5,PIV Card Upgrade,Piv Card,Software/System: Piv Card ; Issue/Request: PIV Card Upgrade,PIV CARD SERVICES,4321,agent,No issues encountered during upgrade,0.3,0.0
26948,TICK1002387,Request,6/15/2024 9:42,Email,Broken PIV Card causing access issues,My PIV card is physically damaged and no longer works when I try to access secure systems. I need a replacement as soon as possible to avoid disruption in my daily tasks.,ISSUE,"Johnson, Emily",,,,0,0.0,PIV Card Broken,Piv Card,Software/System: Piv Card ; Issue/Request: PIV Card Broken,PIV Card Support,10234,customer,General update completed.,,
26741,REQ0098743,Request,6/15/2024 9:22,Email,Temporary bypass for PIV card authentication requested,Received request for a PIV card bypass due to authentication failure. Verified user identity and system logs. Enabled temporary bypass to allow access while investigating card reader issues. Informed user of temporary solution and next steps for permanent fix. Monitoring access and coordinating with hardware team for card reader diagnostics.,BYPASS,"Johnson, Emily",6/15/2024 11:45,Temporary PIV card bypass enabled successfully. User notified and access restored. Follow-up scheduled with hardware support to resolve underlying card reader problem. Case closed after confirming user access restored without issues.,"Nguyen, David",1,143.0,PIV Card Bypass,Piv Card,Software/System: Piv Card ; Issue/Request: PIV Card Bypass,PIV Card Support,10234,agent,No further action needed,0.7000000000000001,0.0
27223,TICK1002345,Request,6/15/2024 9:42,Email,"Broken PIV card reported by user, replacement initiated",Received report of a broken PIV card from the user. Verified the issue and initiated the process for issuing a replacement card. Informed the user about the expected timeline for receiving the new card and advised on temporary access procedures. Escalated to PIV Card Issuance Team for fulfillment.,ISSUE,"Johnson, Emily",6/16/2024 14:30,Replacement PIV card request processed and user notified of temporary access options. Coordinated with issuance team to expedite delivery. Issue resolved upon confirmation of new card activation.,"Smith, Daniel",1,29.8,PIV Card Broken,Piv Card,Software/System: Piv Card ; Issue/Request: PIV Card Broken,PIV Card Support,4521,agent,No further follow-up needed,0.7000000000000001,0.0
27101,TICK0098723,Request,4/26/2024 9:45,Email,Unable to access systems with PIV card,Received report of authentication failure with PIV card. Verified card reader functionality and user credentials. Reset authentication token and re-synced card with authentication server. Tested access to internal systems successfully post-reset. Advised user to retry login and monitor for further issues. Escalation not required at this time.,ISSUE,"Johnson, Emily",4/26/2024 11:30,Resolved authentication issue by resetting token and re-synchronizing PIV card with authentication server. User confirmed successful login post-intervention. No further action needed.,"Miller, David",1,105.0,PIV Card Issue,Piv Card,Software/System: Piv Card ; Issue/Request: PIV Card Issue,PIV CARD SUPPORT,10234,agent,No further action required,0.8,0.0
26972,INC1023456,Request,4/26/2024 9:15,Email,Request for PIV card replacement due to damage,My current PIV card is damaged and no longer scans properly at secure entry points. I need to have it replaced as soon as possible to avoid access issues. Please advise on the next steps and timeline for replacement.,REPLACEMENT,"Johnson, Emily",4/27/2024 16:40,Customer's damaged PIV card was replaced successfully. New card issued and activated. Customer confirmed access is restored at all secure points.,"Nguyen, David",1,31.42,PIV Card Replacement,Piv Card,Software/System: Piv Card ; Issue/Request: PIV Card Replacement,PIV Card Services,4921,customer,Issue resolved as expected.,0.6000000000000001,0.0
26800,REQ0098743,Request,4/26/2024 9:45,Email,Request for PIV card replacement due to damage,My current PIV card has been damaged and is no longer readable by the card reader. I need a replacement as soon as possible to maintain access to secure systems and facilities. Please advise on the process and expected timeline for receiving a new card.,REPLACEMENT,"Johnson, Emily",4/27/2024 15:30,Customer's damaged PIV card was replaced successfully. Provided instructions for card pickup and reactivation. Confirmed customer access restored without issues.,"Nguyen, David",0,29.75,PIV Card Replacement,Piv Card,Software/System: Piv Card ; Issue/Request: PIV Card Replacement,PIV Card Services,10432,customer,Issue resolved as expected.,0.6000000000000001,0.0
27289,REQ0098743,Request,6/15/2024 9:22,Email,Processing PIV card request for expired card,Received request for a new PIV card due to expiration. Informed customer of required identity verification documents and scheduled an appointment for card issuance. Coordinated with security team to prepare the card and updated the system with the request status. Awaiting customer visit to complete issuance process.,REQUEST,"Johnson, Emily",6/16/2024 15:45,Customer provided necessary documents and completed identity verification. Issued new PIV card and confirmed access to secure systems. Closed request after customer confirmation of receipt.,"Nguyen, David",1,30.38,PIV Card Request,Piv Card,Software/System: Piv Card ; Issue/Request: PIV Card Request,PIV Card Services,10234,agent,Confirmed.,0.7000000000000001,0.0
27186,INC1029384,Request,4/27/2024 9:45,Email,Request for PIV card replacement due to damage,My current PIV card is damaged and no longer readable by the card reader. I need a replacement as soon as possible to maintain access to secure systems and facilities. Please advise on the next steps and expected timeline for the replacement process.,REPLACEMENT,"Johnson, Emily",4/28/2024 15:30,Processed PIV card replacement request. Verified user identity and submitted request to PIV card issuance team. Confirmed replacement card issuance and arranged for secure pickup. User notified of completion and access restored.,"Reyes, Michael",1,30.75,PIV Card Replacement,Piv Card,Software/System: Piv Card ; Issue/Request: PIV Card Replacement,PIV Card Services,4321,customer,Standard procedure followed.,0.6000000000000001,0.0
27503,TICK0098723,Request,4/26/2024 9:45,Email,Investigation and resolution of PIV card authentication failure,Received report of PIV card not being recognized by secure systems. Initial troubleshooting included verifying card reader functionality and checking user profile status. Card reader hardware is operational; user profile appears active. Cleared cached credentials and re-registered the PIV card with the authentication system. User tested access successfully post re-registration. Monitoring for any further issues.,ISSUE,"Johnson, Emily",4/26/2024 12:30,Resolved PIV card authentication issue by re-registering the card in the system and clearing cached credentials. Confirmed user access restored and functioning normally. No hardware faults detected.,"Nguyen, Alex",1,165.0,PIV Card Issue,Piv Card,Software/System: Piv Card ; Issue/Request: PIV Card Issue,PIV Card Support Team,10234,agent,No additional details provided.,0.7000000000000001,0.0
26661,TCKT0098745,Request,4/27/2024 9:42,Email,Broken PIV card not functioning,Received report of a broken PIV card not being recognized by the card reader. Initiated verification of card status and confirmed physical damage. Submitted request for card replacement through the secure issuance system. Advised user on temporary access procedures and expected delivery timeframe. Ticket will be closed upon card replacement confirmation.,ISSUE,"Johnson, Emily",4/28/2024 15:30,Processed replacement for damaged PIV card and updated user records. Confirmed user received new card and tested functionality with card reader. User confirmed restored access to secure systems. Issue resolved successfully.,"Martinez, Carlos",1,30.8,PIV Card Broken,Piv Card,Software/System: Piv Card ; Issue/Request: PIV Card Broken,PIV Card Support,11234,agent,Issue resolved as expected.,0.7000000000000001,0.0
26930,INC1023456,Request,4/26/2024 9:15,Email,Request for PIV card replacement due to damage,My current PIV card has been damaged and is no longer readable by the card reader. I need a replacement issued as soon as possible to maintain access to secured facilities and systems.,REPLACEMENT,"Johnson, Emily",4/27/2024 11:30,PIV card replacement request processed and new card issued to the user. Confirmed the damaged card was deactivated and access restored with the new card.,"Nguyen, David",0,150.25,PIV Card Replacement,Piv Card,Software/System: Piv Card ; Issue/Request: PIV Card Replacement,PIV Card Services,3245,customer,Ticket processed.,0.7000000000000001,0.0
26698,REQ0098743,Request,4/25/2024 9:22,Email,Need to renew my PIV card before expiration,"My PIV card is about to expire next month, and I need to initiate the renewal process as soon as possible to avoid any access disruptions. Please guide me on the steps required and any documentation I need to provide.",RENEWAL,"Johnson, Emily",4/26/2024 15:45,Provided instructions and scheduled appointment for PIV card renewal. Confirmed receipt of necessary documents and completed renewal process successfully.,"Nguyen, Michael",0,30.38,PIV Card Renewal,Piv Card,Software/System: Piv Card ; Issue/Request: PIV Card Renewal,PIV Card Services,10234,customer,Information not available.,0.5,0.0
26914,REQ0098745,Request,4/26/2024 9:45,Email,Request to bypass PIV card authentication temporarily,"Due to an urgent issue with my PIV card reader, I am unable to authenticate and access necessary systems. Please provide a temporary bypass solution for my PIV card so I can continue my work without interruption until the hardware issue is resolved.",BYPASS,"Johnson, Emily",,,,0,0.0,PIV Card Bypass,Piv Card,Software/System: Piv Card ; Issue/Request: PIV Card Bypass,PIV Access Support,11234,customer,Closing as completed.,,
27576,REQ0098743,Request,4/27/2024 9:22,Email,Request for new PIV card issuance,I need to request a new PIV card as my current one has expired. Please advise on the steps required to initiate the process and any documentation I need to provide. This is urgent as I require access to secure facilities starting next week.,REQUEST,"Johnson, Emily",,,,0,0.0,PIV Card Request,Piv Card,Software/System: Piv Card ; Issue/Request: PIV Card Request,PIV Card Services,10234,customer,Routine follow-up performed.,,
26901,REQ0098743,Request,6/15/2024 9:22,Email,Activation request for new PIV card,Received request to activate a newly issued PIV card for user Emily Johnson. Verified user identity and card details. Completed activation process through the PIV management system. Confirmed card functionality by testing user login to secure systems. Notified user of successful activation and provided instructions for first use.,ACTIVATION,"Johnson, Emily",6/15/2024 11:05,PIV card activated successfully. User confirmed access to secure systems without issues. Ticket closed.,"Nguyen, David",1,103.0,PIV Card Activation,Piv Card,Software/System: Piv Card ; Issue/Request: PIV Card Activation,PIV Card Services,10234,agent,Outcome confirmed.,0.3,0.0
26879,REQ1023456,Request,6/15/2024 9:22,Email,Activation request for new PIV card,Received request to activate a newly issued PIV card for user Emily Johnson. Verified user identity and card details. Completed activation in the PIV management system and confirmed successful access to secured resources. Informed user of completion and provided instructions for first-time login.,ACTIVATION,"Johnson, Emily",6/15/2024 11:05,PIV card activation completed successfully. User notified and able to access required systems without issues.,"Davis, Mark",0,103.0,PIV Card Activation,Piv Card,Software/System: Piv Card ; Issue/Request: PIV Card Activation,PIV Card Services,2345,agent,Ok ok confirmed.,0.3,0.0
27526,TICK0098743,Request,6/15/2024 9:27,Email,Unable to access system using PIV card,"I am experiencing issues when trying to log into the corporate system using my PIV card. The card reader does not recognize my card, and I receive an authentication error. This is preventing me from accessing critical applications needed for my work. Please assist in resolving this issue as soon as possible.",ISSUE,"Johnson, Emily",,,,0,0.0,PIV Card Issue,Piv Card,Software/System: Piv Card ; Issue/Request: PIV Card Issue,PIV Card Support,10234,customer,Noted.,,
27203,REQ0098743,Request,6/15/2024 9:22,Email,Activation request for new PIV card,Received request to activate new PIV card for user Emily Johnson. Verified user identity and card details. Completed activation process through the PIV management system. Confirmed card is now active and functional for secure access. Informed user of successful activation and provided instructions for first-time login.,ACTIVATION,"Johnson, Emily",6/15/2024 11:45,PIV card activation completed successfully. User notified and able to access systems securely.,"Martinez, Carlos",0,143.0,PIV Card Activation,Piv Card,Software/System: Piv Card ; Issue/Request: PIV Card Activation,PIV Card Support,10234,agent,Information not available.,0.3,0.0
27041,REQ0123456,Request,4/27/2024 9:15,Email,Processing PIV card upgrade request for enhanced security compliance,Received request for upgrading PIV card to latest version supporting new security protocols. Verified user eligibility and compliance requirements. Scheduled appointment for card issuance and deactivation of old card. Coordinated with security team to ensure smooth transition and updated access permissions accordingly.,UPGRADE,"Smith, Jennifer",4/27/2024 16:45,Completed PIV card upgrade by issuing new card with updated security features. Deactivated previous card and confirmed access restoration across all required systems. User notified and provided instructions for new card usage. Case closed with successful upgrade and compliance achieved.,"Johnson, Mark",1,450.0,PIV Card Upgrade,Piv Card,Software/System: Piv Card ; Issue/Request: PIV Card Upgrade,PIV Card Services,10234,agent,No issues encountered during upgrade process,0.7000000000000001,0.0
27439,REQ0098745,Request,4/25/2024 10:15,Email,Processing PIV card issuance request,Received request for new PIV card due to expiration. Verified user identity and eligibility. Initiated workflow for card issuance and scheduled appointment for card pickup. Informed user of required documents and next steps via email.,REQUEST,"Johnson, Emily",4/26/2024 15:45,Completed verification and processing for new PIV card issuance. User notified of appointment and documentation requirements. Case closed after confirming user received new card.,"Smith, Daniel",1,30.5,PIV Card Request,Piv Card,Software/System: Piv Card ; Issue/Request: PIV Card Request,PIV Card Services,10234,agent,No issues encountered,0.4,0.0
27172,REQ0078345,Request,4/26/2024 9:15,Email,PIV Card renewal request for continued access,I need to renew my PIV card as it is expiring soon. This is critical for maintaining my access to secure systems and facilities. Please advise on the renewal process and any required documentation.,RENEWAL,"Johnson, Emily",4/27/2024 16:30,PIV card renewal process initiated and completed successfully. User notified of new card pickup details.,"Davis, Mark",0,31.25,PIV Card Renewal,Piv Card,Software/System: Piv Card ; Issue/Request: PIV Card Renewal,PIV Card Services,10234,customer,Outcome confirmed.,0.3,0.0
27481,REQ0098745,Request,6/15/2024 10:05,Email,Processing new PIV card request for expired card,Received request for a new PIV card due to expiration. Verified user's identity and eligibility. Informed the customer about required documents including valid photo ID and completed PIV request form. Scheduled an appointment for card issuance. Escalated to PIV Card Issuance Team for final processing.,REQUEST,"Johnson, Emily",6/15/2024 15:30,User provided all necessary documentation and attended scheduled appointment. New PIV card was issued successfully and activated. User confirmed access to secure systems is restored.,"Lee, Marcus",1,390.0,PIV Card Request,Piv Card,Software/System: Piv Card ; Issue/Request: PIV Card Request,PIV Card Services,10234,agent,See work notes.,0.6000000000000001,0.0
26863,REQ0098743,Request,6/20/2024 9:45,Email,Deactivation of lost PIV card requested by user,Received request to deactivate PIV card due to loss. Verified user identity and initiated deactivation process in the PIV management system. Confirmed card status updated to inactive. Notified user of successful deactivation and advised on next steps for replacement card issuance.,DEACTIVATION,"Johnson, Emily",6/20/2024 11:30,PIV card successfully deactivated following user report of loss. User informed and replacement process initiated. No further actions required.,"Smith, Daniel",1,105.0,PIV Card Deactivation,Piv Card,Software/System: Piv Card ; Issue/Request: PIV Card Deactivation,PIV Card Services,4321,agent,Noted processed provided.,0.6000000000000001,0.0
27180,REQ0098743,Request,6/15/2024 9:27,Email,Request to deactivate PIV card immediately,I need to have my PIV card deactivated as soon as possible due to a security concern. Please confirm once the deactivation is complete. This is urgent as I no longer have access to the card and want to prevent any unauthorized use.,DEACTIVATION,"Johnson, Emily",6/15/2024 12:45,PIV card deactivation completed upon customer request. Confirmed card is no longer active in the system and notified customer of successful deactivation. Security protocols followed to ensure no unauthorized access post-deactivation.,"Nguyen, David",0,198.0,PIV Card Deactivation,Piv Card,Software/System: Piv Card ; Issue/Request: PIV Card Deactivation,Access Management,4521,customer,Resolution confirmed.,0.6000000000000001,0.0
26625,TICK0098745,Request,4/25/2024 9:42,Email,Unable to access system with PIV card,Received report of authentication failure with PIV card. Initial troubleshooting included verifying card reader functionality and checking user’s card status in the system. Card appears valid but reader firmware is outdated. Scheduled firmware update for card reader and advised user to retry login after update. Monitoring for further issues and prepared to escalate if problem persists.,ISSUE,"Johnson, Emily",4/25/2024 15:30,Updated card reader firmware which resolved recognition issues. Verified successful login with user’s PIV card. Confirmed no further authentication errors. User notified and case closed.,"Martinez, Carlos",1,345.0,PIV Card Issue,PIV Card,Software/System: PIV Card ; Issue/Request: PIV Card Issue,PIV Card Support,10234,agent,No further action required,0.8,0.0
26632,TICK0098743,Request,4/26/2024 9:15,Email,Unable to access systems due to PIV card malfunction,My PIV card is not being recognized when I try to log into the secure network. This issue started this morning and is preventing me from accessing critical applications needed for my work. Please assist in resolving this as soon as possible.,ISSUE,"Johnson, Emily",,,,0,0.0,PIV Card Issue,Piv Card,Software/System: Piv Card ; Issue/Request: PIV Card Issue,PIV Card Support,10234,customer,General update completed.,,
27219,REQ0098743,Request,4/26/2024 9:22,Email,Temporary bypass of PIV card authentication requested,Received request for temporary bypass of PIV card authentication due to user access issues. Verified user identity and escalated to security team for approval. Implemented temporary bypass settings with limited access and informed user of workaround steps. Monitoring access and coordinating with card management for permanent resolution.,BYPASS,"Johnson, Emily",4/26/2024 12:45,Temporary PIV card bypass enabled after security approval. User notified and access verified. Follow-up scheduled for permanent card resolution. Issue resolved for immediate access needs.,"Miller, David",1,203.0,PIV Card Bypass,Piv Card,Software/System: Piv Card ; Issue/Request: PIV Card Bypass,PIV Card Support,10234,agent,No additional details provided.,0.6000000000000001,0.0
26612,REQ0098721,Request,4/25/2024 9:45,Email,Request for PIV card replacement due to damage,My current PIV card is damaged and no longer readable by the card reader. I need a replacement as soon as possible to maintain access to secure systems and facilities. Please advise on the next steps and expected timeline for the replacement process.,REPLACEMENT,"Johnson, Emily",4/26/2024 15:30,Customer's damaged PIV card was replaced successfully. Informed the user about card pickup location and activation procedures. Confirmed that the new card is fully functional with all access permissions restored.,"Nguyen, Michael",0,29.75,PIV Card Replacement,PIV Card,Software/System: PIV Card ; Issue/Request: PIV Card Replacement,Security Access Team,11234,customer,Ok done.,0.7000000000000001,0.0
26823,INC1023456,Request,6/15/2024 9:27,Email,Broken PIV card preventing access,Received report of a damaged PIV card from user Jordan Taylor. Initiated verification of card status and confirmed physical damage. Submitted request for card replacement and notified user of expected delivery timeline. Advised user on temporary access procedures while awaiting new card. Ticket to be closed upon card issuance and confirmation of restored access.,ISSUE,"Taylor, Jordan",6/16/2024 14:45,Processed replacement for broken PIV card. User was provided with temporary access credentials until new card was issued. Confirmed new card activation and successful access restoration. Closed ticket after user confirmation.,"Nguyen, Emily",1,29.3,PIV Card Broken,Piv Card,Software/System: Piv Card ; Issue/Request: PIV Card Broken,PIV Card Support,1023456,agent,No issues reported,0.6000000000000001,0.0
27422,REQ1023456,Request,6/12/2024 9:15,Email,Activation request for new PIV card,I recently received my new PIV card but have not been able to activate it yet. Please assist with the activation process as I need to access secure systems for my daily tasks. Let me know if any additional information is required from my side.,ACTIVATION,"Smith, Jennifer",,,,0,0.0,PIV Card Activation,Piv Card,Software/System: Piv Card ; Issue/Request: PIV Card Activation,PIV Card Support,4321,customer,Routine resolution.,,
26898,TICK1002345,Request,6/10/2024 9:22,Email,Broken PIV card preventing access,My PIV card is physically damaged and no longer works when I try to access secure systems. I need a replacement as soon as possible to avoid disruption in my work.,ISSUE,"Johnson, Emily",,,,0,0.0,PIV Card Broken,Piv Card,Software/System: Piv Card ; Issue/Request: PIV Card Broken,PIV Card Support,10234,customer,Work completed as expected.,,
26656,REQ0098745,Request,4/27/2024 9:45,Email,Request for PIV card upgrade to latest version,I need to upgrade my current PIV card to the latest version to ensure compliance with new security protocols. Please advise on the process and timeline for this upgrade. The current card is expiring soon and I want to avoid any access issues.,UPGRADE,"Johnson, Emily",,,,0,0.0,PIV Card Upgrade,Piv Card,Software/System: Piv Card ; Issue/Request: PIV Card Upgrade,PIV Card Services,10234,customer,Issue resolved as expected.,,
14211,INC0049038,Incident,3/31/2021 16:13,Phone,HP LaserJet Pro M404n printing colors misaligned,I've noticed that the colors on my prints are all misaligned using my HP LaserJet Pro M404n. It's messing up the quality of printed images and graphics. What can be done to correct this issue?,MALFUNCTION,"Murphy, Charles",4/1/2021 1:33,The customer reported a color alignment issue with their HP LaserJet Pro M404n printer. This model is a monochrome printer and does not support color printing. Advised the customer to verify the model and provided guidance on checking for common monochrome print quality issues such as toner smears or uneven printing. Recommended contacting HP support if further issues persist.,"Wood, John",0,16.23,HP LaserJet Pro M404n Printer color misalignment,Printer,Software/System: Printer ; Issue/Request: HP LaserJet Pro M404n Printer color misalignment,PRINTER TEAM,7623,customer,No further action required,0.8,0.0
2892,INC0043057,Incident,3/31/2021 16:10,Phone,Epson EcoTank L3150 not printing despite receiving commands,"I have an Epson EcoTank L3150 that seems to be receiving print commands but isn't actually printing anything. The ink levels look good, so I'm not sure what the issue is. Can you help me figure out why it's not producing any output?",MALFUNCTION,"Bennett, Scarlett",4/1/2021 15:25,"Resolved the issue by walking the customer through a nozzle check to determine if there were any clogs. Found the nozzles were indeed clogged. Followed the printer's utility program to perform a head cleaning. After completing two head cleaning cycles, the printer started printing correctly. Advised the customer on regular maintenance and to print a page at least once a week to prevent the nozzles from clogging in the future.","Wood, John",6,361.87,Epson EcoTank L3150 Printer not printing,Printer,Software/System: Printer ; Issue/Request: Epson EcoTank L3150 Printer not printing,PRINTER TEAM,7619,customer,Software Installed,0.8,0.0
4789,INC0050058,Incident,3/31/2021 16:10,Phone,Trouble Connecting Printer to Computer,"I need help with my Dell C1760nw Printer. It won't connect to my computer, even after switching USB cables and ports. What should I do to fix this issue?",MALFUNCTION,"Rice, Audrey",4/1/2021 12:06,Advised customer to reinstall the printer drivers and update their operating system to ensure that all necessary support for the printer is configured correctly. Also recommended checking the printer with another PC to rule out a possible hardware issue with the printer itself. Customer will follow these steps and report back if the issue persists.,"Wood, John",4,231.18,Dell C1760nw Printer not recognized by PC,Printer,Software/System: Printer ; Issue/Request: Dell C1760nw Printer not recognized by PC,PRINTER TEAM,7658,customer,Software Installed,0.6000000000000001,0.0
21152,TASK0049459,Request,3/31/2021 16:49,Phone,Assistance needed for Canon printer installation,I've recently purchased a Canon PIXMA TR8520 and I'm struggling with setting it up and getting it connected to my WiFi network. Could you guide me on how to properly do this?,INSTALLATION,"Edwards, Rachel",3/31/2021 21:07,"Connected with the customer to understand their setup concerns regarding the Canon PIXMA TR8520 printer. 
Guided them through the initial installation steps, ensuring they had unboxed the printer and removed all protective materials. 
Assisted in powering on the printer and accessing the control panel to navigate to the WiFi setup options. 
Provided detailed instructions on selecting their WiFi network and entering the correct password for connectivity. 
Confirmed that the printer successfully connected to the WiFi network after troubleshooting a minor issue with the password entry. 
Instructed the customer on downloading and installing the Canon PRINT app on their device for easier management and printing tasks. 
Verified that the printer was recognized by their computer and performed a test print to confirm functionality. 
The customer expressed satisfaction with the setup process and confirmed that they can now print wirelessly. 
Ticket closed as the issue has been resolved and the customer is happy with the outcome.","Gray, Grace",1,808.14,Canon PIXMA TR8520 Printer configuration,Printer,Software/System: Printer ; Issue/Request: Canon PIXMA TR8520 Printer configuration,PRINTER TEAM,7630,customer,Issue resolved. Customer can now use the printer.,0.9,0.1
18113,TASK0049768,Request,3/31/2021 16:25,Phone,Assistance with connecting Mac to Samsung M2020W,I need help connecting my Mac to my new Samsung Xpress M2020W printer. What are the specific steps or settings required for a Mac to ensure it connects correctly?,INSTALLATION,"Howard, Madelyn",3/31/2021 18:34,"Assisted the customer in setting up their Samsung Xpress M2020W Printer on a Mac system. Provided step-by-step guidance for downloading and installing the necessary drivers from the Samsung website. Helped configure the printer settings specific to Mac OS, including adding the printer in System Preferences and setting it as the default printer. Ensured the customer was able to print a test page successfully.","Wood, John",1,127.25,Samsung Xpress M2020W Printer installation,Printer,Software/System: Printer ; Issue/Request: Samsung Xpress M2020W Printer installation,PRINTER TEAM,7633,customer,Issue resolved,0.8,0.0
16594,TASK0050180,Request,3/31/2021 16:24,Phone,Request for printer setup support,I need support in setting up my newly purchased Lexmark B2236dw printer. I am looking for guidance on both installation and initial configuration. Please help!,INSTALLATION,"Morgan, Gregory",4/2/2021 3:54,"Assisted customer with installation and configuration of the Lexmark B2236dw printer. Provided step-by-step guidance through the setup process, including connecting the printer to their network and installing the necessary drivers on their devices. Customer verified that the printer is functioning correctly.","Wood, John",0,231.18,Lexmark B2236dw Printer installation,Printer,Software/System: Printer ; Issue/Request: Lexmark B2236dw Printer installation,PRINTER TEAM,7637,customer,Issue Resolved,0.7000000000000001,0.0
10497,INC0049018,Incident,3/31/2021 16:50,Phone,Epson WF-2830 scanner problem,"My Epson WF-2830's scanner light isn't moving. It appears to be stuck, and because of this, I'm unable to scan any documents. What should I do to resolve this?",MALFUNCTION,"Cook, Michelle",4/1/2021 11:25,"Provided guidance to customer on troubleshooting the Epson WorkForce WF-2830 Printer scanner issue. Advised the customer to check if there are any obstructions blocking the scanner's light path and to reset the printer. Also, suggested updating or reinstalling scanner drivers and checking for any specific error messages or codes. Recommended contacting Epson support for hardware repair if the problem persists after these steps.","Gray, Grace",0,1303.45,Epson WorkForce WF-2830 Printer scanner malfunction,Printer,Software/System: Printer ; Issue/Request: Epson WorkForce WF-2830 Printer scanner malfunction,PRINTER TEAM,7626,customer,See worknotes,0.6000000000000001,0.0
22863,INC0049018,Incident,3/31/2021 16:51,Phone,Canon MG3620 paper jam not resolving,"My Canon Pixma MG3620 continues to have paper jam issues, and standard troubleshooting hasn't resolved the problem. I'm hoping to get some detailed help to stop this from happening. Thank you!",MALFUNCTION,"Walker, Sophia",4/2/2021 4:10,"Assisted the customer in resolving the recurrent paper jam issue in their Canon Pixma MG3620 Printer. Provided steps to properly clean the roller and paper feed mechanism using a lint-free cloth and isopropyl alcohol, advised on aligning the paper tray and using the correct paper type, and also suggested updating printer firmware. Customer's issue was resolved during the call.","Edwards, Jerry",5,38.15,Canon Pixma MG3620 Printer paper jam,Printer,Software/System: Printer ; Issue/Request: Canon Pixma MG3620 Printer paper jam,PRINTER TEAM,7621,customer,Issue Resolved,0.8,0.0
23698,INC0050097,Incident,3/31/2021 11:09,Phone,Low quality prints from Brother HL-L2395DW,"Hi, I have a Brother HL-L2395DW printer and it's producing very low-quality prints. I've tried adjusting the settings but nothing seems to improve the output. Could you help me figure out what might be wrong and if it needs any maintenance?",MALFUNCTION,"Cook, Michelle",4/1/2021 15:43,The caller reported issues with the Brother HL-L2395DW printer producing low-quality prints. Advised the caller to check the printer's toner level and drum condition. Recommended performing a maintenance check including cleaning the corona wire and replacing the toner cartridge if necessary. Provided steps for running the printer's built-in cleaning functions to improve print quality. Ticket escalated to technical support for further diagnosis and potential servicing if the issue persists after initial troubleshooting.,"Wood, John",2,144.43,Brother HL-L2395DW Printer low print quality,Printer,Software/System: Printer ; Issue/Request: Brother HL-L2395DW Printer low print quality,PRINTER TEAM,7651,customer,Updated,0.8,0.0
6996,TASK0051416,Request,3/31/2021 11:04,Phone,Continuous color print failure in Epson L3150 despite new cartridges,"Despite replacing the color ink cartridges and running multiple tests, my Epson EcoTank L3150 won't print in color. How can this be fixed?",INSTALLATION,"Carter, Patricia",3/31/2021 20:07,"Checked Epson EcoTank L3150 printer for any software updates and verified correct installation of color cartridges. Performed a nozzle check to determine if there were clogged nozzles causing the issue and conducted a print head cleaning procedure twice, which resolved the problem and restored color printing functionality. Advised client on regular maintenance and cleaning to avoid similar issues in the future.","Edwards, Jerry",3,808.14,Epson EcoTank L3150 Printer not printing color,Printer,Software/System: Printer ; Issue/Request: Epson EcoTank L3150 Printer not printing color,PRINTER TEAM,7649,customer,Closing notes not provided.,0.8,0.0
9941,TASK0050077,Request,3/31/2021 16:13,Phone,New Printer Unboxing and Setup,The customer has purchased a Ricoh SP C261DNw and needs help with unboxing and initial setup.,INSTALLATION,"Lopez, Gabriela",4/1/2021 22:04,"Assisted the customer with the unboxing and initial setup of the Ricoh SP C261DNw printer. Guided through removing packaging safely, connecting the power cord, installing toner cartridges, loading paper and setting up initial configurations on the printer panel. Also helped with connecting the printer to the network and installing necessary drivers on the customer's computer.","Gray, Grace",3,4146.08,Ricoh SP C261DNw Printer intallation,Printer,Software/System: Printer ; Issue/Request: Ricoh SP C261DNw Printer intallation,PRINTER TEAM,7636,agent,Fixed,0.8,0.0
24753,INC0049037,Incident,3/31/2021 16:25,Phone,Connectivity issue with Brother Printer,"My Brother HL-L2395DW Printer is powered on and connected, but it's still showing as offline on every device. Can you provide assistance to get it back online?",MALFUNCTION,"Gray, Tiffany",4/1/2021 6:52,"Resolved the offline issue with the Brother HL-L2395DW Printer. Advised the customer to check and clear any print jobs stuck in the print queue. Walked them through resetting the printer by powering it off, waiting for a minute, and powering it back on. Ensured the printer was set as the default printer and checked the network settings. The printer is now showing as online on all devices and able to print successfully.","Gray, Grace",3,361.87,Brother HL-L2395DW Printer offline issue,Printer,Software/System: Printer ; Issue/Request: Brother HL-L2395DW Printer offline issue,PRINTER TEAM,7620,customer,The issue has been resolved,0.8,0.0
22107,TASK0050489,Request,3/31/2021 18:12,Phone,Requesting setup assistance for Toshiba e-Studio 2802AM for network connections,Can you assist me with setting up my Toshiba e-Studio 2802AM so it can connect with multiple devices over our network? I'm unsure how to configure the network settings.,INSTALLATION,"Wallace, Meredith",4/2/2021 5:11,"Assisted customer with setting the Toshiba e-Studio 2802AM for network connectivity. Explained steps for setting up the network settings through the machine's control panel, configuring IP address and subnet mask, and setting up network scanning and printing features. Ensured devices on the same network can connect to the printer by verifying sharing settings and performing tests with customer's devices.","Gray, Grace",0,361.87,Toshiba e-Studio 2802AM Printer setup for multiple devices,Printer,Software/System: Printer ; Issue/Request: Toshiba e-Studio 2802AM Printer setup for multiple devices,PRINTER TEAM,7640,customer,Issue resolved,0.8,0.0
11841,TASK0049871,Request,3/31/2021 16:51,Phone,Need help connecting Dell printer to WiFi,I need assistance with connecting my new Dell C1760NW printer to my WiFi network. How do I do that?,INSTALLATION,"Phillips, Kimberly",4/1/2021 12:51,"Assisted customer with installing the new Dell C1760NW printer and connecting it to their WiFi network. Provided step-by-step instructions for printer setup, including removing packaging, installing toner cartridges, and loading paper. Explained the WiFi setup process, guiding the customer through finding the WiFi settings on the printer's control panel and entering their network credentials. Ensured printer was connected and functioning properly by performing a test print. Customer confirmed printer is working and is now successfully connected to their WiFi network.","Villanueva, Elena",0,127.25,Dell C1760NW Printer installation and WiFi connection,Printer,Software/System: Printer ; Issue/Request: Dell C1760NW Printer installation and WiFi connection,PRINTER TEAM,7634,customer,Fixed,0.8,0.0
25262,INC0049038,Incident,3/31/2021 16:13,Phone,Problem with color alignment on HP LaserJet Pro M404n,"I'm having trouble with color alignment on my HP LaserJet Pro M404n Printer. The colors aren't lining up correctly, which is really affecting the quality of my graphics and photographs. Can you help me fix this?",MALFUNCTION,"Ortiz, Paisley",4/1/2021 1:33,The customer reported a color alignment issue with their HP LaserJet Pro M404n printer. This model is a monochrome printer and does not support color printing. Advised the customer to verify the model and provided guidance on checking for common monochrome print quality issues such as toner smears or uneven printing. Recommended contacting HP support if further issues persist.,"Wood, John",0,16.23,HP LaserJet Pro M404n Printer color misalignment,Printer,Software/System: Printer ; Issue/Request: HP LaserJet Pro M404n Printer color misalignment,PRINTER TEAM,7623,customer,Software Installed,0.8,0.0
24138,TASK0049562,Request,3/31/2021 18:10,Phone,Configuration support for Epson WF-4730 network connection,I am unable to connect my new Epson WorkForce Pro WF-4730 to our office network and need guidance on how to configure it for network use. Please provide detailed assistance.,INSTALLATION,"Ramirez, Jack",4/1/2021 1:21,Assisted customer with configuring their Epson WorkForce Pro WF-4730 for network use. Guided through the process of accessing the printer's network settings via the control panel and entering the appropriate Wi-Fi credentials. Also explained how to configure network settings through the EpsonNet Setup software on a PC if needed. Tested the connection and confirmed that the printer was successfully connected to the office network and capable of printing wirelessly.,"Edwards, Jerry",2,144.43,Epson WorkForce Pro WF-4730 Network Printer configuration,Printer,Software/System: Printer ; Issue/Request: Epson WorkForce Pro WF-4730 Network Printer configuration,PRINTER TEAM,7631,customer,Issue Resolved,0.8,0.0
8657,TASK0051004,Request,3/31/2021 16:10,Phone,Installation Support Needed for Departmental Printers,Could you help us with the setup of several Ricoh Aficio SP 4310N printers that we plan to deploy in different departments? We require technical guidance on proper installation and configuration.,INSTALLATION,"Adams, Kenneth",4/1/2021 19:32,"Assisted the customer with the installation guidelines for multiple Ricoh Aficio SP 4310N printers across various departments. Provided step-by-step instructions for hardware setup, network configuration, and driver installation. Also assisted in testing the printers on the network to confirm connectivity and operational status. Recommended best practices for ongoing maintenance and troubleshooting tips. The customer verified successful installation and setup in all departments.","Edwards, Jerry",0,1303.45,Ricoh Aficio SP 4310N Enterprise printer installation,Printer,Software/System: Printer ; Issue/Request: Ricoh Aficio SP 4310N Enterprise printer installation,PRINTER TEAM,7645,customer,ISSUE RESOLVED,0.8,0.0
20907,TASK0051313,Request,3/31/2021 11:07,Phone,Setting up HP OfficeJet Pro 9025 for mobile and cloud printing,How do I configure my HP OfficeJet Pro 9025 to enable printing from my smartphone and access cloud printing services?,INSTALLATION,"Rogers, Angela",4/1/2021 7:33,"Provided guidance on configuring HP OfficeJet Pro 9025 for mobile and cloud printing. Advised customer to download and install the HP Smart app for mobile printing, and set up HP ePrint for cloud printing. Confirmed customer understood the steps and confirmed setup was successful.","Gray, Grace",2,241.3,HP OfficeJet Pro 9025 Mobile and cloud setup,Printer,Software/System: Printer ; Issue/Request: HP OfficeJet Pro 9025 Mobile and cloud setup,PRINTER TEAM,7648,customer,Closed,0.7000000000000001,0.0
12241,TASK0051107,Request,3/31/2021 16:25,Phone,USB and Network Setup for Printer,The customer requires setup assistance for both USB and network connections for their Epson AcuLaser C3000N.,INSTALLATION,"Bennett, Jackson",4/1/2021 9:55,"Assisted customer with the setup for both USB and network connections on their Epson AcuLaser C3000N printer. Provided step-by-step guidance on installing drivers, connecting the USB cable correctly, and configuring the printer settings for network use. Also, assisted with network configuration settings such as IP addressing and sharing the printer on the network.","Villanueva, Elena",0,1303.45,Epson AcuLaser C3000N USB and Network setup,Printer,Software/System: Printer ; Issue/Request: Epson AcuLaser C3000N USB and Network setup,PRINTER TEAM,7646,agent,Closed,0.8,0.0
10440,INC0043057,Incident,3/31/2021 16:10,Phone,Epson EcoTank L3150 Printer not printing,"The customer reports that their Epson EcoTank L3150 is not printing. They have checked the ink levels which are fine, and the printer appears to be receiving print commands but produces no output on paper.",MALFUNCTION,"Bennett, Scarlett",4/1/2021 15:25,"Resolved the issue by walking the customer through a nozzle check to determine if there were any clogs. Found the nozzles were indeed clogged. Followed the printer's utility program to perform a head cleaning. After completing two head cleaning cycles, the printer started printing correctly. Advised the customer on regular maintenance and to print a page at least once a week to prevent the nozzles from clogging in the future.","Wood, John",6,361.87,Epson EcoTank L3150 Printer not printing,Printer,Software/System: Printer ; Issue/Request: Epson EcoTank L3150 Printer not printing,PRINTER TEAM,7619,agent,Closed,0.8,0.0
17597,TASK0051107,Request,3/31/2021 16:25,Phone,Request for setup assistance with Epson printer connections,I need help setting up both USB and network connections for my Epson AcuLaser C3000N printer. Can you guide me through the process?,INSTALLATION,"Bennett, Jackson",4/1/2021 9:55,"Assisted customer with the setup for both USB and network connections on their Epson AcuLaser C3000N printer. Provided step-by-step guidance on installing drivers, connecting the USB cable correctly, and configuring the printer settings for network use. Also, assisted with network configuration settings such as IP addressing and sharing the printer on the network.","Villanueva, Elena",0,1303.45,Epson AcuLaser C3000N USB and Network setup,Printer,Software/System: Printer ; Issue/Request: Epson AcuLaser C3000N USB and Network setup,PRINTER TEAM,7646,customer,Closed updated.,0.8,0.0
2943,TASK0049356,Request,3/31/2021 16:24,Phone,New Printer Installation Request,The customer requests installation assistance for a new Brother HL-L2395DW printer. They need help with initial setup and software installation.,INSTALLATION,"Roberts, Gregory",4/1/2021 23:23,"Assisted customer with the installation and initial setup of the Brother HL-L2395DW printer. Guided them through unboxing, connecting to the power, and loading paper. Helped with installing the printer software on their computer, connecting the printer to their Wi-Fi network, and printing a test page to confirm setup was successful.","Wood, John",0,808.14,Brother HL-L2395DW Printer installation,Printer,Software/System: Printer ; Issue/Request: Brother HL-L2395DW Printer installation,PRINTER TEAM,7629,agent,Updated,0.8,0.0
20507,TASK0049562,Request,3/31/2021 18:10,Phone,Assistance required in configuring Epson WF-4730 printer for office network,"I'm trying to set up my new Epson WorkForce Pro WF-4730 for network use in my office, but I can't seem to connect it to the network. Could you help me with the steps to configure it properly?",INSTALLATION,"Nelson, Eric",4/1/2021 1:21,Assisted customer with configuring their Epson WorkForce Pro WF-4730 for network use. Guided through the process of accessing the printer's network settings via the control panel and entering the appropriate Wi-Fi credentials. Also explained how to configure network settings through the EpsonNet Setup software on a PC if needed. Tested the connection and confirmed that the printer was successfully connected to the office network and capable of printing wirelessly.,"Edwards, Jerry",2,144.43,Epson WorkForce Pro WF-4730 Network Printer configuration,Printer,Software/System: Printer ; Issue/Request: Epson WorkForce Pro WF-4730 Network Printer configuration,PRINTER TEAM,7631,customer,See worknotes,0.8,0.0
13925,TASK0049459,Request,3/31/2021 16:49,Phone,Help required for configuring a new printer,"I need help setting up my new Canon PIXMA TR8520, specifically with the physical installation and network setup. Can you provide me with some instructions or support for this?",INSTALLATION,"Edwards, Rachel",3/31/2021 21:07,"Assisted the customer with the physical installation of their Canon PIXMA TR8520 printer. 
Provided step-by-step instructions for unboxing, connecting the printer to power, and loading paper. 
Guided the customer through the network setup process, including connecting the printer to their Wi-Fi network. 
Instructed on downloading and installing the latest printer drivers from the Canon website to ensure compatibility. 
Confirmed successful connection to the network by printing a test page. 
The customer expressed satisfaction with the setup and is now able to use the printer without issues. 
Ticket closed as the request has been fully addressed and resolved.","Gray, Grace",1,808.14,Canon PIXMA TR8520 Printer configuration,Printer,Software/System: Printer ; Issue/Request: Canon PIXMA TR8520 Printer configuration,PRINTER TEAM,7630,customer,Issue resolved. Customer can now use the printer.,0.9,0.0
9756,TASK0051315,Request,3/31/2021 11:20,Phone,Lexmark B2236dw Wi-Fi setup help,A customer needs assistance with setting up the Wi-Fi on their new Lexmark B2236dw printer. They have misplaced their manual and require step-by-step guidance.,INSTALLATION,"Roberts, Gregory",3/31/2021 13:52,"Provided the customer with detailed instructions on how to set up Wi-Fi on their new Lexmark B2236dw printer. Steps included turning on the printer, navigating to the Settings menu using the control panel, selecting Network/Ports, choosing Wireless, and then running the Wireless Setup Wizard to connect to their network by selecting the correct network and entering their Wi-Fi password. Also directed the customer to the Lexmark website for a digital copy of their printer manual for future reference.","Gray, Grace",3,127.25,Lexmark B2236dw Printer Wi-Fi setup,Printer,Software/System: Printer ; Issue/Request: Lexmark B2236dw Printer Wi-Fi setup,PRINTER TEAM,7654,agent,Software Installed,0.9,0.0
9460,INC0050117,Incident,3/31/2021 11:09,Phone,Assistance needed with paper jam,I'm experiencing a recurring paper jam issue with my Canon PIXMA MG3620 printer. How do I properly remove the jammed paper and check for any causes?,MALFUNCTION,"Gonzales, Charles",4/1/2021 4:45,"Instructed customer to first turn off the printer and unplug it. Advised to open the cover and carefully remove any visible paper from the paper tray and inside the printer, checking the rear paper feed and output tray as well. Recommended the customer to also look for tiny bits of paper or debris that could cause jams. Suggested checking that the paper is loaded correctly and not overloaded or misaligned in the tray. Reminded to use the correct paper size and type. After clearing the jam, customer was guided to close the cover, plug the printer back in, and test by printing a page. Also recommended regular printer maintenance to prevent future jams.","Villanueva, Elena",1,808.14,Canon PIXMA MG3620 Printer paper jam error,Printer,Software/System: Printer ; Issue/Request: Canon PIXMA MG3620 Printer paper jam error,PRINTER TEAM,7650,customer,Resolved,0.8,0.0
12380,TASK0049356,Request,3/31/2021 16:24,Phone,Installation support for Brother HL-L2395DW printer,Could you help me set up my Brother HL-L2395DW? I am new to this and need step-by-step assistance with both the printer setup and the software installation.,INSTALLATION,"Reed, Mia",4/1/2021 23:23,"Assisted customer with the installation and initial setup of the Brother HL-L2395DW printer. Guided them through unboxing, connecting to the power, and loading paper. Helped with installing the printer software on their computer, connecting the printer to their Wi-Fi network, and printing a test page to confirm setup was successful.","Wood, John",0,808.14,Brother HL-L2395DW Printer installation,Printer,Software/System: Printer ; Issue/Request: Brother HL-L2395DW Printer installation,PRINTER TEAM,7629,customer,Updated,0.8,0.0
9960,TASK0050386,Request,3/31/2021 16:50,Phone,Assistance requested for setting up WiFi printing on Xerox Phaser 6510/DNI.,Can someone help me set up WiFi printing on my new Xerox Phaser 6510/DNI? I'm having trouble connecting it to my network.,INSTALLATION,"Lindholm, Anders",4/1/2021 18:19,Assisted the customer with setting up WiFi printing on their new Xerox Phaser 6510/DNI. Provided step-by-step instructions to connect the printer to their wireless network and verified functionality by printing a test page. The customer confirmed that the printer is working wirelessly.,"Edwards, Jerry",0,361.87,Xerox Phaser 6510/DNI Printer WiFi printing setup,Printer,Software/System: Printer ; Issue/Request: Xerox Phaser 6510/DNI Printer WiFi printing setup,PRINTER TEAM,7639,customer,Closed,0.7000000000000001,0.0
17999,INC0049237,Incident,3/31/2021 18:10,Phone,Canon PIXMA MG3620 Printer paper jam,"The user has reported that their Canon PIXMA MG3620 Printer frequently encounters paper jams. Despite clearing out the jammed paper and checking for any visible obstructions, the issue reoccurs with regular use.",MALFUNCTION,"Green, Jason",4/1/2021 9:27,"Advised customer to ensure the paper is loaded correctly without overfilling the tray and to use the appropriate paper type for their Canon PIXMA MG3620 printer. Recommended regular maintenance checks and to follow the manufacturer’s guidelines for clearing jams. Instructed them to contact Canon support if the issue continues, as it might require professional servicing.","Wood, John",2,808.14,Canon PIXMA MG3620 Printer paper jam,Printer,Software/System: Printer ; Issue/Request: Canon PIXMA MG3620 Printer paper jam,PRINTER TEAM,7610,agent,Software Installed,0.6000000000000001,0.0
18518,INC0048999,Incident,3/31/2021 18:12,Phone,HP DeskJet 3755 Printer ink leakage,The customer reports ink leakage in their HP DeskJet 3755 Printer. They have noticed excess ink on printed pages and inside the printer.,MALFUNCTION,"Sanders, Lily",4/2/2021 4:09,"Customer reported an ink leakage issue with their HP DeskJet 3755 Printer. Advised customer to immediately stop using the printer to avoid further damage or potential hazards. Recommended checking and properly seating the ink cartridges or replacing them if damaged. Also suggested cleaning the inside of the printer using printer-specific instructions to remove any excess ink. If the issue persists, customer should contact HP support or visit an authorized service center for repair or replacement under warranty if applicable.","Edwards, Jerry",0,241.3,HP DeskJet 3755 Printer ink leakage,Printer,Software/System: Printer ; Issue/Request: HP DeskJet 3755 Printer ink leakage,PRINTER TEAM,7627,agent,Fixed,0.7000000000000001,0.0
1703,INC0050057,Incident,3/31/2021 11:14,Phone,Issues with Samsung Printer Showing Offline,My Samsung Xpress M2835DW is consistently offline on all my devices. Can you guide me on how to restore its online status even though it appears properly connected and turned on?,MALFUNCTION,"Cooper, Hannah",3/31/2021 14:16,"Instructed the customer to restart their Samsung Xpress M2835DW printer and check its connection to the router. Advised verifying the printer settings to ensure it's configured to use the correct network, and if necessary, to re-enter Wi-Fi credentials. Recommended resetting the printer network settings if the issue persists and reconnecting it to the network. Also suggested updating the printer's firmware to the latest version and reinstalling printer drivers on all connected devices to resolve any compatibility issues.","Wood, John",2,127.25,Samsung Xpress M2835DW Printer offline,Printer,Software/System: Printer ; Issue/Request: Samsung Xpress M2835DW Printer offline,PRINTER TEAM,7653,customer,Software Installed,0.7000000000000001,0.0
3393,INC0059217,Incident,3/31/2021 16:10,Phone,Intermittent WiFi connectivity issues with Brother HL-L2395DW,"My Brother HL-L2395DW Printer frequently loses connection to WiFi and goes offline. I've restarted the printer and the router multiple times, yet the issue remains unresolved. Could you provide assistance to fix this ongoing connectivity problem?",MALFUNCTION,"Bennett, Carter",4/1/2021 9:01,"Advised customer to update the printer's firmware and check for interference from other wireless devices. Also suggested setting a static IP for the printer to ensure a stable connection and avoid IP conflicts, which can cause the device to appear offline.","Gray, Grace",4,144.43,Brother HL-L2395DW Printer offline issue,Printer,Software/System: Printer ; Issue/Request: Brother HL-L2395DW Printer offline issue,PRINTER TEAM,7611,customer,See worknotes,0.7000000000000001,0.0
8654,TASK0050695,Request,3/31/2021 16:24,Phone,Assistance needed in setting up wireless connectivity on HP Color LaserJet Pro MFP M479fdw.,Can you guide me through setting up the wireless connectivity for my new HP Color LaserJet Pro MFP M479fdw printer? I am not sure where to start with connecting it to my Wi-Fi network.,INSTALLATION,"Flores, Amelia",4/1/2021 14:03,"Assisted the customer in setting up the wireless connectivity on their HP Color LaserJet Pro MFP M479fdw. Guided through the process of accessing the printer's control panel, selecting the 'Network' menu, and setting up the Wireless Setup Wizard. Ensured that the printer connected successfully to the customer's Wi-Fi network and tested the functionality by printing a test page.","Villanueva, Elena",0,38.15,HP Color LaserJet Pro MFP M479fdw Wireless printer setup,Printer,Software/System: Printer ; Issue/Request: HP Color LaserJet Pro MFP M479fdw Wireless printer setup,PRINTER TEAM,7642,customer,No further action required,0.8,0.0
10924,TASK0050489,Request,3/31/2021 18:12,Phone,Need help networking my Toshiba e-Studio 2802AM with multiple devices,I need guidance on how to connect my Toshiba e-Studio 2802AM to several computers and devices in our office network. Could you provide step-by-step instructions?,INSTALLATION,"Butler, Naomi",4/2/2021 5:11,"Assisted customer with setting the Toshiba e-Studio 2802AM for network connectivity. Explained steps for setting up the network settings through the machine's control panel, configuring IP address and subnet mask, and setting up network scanning and printing features. Ensured devices on the same network can connect to the printer by verifying sharing settings and performing tests with customer's devices.","Gray, Grace",0,361.87,Toshiba e-Studio 2802AM Printer setup for multiple devices,Printer,Software/System: Printer ; Issue/Request: Toshiba e-Studio 2802AM Printer setup for multiple devices,PRINTER TEAM,7640,customer,Issue Resolved,0.8,0.0
20755,TASK0051210,Request,3/31/2021 11:04,Phone,Guidance requested for Lexmark printer calibration,Could you assist me in calibrating my new Lexmark CS417dn? I want to make sure I'm getting the optimal performance from it but I'm not sure how to start with the calibration. What are the necessary steps?,INSTALLATION,"Perez, Sofia",3/31/2021 19:34,"Assisted customer with the initial calibration of their Lexmark CS417dn printer. Provided step-by-step instructions on accessing the printer's menu to select 'Quality Menu' and then 'Calibrate Color', ensuring optimal print quality. Also advised on checking and aligning the printhead for better accuracy. The customer successfully completed the calibration.","Wood, John",0,241.3,Lexmark CS417dn Printer initial calibration,Printer,Software/System: Printer ; Issue/Request: Lexmark CS417dn Printer initial calibration,PRINTER TEAM,7647,customer,Issue resolved as expected.,0.9,0.0
15312,TASK0051416,Request,3/31/2021 11:04,Phone,Color printing issue with Epson L3150 after changing cartridges,I've replaced the color cartridges in my Epson EcoTank L3150 and it still won't print in color. I've done multiple test prints but nothing seems to work. What should I do next?,INSTALLATION,"Garcia, Linda",3/31/2021 20:07,"Checked Epson EcoTank L3150 printer for any software updates and verified correct installation of color cartridges. Performed a nozzle check to determine if there were clogged nozzles causing the issue and conducted a print head cleaning procedure twice, which resolved the problem and restored color printing functionality. Advised client on regular maintenance and cleaning to avoid similar issues in the future.","Edwards, Jerry",3,808.14,Epson EcoTank L3150 Printer not printing color,Printer,Software/System: Printer ; Issue/Request: Epson EcoTank L3150 Printer not printing color,PRINTER TEAM,7649,customer,See worknotes,0.8,0.0
18788,TASK0049768,Request,3/31/2021 16:25,Phone,Setup New Printer on Mac,The customer needs help setting up their new Samsung Xpress M2020W Printer on a Mac system. They are unsure how to proceed with Mac specific settings.,INSTALLATION,"Ramos, Debra",3/31/2021 18:34,"Assisted the customer in setting up their Samsung Xpress M2020W Printer on a Mac system. Provided step-by-step guidance for downloading and installing the necessary drivers from the Samsung website. Helped configure the printer settings specific to Mac OS, including adding the printer in System Preferences and setting it as the default printer. Ensured the customer was able to print a test page successfully.","Wood, John",1,127.25,Samsung Xpress M2020W Printer installation,Printer,Software/System: Printer ; Issue/Request: Samsung Xpress M2020W Printer installation,PRINTER TEAM,7633,agent,No further action required,0.8,0.0
18810,INC0049153,Incident,3/31/2021 18:12,Phone,Persistent error codes on Lexmark Printer,"Every time I turn on my Lexmark B2236dw printer, it immediately shows error codes and I cannot print anything. Could you assist me in resolving this issue?",MALFUNCTION,"Diaz, Grace",4/2/2021 0:07,"Resolved the issue with the Lexmark B2236dw printer displaying constant error codes by guiding the client through a hard reset process. Advised the client to check the printer’s manual for specific error code meanings, ensure all cables are securely connected, and to update the printer’s firmware if the issue persists post-reset. Tested the printer functioning post-troubleshooting and it is now operating without displaying errors.","Villanueva, Elena",1,127.25,Lexmark B2236dw Printer constant error codes,Printer,Software/System: Printer ; Issue/Request: Lexmark B2236dw Printer constant error codes,PRINTER TEAM,7614,customer,Issue resolved,0.8,0.0
22085,TASK0049665,Request,3/31/2021 16:10,Phone,Printer Software Installation Issue,"Installation of the software for the HP Envy Photo 7855 is proving difficult for the customer, who is experiencing errors during the install process.",INSTALLATION,"Nguyen, Lisa",4/1/2021 21:44,"Assisted the customer with the installation of software for the HP Envy Photo 7855 printer. Guided them through a step-by-step process, ensuring that they had the correct drivers and software version compatible with their operating system. Checked for any potential conflicts with existing software and guided the removal of old printer drivers. Verified successful installation and operation of the printer software. Customer confirmed that the printer is now functioning correctly.","Villanueva, Elena",0,144.43,HP Envy Photo 7855 Printer software installation issue,Printer,Software/System: Printer ; Issue/Request: HP Envy Photo 7855 Printer software installation issue,PRINTER TEAM,7632,agent,The issue has been resolved,0.8,0.0
11068,TASK0049768,Request,3/31/2021 16:25,Phone,Help needed for Samsung Printer installation on Mac,Can you guide me through the process of installing my new Samsung Xpress M2020W Printer on my Mac? I've never set up a printer on a Mac before and I need some assistance with the necessary settings.,INSTALLATION,"Howard, Madelyn",3/31/2021 18:34,"Assisted the customer in setting up their Samsung Xpress M2020W Printer on a Mac system. Provided step-by-step guidance for downloading and installing the necessary drivers from the Samsung website. Helped configure the printer settings specific to Mac OS, including adding the printer in System Preferences and setting it as the default printer. Ensured the customer was able to print a test page successfully.","Wood, John",1,127.25,Samsung Xpress M2020W Printer installation,Printer,Software/System: Printer ; Issue/Request: Samsung Xpress M2020W Printer installation,PRINTER TEAM,7633,customer,Fixed,0.8,0.0
11971,INC0050097,Incident,3/31/2021 11:09,Phone,Issue with print clarity on Brother HL-L2395DW,"Hello, my Brother HL-L2395DW isn't printing clearly. Despite changing the printer settings, the print quality hasn’t improved. Can you assist in diagnosing the problem or suggest any necessary maintenance?",MALFUNCTION,"Cook, Michelle",4/1/2021 15:43,The caller reported issues with the Brother HL-L2395DW printer producing low-quality prints. Advised the caller to check the printer's toner level and drum condition. Recommended performing a maintenance check including cleaning the corona wire and replacing the toner cartridge if necessary. Provided steps for running the printer's built-in cleaning functions to improve print quality. Ticket escalated to technical support for further diagnosis and potential servicing if the issue persists after initial troubleshooting.,"Wood, John",2,144.43,Brother HL-L2395DW Printer low print quality,Printer,Software/System: Printer ; Issue/Request: Brother HL-L2395DW Printer low print quality,PRINTER TEAM,7651,customer,Resolved,0.8,0.0
26219,INC0049237,Incident,3/31/2021 18:10,Phone,Help needed to resolve persistent paper jams in my printer,Could you assist me with my Canon PIXMA MG3620 Printer? It keeps experiencing paper jams despite me following the standard steps of clearing the jam and ensuring there are no visible blockages. I need help to stop this from recurring.,MALFUNCTION,"Collins, Adam",4/1/2021 9:27,"Advised customer to ensure the paper is loaded correctly without overfilling the tray and to use the appropriate paper type for their Canon PIXMA MG3620 printer. Recommended regular maintenance checks and to follow the manufacturer’s guidelines for clearing jams. Instructed them to contact Canon support if the issue continues, as it might require professional servicing.","Wood, John",2,808.14,Canon PIXMA MG3620 Printer paper jam,Printer,Software/System: Printer ; Issue/Request: Canon PIXMA MG3620 Printer paper jam,PRINTER TEAM,7610,customer,ISSUE RESOLVED,0.4,0.0
6109,INC0050058,Incident,3/31/2021 16:10,Phone,PC Fails to Detect Dell Printer,"Can you assist me? My Dell C1760nw Printer isn't showing up on my PC. Despite changing USB cables and trying various ports, the issue persists. I need help to solve this connectivity problem.",MALFUNCTION,"Howard, Madelyn",4/1/2021 12:06,Advised customer to reinstall the printer drivers and update their operating system to ensure that all necessary support for the printer is configured correctly. Also recommended checking the printer with another PC to rule out a possible hardware issue with the printer itself. Customer will follow these steps and report back if the issue persists.,"Wood, John",4,231.18,Dell C1760nw Printer not recognized by PC,Printer,Software/System: Printer ; Issue/Request: Dell C1760nw Printer not recognized by PC,PRINTER TEAM,7658,customer,No further action required,0.5,0.0
4243,TASK0050695,Request,3/31/2021 16:24,Phone,Help requested in configuring wireless settings on a new HP Color LaserJet Pro MFP M479fdw.,Could you help me configure the wireless settings on my new HP Color LaserJet Pro MFP M479fdw? I’m having trouble understanding how to get it connected to my home Wi-Fi.,INSTALLATION,"Young, Sarah",4/1/2021 14:03,"Assisted the customer in setting up the wireless connectivity on their HP Color LaserJet Pro MFP M479fdw. Guided through the process of accessing the printer's control panel, selecting the 'Network' menu, and setting up the Wireless Setup Wizard. Ensured that the printer connected successfully to the customer's Wi-Fi network and tested the functionality by printing a test page.","Villanueva, Elena",0,38.15,HP Color LaserJet Pro MFP M479fdw Wireless printer setup,Printer,Software/System: Printer ; Issue/Request: HP Color LaserJet Pro MFP M479fdw Wireless printer setup,PRINTER TEAM,7642,customer,ISSUE RESOLVED,0.8,0.0
17521,TASK0049461,Request,3/31/2021 16:24,Phone,Customer seeks assistance with firmware update process for Lexmark B2236dw Printer.,Could you help me with the process of updating my Lexmark B2236dw Printer’s firmware? I’m not familiar with the process and need some guidance.,INSTALLATION,"Garcia, Linda",4/1/2021 1:55,"Assisted the customer with the firmware update process for their Lexmark B2236dw Printer. I provided step-by-step guidance on how to check the current printer firmware version from the printer's control panel and how to download the latest firmware from the Lexmark website. I also walked the customer through the update process using the printer's web interface, ensuring they understood each step. The customer successfully updated the firmware and verified printer functionality post-update.","Gray, Grace",1,16.23,Lexmark B2236dw Printer firmware update,Printer,Software/System: Printer ; Issue/Request: Lexmark B2236dw Printer firmware update,PRINTER TEAM,7624,customer,Routine follow-up performed.,0.9,0.0
25858,INC0050057,Incident,3/31/2021 11:14,Phone,Samsung Xpress M2835DW offline status,"Customer reports their Samsung Xpress M2835DW continually shows as 'offline' on all connected devices, despite being on and connected to their router. Steps to reinstate online status needed.",MALFUNCTION,"Ramos, Bryan",3/31/2021 14:16,"Instructed the customer to restart their Samsung Xpress M2835DW printer and check its connection to the router. Advised verifying the printer settings to ensure it's configured to use the correct network, and if necessary, to re-enter Wi-Fi credentials. Recommended resetting the printer network settings if the issue persists and reconnecting it to the network. Also suggested updating the printer's firmware to the latest version and reinstalling printer drivers on all connected devices to resolve any compatibility issues.","Wood, John",2,127.25,Samsung Xpress M2835DW Printer offline,Printer,Software/System: Printer ; Issue/Request: Samsung Xpress M2835DW Printer offline,PRINTER TEAM,7653,agent,Issue Resolved,0.7000000000000001,0.0
4651,TASK0050180,Request,3/31/2021 16:24,Phone,Install and Configure New Printer,Customer requires installation and configuration for their newly purchased Lexmark B2236dw printer.,INSTALLATION,"Parker, Diana",4/2/2021 3:54,"Assisted customer with installation and configuration of the Lexmark B2236dw printer. Provided step-by-step guidance through the setup process, including connecting the printer to their network and installing the necessary drivers on their devices. Customer verified that the printer is functioning correctly.","Wood, John",0,231.18,Lexmark B2236dw Printer installation,Printer,Software/System: Printer ; Issue/Request: Lexmark B2236dw Printer installation,PRINTER TEAM,7637,agent,The issue has been resolved,0.8,0.0
3440,TASK0051315,Request,3/31/2021 11:20,Phone,Assistance Required for Printer Setup,I'm struggling to connect my Lexmark B2236dw printer to my Wi-Fi network because I misplaced the manual. Can anyone walk me through the setup process step-by-step?,INSTALLATION,"Brooks, Sadie",3/31/2021 13:52,"Provided the customer with detailed instructions on how to set up Wi-Fi on their new Lexmark B2236dw printer. Steps included turning on the printer, navigating to the Settings menu using the control panel, selecting Network/Ports, choosing Wireless, and then running the Wireless Setup Wizard to connect to their network by selecting the correct network and entering their Wi-Fi password. Also directed the customer to the Lexmark website for a digital copy of their printer manual for future reference.","Gray, Grace",3,127.25,Lexmark B2236dw Printer Wi-Fi setup,Printer,Software/System: Printer ; Issue/Request: Lexmark B2236dw Printer Wi-Fi setup,PRINTER TEAM,7654,customer,The issue has been resolved,0.9,0.0
20122,INC0049257,Incident,3/31/2021 16:49,Phone,Epson EcoTank ET-2760 Printer not printing,The customer reports that their Epson EcoTank ET-2760 Printer is not printing documents. The printer appears to be receiving the print commands but fails to output any physical printouts. The customer has checked the ink levels which are sufficient.,MALFUNCTION,"Bennett, Ethan",4/1/2021 23:09,Customer reported issue with Epson EcoTank ET-2760 not printing. Confirmed that the printer receives commands and has sufficient ink. Suggested checking and cleaning print head from the printer's maintenance menu. Advised on verifying that paper tray is correctly loaded and no paper jams are present. Recommended updating printer drivers and checking printer settings on PC. The customer will perform these steps and monitor if the issue persists.,"Villanueva, Elena",1,808.14,Epson EcoTank ET-2760 Printer not printing,Printer,Software/System: Printer ; Issue/Request: Epson EcoTank ET-2760 Printer not printing,PRINTER TEAM,7609,agent,Software Installed,0.7000000000000001,0.0
12730,TASK0050592,Request,3/31/2021 16:13,Phone,Requesting setup assistance for cloud printing on Brother MFC-L8900CDW,Could you help guide me through configuring cloud printing capabilities on our new Brother MFC-L8900CDW printer for office use? I am not sure where to start with enabling this feature.,INSTALLATION,"Nguyen, Lisa",4/1/2021 14:04,"Provided guidance on setting up cloud printing for the Brother MFC-L8900CDW. Instructed the customer to connect the printer to their network, update the printer firmware, and enable cloud printing services through the Brother Web Connect feature. Offered step-by-step instructions on configuring these settings from the printer's control panel and verifying connectivity. Advised on testing the setup by sending a print job via Google Cloud Print or AirPrint, depending on their device ecosystem.","Edwards, Jerry",0,38.15,Brother MFC-L8900CDW Printer Cloud printing configuration,Printer,Software/System: Printer ; Issue/Request: Brother MFC-L8900CDW Printer Cloud printing configuration,PRINTER TEAM,7641,customer,No further action required,0.8,0.0
16383,TASK0049460,Request,3/31/2021 17:13,Phone,Request help with setting up a new Samsung Xpress M2020W Printer,"Hello, I recently purchased a Samsung Xpress M2020W Printer and need some help getting it set up in my home office. Can someone assist me with the installation and configuration? I'm not sure how to connect it to my WiFi and properly configure it for use. Thank you!",INSTALLATION,"Alvarez, Ethan",4/1/2021 15:21,"Assisted customer with setting up the Samsung Xpress M2020W Printer. Provided step-by-step guidance over the phone for unboxing and physically setting up the printer, connecting it to Wi-Fi, and installing the necessary drivers on the customer's computer. Also helped in configuring printer settings according to the customer's preferences. Ensured that the printer was functioning correctly by conducting a test print. The customer was satisfied with the setup and no further issues were reported.","Villanueva, Elena",1,38.15,Samsung Xpress M2020W Printer setup request,Printer,Software/System: Printer ; Issue/Request: Samsung Xpress M2020W Printer setup request,PRINTER TEAM,7622,customer,Issue Resolved,0.8,0.0
23265,TASK0050695,Request,3/31/2021 16:24,Phone,Guidance required for connecting HP Color LaserJet Pro MFP M479fdw to wireless network.,I just bought an HP Color LaserJet Pro MFP M479fdw and I’m struggling to figure out how to connect it to my wireless network. Could you help me with the steps to set up the Wi-Fi connection?,INSTALLATION,"Young, Sarah",4/1/2021 14:03,"Assisted the customer in setting up the wireless connectivity on their HP Color LaserJet Pro MFP M479fdw. Guided through the process of accessing the printer's control panel, selecting the 'Network' menu, and setting up the Wireless Setup Wizard. Ensured that the printer connected successfully to the customer's Wi-Fi network and tested the functionality by printing a test page.","Villanueva, Elena",0,38.15,HP Color LaserJet Pro MFP M479fdw Wireless printer setup,Printer,Software/System: Printer ; Issue/Request: HP Color LaserJet Pro MFP M479fdw Wireless printer setup,PRINTER TEAM,7642,customer,Software Installed,0.8,0.0
1263,INC0050078,Incident,3/31/2021 18:10,Phone,Slow printing issue with Kyocera ECOSYS P5026cdw,"Hello, my Kyocera ECOSYS P5026cdw printer has become much slower than usual. Can you help me speed it back up to its original performance?",MALFUNCTION,"Chen, Li",4/1/2021 4:04,"Advised customer to check and clean the printer's drum and toner units as dirt or debris can cause slowdowns. Ensured that the latest printer firmware is installed for optimal performance. Recommended reducing print quality for faster speed if high resolution is not necessary, and to check the network speed if printer is used over a network, as this can affect printing speed.","Villanueva, Elena",3,231.18,Kyocera ECOSYS P5026cdw Printer slow printing,Printer,Software/System: Printer ; Issue/Request: Kyocera ECOSYS P5026cdw Printer slow printing,PRINTER TEAM,7657,customer,Resolved,0.7000000000000001,0.0
18044,INC0050077,Incident,3/31/2021 11:14,Phone,HP LaserJet Pro M404dn not connecting to network,There's an issue reported with an HP LaserJet Pro M404dn that won't connect to the network. The customer has checked network settings and rebooted the printer with no success.,MALFUNCTION,"Sanders, Lily",4/1/2021 19:33,"Provided troubleshooting steps to customer including checking if the printer IP settings are configured correctly, ensuring the printer's firmware is updated, and verifying the network cable and router functionality. Additionally, suggested trying to connect the printer to a different network port to isolate the issue. Customer to follow up if the problem persists after trying these steps.","Villanueva, Elena",1,144.43,HP LaserJet Pro M404dn Printer connectivity issue,Printer,Software/System: Printer ; Issue/Request: HP LaserJet Pro M404dn Printer connectivity issue,PRINTER TEAM,7652,agent,Issue Resolved,0.6000000000000001,0.0
16837,INC0050077,Incident,3/31/2021 11:14,Phone,Unable to connect HP LaserJet Pro M404dn to network,I've been trying to connect my HP LaserJet Pro M404dn printer to the network but it's not working. I've already checked the network settings and rebooted the printer multiple times. Can you help me figure out what else I can do to fix this?,MALFUNCTION,"Ortiz, Sofia",4/1/2021 19:33,"Provided troubleshooting steps to customer including checking if the printer IP settings are configured correctly, ensuring the printer's firmware is updated, and verifying the network cable and router functionality. Additionally, suggested trying to connect the printer to a different network port to isolate the issue. Customer to follow up if the problem persists after trying these steps.","Villanueva, Elena",1,144.43,HP LaserJet Pro M404dn Printer connectivity issue,Printer,Software/System: Printer ; Issue/Request: HP LaserJet Pro M404dn Printer connectivity issue,PRINTER TEAM,7652,customer,No further action required,0.6000000000000001,0.0
10709,INC0049257,Incident,3/31/2021 16:49,Phone,EcoTank ET-2760 not producing prints,"My EcoTank ET-2760 isn't printing. It processes my print requests but no papers are coming out, despite having plenty of ink. Could you assist?",MALFUNCTION,"Zapata, Gloria",4/1/2021 23:09,Customer reported issue with Epson EcoTank ET-2760 not printing. Confirmed that the printer receives commands and has sufficient ink. Suggested checking and cleaning print head from the printer's maintenance menu. Advised on verifying that paper tray is correctly loaded and no paper jams are present. Recommended updating printer drivers and checking printer settings on PC. The customer will perform these steps and monitor if the issue persists.,"Villanueva, Elena",1,808.14,Epson EcoTank ET-2760 Printer not printing,Printer,Software/System: Printer ; Issue/Request: Epson EcoTank ET-2760 Printer not printing,PRINTER TEAM,7609,customer,Software Installed,0.6000000000000001,0.0
19335,INC0050078,Incident,3/31/2021 18:10,Phone,Kyocera ECOSYS Slowdown,"Hello, my Kyocera ECOSYS P5026cdw seems to be printing at a slower pace than before. Could you assist me in restoring its initial printing speed?",MALFUNCTION,"Ramos, Debra",4/1/2021 4:04,"Advised customer to check and clean the printer's drum and toner units as dirt or debris can cause slowdowns. Ensured that the latest printer firmware is installed for optimal performance. Recommended reducing print quality for faster speed if high resolution is not necessary, and to check the network speed if printer is used over a network, as this can affect printing speed.","Villanueva, Elena",3,231.18,Kyocera ECOSYS P5026cdw Printer slow printing,Printer,Software/System: Printer ; Issue/Request: Kyocera ECOSYS P5026cdw Printer slow printing,PRINTER TEAM,7657,customer,Fixed,0.7000000000000001,0.0
14480,INC0049097,Incident,3/31/2021 16:49,Phone,Print colors incorrect on Xerox Phaser 6510,"I need help with my Xerox Phaser 6510 Printer. The reds are appearing as dull oranges instead of the vibrant red I expect, even after recalibrating multiple times. Can someone assist me to get the correct colors?",MALFUNCTION,"Quinlan, Aaron",3/31/2021 17:17,"In the case of the Xerox Phaser 6510 where colors such as red are printed as dull oranges and calibration resets do not resolve the issue, the problem might be related to the printer's toner or drum unit. Replacing the red toner cartridge could potentially resolve the color accuracy issue. If the problem persists, further investigation into the imaging unit or contacting Xerox support for advanced troubleshooting might be necessary.","Edwards, Jerry",8,231.18,Xerox Phaser 6510 Printer color inconsistency,Printer,Software/System: Printer ; Issue/Request: Xerox Phaser 6510 Printer color inconsistency,PRINTER TEAM,7617,customer,Issue resolved,0.7000000000000001,0.0
23013,INC0048121,Incident,3/31/2021 16:13,Phone,Unusual noise from Kyocera Printer during use and idle,My Kyocera Ecosys P5026cdw Printer has started making loud noises during both its operation and when it's idling. Is there something wrong inside the printer? What should I do to fix it?,MALFUNCTION,"Murphy, Jack",4/1/2021 6:10,"Advised the user to check if there are any foreign objects or loose components inside the printer that might be causing the noise. Also suggested to ensure all access panels are securely closed. If the noise persists, recommended scheduling a maintenance check with a professional technician to prevent any potential damage to the printer.","Wood, John",0,4146.08,Kyocera Ecosys P5026cdw Printer loud noise,Printer,Software/System: Printer ; Issue/Request: Kyocera Ecosys P5026cdw Printer loud noise,PRINTER TEAM,7615,customer,Closed,0.4,0.0
14242,INC0049037,Incident,3/31/2021 16:25,Phone,Printer connection issue,I can't get my Dell B1160w Printer to connect to any device on my network. Could you help me re-establish its network connection?,MALFUNCTION,"Carter, Patricia",4/1/2021 7:56,"Assisted customer in re-establishing the network connection for their Dell B1160w Printer. Guided through the steps of verifying printer installation, checking Wi-Fi settings on the printer, ensuring correct network is selected, and resetting printer network settings. Confirmed that the devices on their network now recognize the printer.","Edwards, Jerry",0,1303.45,Dell B1160w Printer not recognized by network,Printer,Software/System: Printer ; Issue/Request: Dell B1160w Printer not recognized by network,PRINTER TEAM,7625,customer,Software Installed,0.8,0.0
22838,INC0050118,Incident,3/31/2021 11:20,Phone,Printed colors not matching screen display,What could be causing the colors to look different on paper when I print from my computer using the Xerox Phaser 6510?,MALFUNCTION,"Nelson, Eric",4/1/2021 20:20,"Advised the client to calibrate their printer and monitor to ensure color accuracy. Guided them through the calibration process for both their Xerox Phaser 6510 printer and their computer screen. Suggested checking and updating the printer driver, and using standard ICC profiles for color management. Follow-up scheduled to confirm improvement in color matching.","Edwards, Jerry",4,4146.08,Xerox Phaser 6510 Printer color mismatch issue,Printer,Software/System: Printer ; Issue/Request: Xerox Phaser 6510 Printer color mismatch issue,PRINTER TEAM,7655,customer,Software Installed,0.8,0.0
14280,INC0050117,Incident,3/31/2021 11:09,Phone,Help with clearing a paper jam,Can you guide me on how to clear a paper jam on my Canon PIXMA MG3620? It keeps happening and I'm not sure what to do.,MALFUNCTION,"Gonzales, Charles",4/1/2021 4:45,"Instructed customer to first turn off the printer and unplug it. Advised to open the cover and carefully remove any visible paper from the paper tray and inside the printer, checking the rear paper feed and output tray as well. Recommended the customer to also look for tiny bits of paper or debris that could cause jams. Suggested checking that the paper is loaded correctly and not overloaded or misaligned in the tray. Reminded to use the correct paper size and type. After clearing the jam, customer was guided to close the cover, plug the printer back in, and test by printing a page. Also recommended regular printer maintenance to prevent future jams.","Villanueva, Elena",1,808.14,Canon PIXMA MG3620 Printer paper jam error,Printer,Software/System: Printer ; Issue/Request: Canon PIXMA MG3620 Printer paper jam error,PRINTER TEAM,7650,customer,See worknotes,0.8,0.0
934,INC0037262,Incident,1/20/2021 9:33,Phone,Users receiving 'Invalid Credentials' message when attempting to log into RetailMagic despite correct login details.,"Multiple reports have come in about an 'Invalid Credentials' message blocking access to RetailMagic, even with the right login details. We've investigated for any recent security patches or modifications that could disrupt login protocols. 

The issue has been forwarded to the Security Team for a deeper dive.",ERROR,"Allen, Ella",1/20/2021 12:04,"Issue: Multiple users reported receiving 'Invalid Credentials' messages when attempting to log into RetailMagic. Troubleshooting steps taken: 1. Confirmed that users were indeed entering the correct login details. 2. Checked for any recent updates or security patches that could have affected the login system. 3. Verified that the issue was not user-specific by replicating the issue on multiple accounts. 4. Forwarded the issue to the Security Team for further investigation, as initial troubleshooting did not resolve the problem. Resolution: The Security Team identified a recent security patch that had inadvertently disrupted the authentication protocols. The patch was rolled back, and the issue was resolved. confirmed with multiple users that they could log in successfully.","Price, Andrew",0,151.59,"RetailMagic Login Error, 'Invalid Credentials' error",RetailMagic,"Software/System: RetailMagic ; Issue/Request: RetailMagic Login Error, 'Invalid Credentials' error",SECURITY OPERATIONS,1616,agent,Updated,0.8,0.0
13156,TASK0046484,Request,3/13/2021 14:52,Phone,PIV card not working due to demagnetization; requires a 1-Day exemption.,"The customer contacted us regarding an issue with their PIV card, which has become demagnetized, rendering it non-functional. They requested a 1-Day exemption to resolve the situation but were unable to secure it due to not having all the necessary documents on hand for verification. They need assistance in processing this exemption.",ACCESS,"Phillips, Kimberly",3/13/2021 16:28,"The user's PIV card was not functioning due to demagnetization. First, I verified the physical state of the card and confirmed the demagnetization issue. Since the user required a 1-Day exemption and could not verify their identity due to missing documents, I provided the following steps for resolution: 1) Advised the user to visit the nearest badge office to get a temporary PIV card issued. 2) Recommended the user to ensure all necessary identification documents are available for re-verification. 3) Provided guidance on how to safely store the PIV card to avoid future demagnetization. After these steps, the user successfully obtained a temporary card, and access was restored for the required period.","Rogers, Frank",0,96.6,PIV Exemption,PIV,Software/System: PIV; Issue/Request: PIV Exemption,USER ACCESS MANAGEMENT,6198,agent,Resolved,0.9,0.0
10750,INC0042894,Incident,2/23/2021 7:17,Chat,Users encountering 'Invalid Credentials' error on SecureAccess login.,"I'm encountering an issue while trying to log into SecureAccess, which persistently states 'Invalid Credentials,' even though I'm sure my credentials are correct. I have cross-checked this matter multiple times, and it still prevents me from accessing the system. Please look into whether any recent updates or security measures might be causing this problem. Some of my colleagues are facing the same issue, which seems to be widespread. We would appreciate if the Security Team could resolve this as soon as possible.",CONFIGURATION,"Bennett, Carter",2/23/2021 9:35,"Issue related to multiple users receiving 'Invalid Credentials' error when logging into SecureAccess. Concluded that the correct credentials were used, indicating a deeper issue. Troubleshooting involved: 1. Verified user credentials were accurate and current. 2. Checked for recent changes or updates to the SecureAccess system. 3. Reviewed system logs for potential security policy enforcement errors. Discovered that recent updates to the security policies had unexpected impacts on user authentication. Adjusted policies to correct the issue, followed by user verification to ensure successful login.","Cooper, Steven",0,138.17,"SecureAccess Login Error, 'Invalid Credentials' error",SecureAccess,"Software/System: SecureAccess ; Issue/Request: SecureAccess Login Error, 'Invalid Credentials' error",SECURITY OPERATIONS,4421,customer,Fixed,0.9,0.0
3326,INC0034925,Incident,1/6/2021 14:54,Chat,Users experiencing 'Invalid Credentials' error on CFMTool login.,"I've been trying to log into CFMTool, but keep getting an 'Invalid Credentials' error even though I'm sure my login details are correct. Could there have been any recent updates or changes that might be affecting authentication?",ACCESS,"Bailey, Irene",1/6/2021 15:42,"Issue reported regarding 'Invalid Credentials' error on CFMTool login. Verified users were entering correct credentials. Checked for recent security updates or changes that may affect authentication but found none linked to the current issue. Due to its nature, the ticket is escalated to the Security Team for further investigation and resolution.","Cooper, Steven",0,48.42,"CFMTool Login Error, 'Invalid Credentials' error",CFMTool,"Software/System: CFMTool ; Issue/Request: CFMTool Login Error, 'Invalid Credentials' error",SECURITY OPERATIONS,452,customer,See worknotes,0.6000000000000001,0.0
6850,INC0038631,Incident,1/27/2021 14:53,Email,Unable to login to Palo Alto Networks due to 'Invalid Credentials' error,Encountering an error message saying 'Invalid Credentials' when attempting to access Palo Alto Networks with the right login credentials. Could you investigate if there have been any recent security updates affecting the login process? The matter has been escalated to the Security Team for further assistance.,ACCESS,"Reed, Johnny",1/27/2021 15:25,"Issue investigated and resolved. The user was unable to log in to Palo Alto Networks despite using the correct credentials. Initially, it was confirmed there were no ongoing security updates or issues with the platform. The troubleshooting process began by clearing the browser cache and cookies, which did not solve the issue. Next, password reset procedures were followed, and the user received a new password via the registered email. The user was still unable to log in, so the account status was checked and reactivated as it was temporarily locked due to multiple failed login attempts. Finally, the user was advised to try again, and access was successfully restored.","Harris, Nicole",0,32.85,"Palo Alto Networks Login Error, 'Invalid Credentials' error",Palo Alto Networks,"Software/System: Palo Alto Networks ; Issue/Request: Palo Alto Networks Login Error, 'Invalid Credentials' error",SECURITY OPERATIONS,2297,agent,Issue resolved,0.8,0.0
7457,INC0044903,Incident,3/5/2021 8:49,Phone,Users getting 'Invalid Credentials' error on Terraform login,"I've been trying to log into Terraform, but I keep getting an 'Invalid Credentials' error even though I am certain that my login information is correct. I am not aware of any recent changes to my account that could be causing this issue. Could you please check if there have been any security updates recently that might be blocking my access? This issue has been escalated to the Security Team.",ACCESS,"Carter, Brandon",3/5/2021 10:37,"Issue was resolved by performing the following troubleshooting steps: 1. Verified that users were entering their login credentials correctly. 2. Checked the server logs to identify any unusual activity or recent changes. 3. Found recent security updates that might be causing authentication issues. 4. Reset the passwords for affected users and advised them to try logging in again. 5. Ensured that the security settings on the server were not blocking legitimate login attempts. 6. Verified successful logins by having users report back if they were able to access the system. After these steps, the 'Invalid Credentials' error was resolved and users were able to log in without issues.","Adams, Joseph",0,108.5,"Terraform Login Error, 'Invalid Credentials' error",Terraform,"Software/System: Terraform ; Issue/Request: Terraform Login Error, 'Invalid Credentials' error",CLOUD INFRASTRUCTURE,5403,customer,Software Installed,0.8,0.0
6082,INC0042218,Incident,2/18/2021 7:56,Email,Users experiencing 'Invalid Credentials' error on NexGen Storage despite correct login details.,"I've been trying to access the NexGen Storage system, but despite entering the right login details, I keep getting an 'Invalid Credentials' message. It seems like something might be wrong since several of us are experiencing the same problem. Could you please investigate if there have been any recent changes or updates that could be causing this issue?",ERROR,"Robinson, Megan",2/18/2021 11:51,"Issue investigated and identified as a problem with the user authentication service for NexGen Storage. The credentials were verified to be correct, ruling out user error. Through system logs, it was found that a recent security patch applied to the authentication servers caused a disruption in the login protocols. This patch was rolled back, and subsequently, users were able to log in without issues. User authentication functionality was tested post-resolution to ensure stability. Recommended to monitor for any further anomalies and report if the issue reoccurs.","Adams, Joseph",0,235.36,"NexGen Storage Login Error, 'Invalid Credentials' error",NexGen Storage,"Software/System: NexGen Storage ; Issue/Request: NexGen Storage Login Error, 'Invalid Credentials' error",SECURITY OPERATIONS,4087,customer,Issue Resolved,0.9,0.0
21257,TASK0034232,Request,1/1/2021 14:57,Self-service,Request for temporary RSA Token due to security concerns.,I am requesting a temporary RSA Token due to security concerns following a break-in at my home. I've tried several methods to verify my identity but have been unsuccessful in acquiring the token.,ACCESS,"Sanchez, Katie",1/1/2021 15:57,"Customer reported a security concern after a break-in and requested a temporary RSA Token. Repeated attempts to verify the customer’s identity through various methods were unsuccessful. As a resolution, escalated the request to the security team for manual verification and issuance of the RSA Token. Awaiting confirmation and further instructions from the security team.","Nelson, Eva",0,60.82,RSA Token Request,RSA Token,Software/System: RSA Token; Issue/Request: RSA Token Request,USER ACCESS MANAGEMENT,100,customer,Updated,0.7000000000000001,0.0
25490,INC0036117,Incident,1/13/2021 11:16,Phone,Users facing 'Invalid Credentials' alert when logging into HubSpot,"Several users are hitting a wall with an 'Invalid Credentials' alert when trying to log into HubSpot, despite using their correct credentials. Initial checks were made for any new security implementations that might be interfering with authentication processes. 

This problem is now in the hands of the Security Team.",ACCESS,"Thompson, Charlotte",1/13/2021 12:37,"The issue of 'Invalid Credentials' were brought up by several users attempting to log into HubSpot despite using correct credentials. Initial troubleshooting confirmed users were indeed using the correct usernames and passwords. Furthermore, it was verified that there were no new security implementations or updates that could potentially interfere with the authentication process. The problem has been escalated to the Security Team, which is now investigating possible causes including server-side issues, access control changes, or potential security breaches.","Price, Andrew",0,81.45,"HubSpot Login Error, 'Invalid Credentials' error",HubSpot,"Software/System: HubSpot ; Issue/Request: HubSpot Login Error, 'Invalid Credentials' error",SECURITY OPERATIONS,1045,agent,Resolved,0.7000000000000001,0.0
16908,INC0036103,Incident,1/13/2021 10:56,Phone,Users receiving 'Invalid Credentials' error while logging into WebWise with correct details,"Multiple reports have come in about an 'Invalid Credentials' message blocking access to WebWise, even with the right login details. We've investigated for any recent security patches or modifications that could disrupt login protocols. 

The issue has been forwarded to the Security Team for a deeper dive.",ERROR,"Ross, Addison",1/13/2021 13:28,"After investigating reports from multiple users about receiving an 'Invalid Credentials' message when attempting to log in to WebWise, the following troubleshooting steps were taken: 1) Verified that users were entering the correct login credentials. 2) Checked for any recent security patches or updates that could have affected the login protocols. 3) Ensured the authentication servers were running without issues. After these initial checks, the issue was determined to be beyond the scope of typical troubleshooting and has been escalated to the Security Team for further investigation. Awaiting their analysis and resolution.","Nelson, Eva",0,152.91,"WebWise Login Error, 'Invalid Credentials' error",WebWise,"Software/System: WebWise ; Issue/Request: WebWise Login Error, 'Invalid Credentials' error",SECURITY OPERATIONS,1038,agent,No further action required,0.7000000000000001,0.0
13900,INC0036975,Incident,1/19/2021 7:47,Phone,Unable to log in to Symantec Endpoint Protection due to credential error.,"Whenever I try to log in to Symantec Endpoint Protection, I'm seeing a message saying my credentials are wrong, even though I know they're right. I looked into any recent security updates or changes that might be causing this issue, but nothing seems out of place. I've reached out to the Security Team to get this fixed.",ACCESS,"James, Eleanor",1/19/2021 8:28,"Issue resolved by resetting the user's Symantec Endpoint Protection credentials. Trouble-shooting steps included verifying user credentials, checking for account lockouts, and ensuring no recent updates or changes to the security protocols were affecting authentication. After confirming these aspects, a credential reset was executed successfully, and the user was able to log in without any issues.","Fisher, Grace",0,41.53,"Symantec Endpoint Protection Login Error, 'Invalid Credentials' error",Symantec Endpoint Protection,"Software/System: Symantec Endpoint Protection ; Issue/Request: Symantec Endpoint Protection Login Error, 'Invalid Credentials' error",SECURITY OPERATIONS,1469,customer,Software Installed,0.8,0.0
25804,INC0037118,Incident,1/19/2021 12:58,Email,Users experiencing 'Invalid Credentials' alert when logging into UPLoadr despite using correct credentials.,"Several users are hitting a wall with an 'Invalid Credentials' alert when trying to log into UPLoadr, despite using their correct credentials. Initial checks were made for any new security implementations that might be interfering with authentication processes. 

This problem is now in the hands of the Security Team.",ERROR,"Norris, Bradley",1/19/2021 14:18,"Issue was resolved by the Security Team. Troubleshooting steps included verifying the credentials with the users to ensure accuracy, checking the authentication logs for any discrepancies or unusual login attempts, and confirming there were no recent security updates that might have affected the authentication process. The root cause was traced to a misconfigured security policy on the server, which was corrected. All affected users were able to log in successfully post-resolution.","Howard, Samantha",1,80.85,"UPLoadr Login Error, 'Invalid Credentials' error",UPLoadr,"Software/System: UPLoadr ; Issue/Request: UPLoadr Login Error, 'Invalid Credentials' error",SECURITY OPERATIONS,1539,agent,Closed,0.8,0.0
5174,INC0038171,Incident,1/26/2021 7:46,Chat,Users receiving 'Invalid Credentials' error on Microsoft Azure login.,"I've been trying to log into Microsoft Azure, but every time I enter my credentials accurately, I receive an 'Invalid Credentials' error. I believe there might have been some recent changes or updates in the system that could be affecting authentication. Could you please look into this and resolve the issue?",ERROR,"Thomas, Chloe",1/26/2021 11:52,"Issue investigated: Users were experiencing 'Invalid Credentials' errors on Microsoft Azure login despite using correct credentials. Initially reviewed potential recent security adjustments or updates that could cause authentication issues. Confirmed no new updates impacting authentication settings. Coordinated with the Security Team to further investigate any possible security breaches or system anomalies affecting credential validation. The Security Team identified and resolved a misconfiguration in the authentication server, which restored normal login functionality. Verified with multiple users to ensure the issue was resolved.","Fortner, Lucas",0,246.56,"Microsoft Azure Login Error, 'Invalid Credentials' error",Microsoft Azure,"Software/System: Microsoft Azure ; Issue/Request: Microsoft Azure Login Error, 'Invalid Credentials' error",CLOUD INFRASTRUCTURE,2068,customer,Issue Resolved,0.8,0.0
4022,TASK0047416,Request,3/19/2021 16:10,Phone,Request for 1-Day PIV Card Exemption due to fading ink,"The customer has requested a 1-Day PIV Card Exemption due to the ink on their card fading. They have successfully verified their identity through a secure portal, confirming they can log in without any issues.",ACCESS,"Gomez, Denise",3/19/2021 18:15,Reviewed the request for the 1-Day PIV Card Exemption. Verified the user's identity through the secure portal and ensured that there are no login issues. Granted the 1-Day PIV Card Exemption manually. Advised the user to request a new PIV card to avoid future login issues due to the physical deterioration of the current card.,"Abbott, Ryder",0,125.41,PIV Exemption,PIV,Software/System: PIV; Issue/Request: PIV Exemption,USER ACCESS MANAGEMENT,6666,agent,Closed,0.8,0.0
20040,TASK0045863,Request,3/11/2021 10:13,Self-service,Request for one-day PIV card exemption due to forgetting it at home,Requesting a one-day PIV card exemption as I forgot it at home. I passed security questions and logged in without issues.,ACCESS,"Henderson, Daniel",3/11/2021 13:08,"Reviewed the request for a one-day PIV card exemption. Verified the user's identity by confirming the passed security questions. Ensured that the user was able to log in and had no access issues. Granted a one-day exemption for the PIV card requirement. Instructed the user to ensure they bring their PIV card the following day. All systems are functional, and the user experienced no disruptions in access.","Alexander, Charlotte",1,175.41,PIV Exemption,PIV,Software/System: PIV; Issue/Request: PIV Exemption,USER ACCESS MANAGEMENT,5882,customer,ISSUE RESOLVED,0.7000000000000001,0.0
10270,TASK0041684,Request,2/13/2021 15:47,Email,1-Day PIV Card Exemption Request due to Incorrect Name Printed on Card,"The customer is requesting a 1-Day PIV Card Exemption. Reason: Incorrect name printed on card. The customer failed verification due to outdated personal details. Unfortunately, the customer cannot be issued an exemption.",ACCESS,"Long, Lucas",2/13/2021 18:34,"The customer requested a 1-Day PIV Card Exemption because the card has an incorrect name printed on it, leading to a failed verification. Upon investigation, it was found that the personal details on the card were outdated. According to the policy, exemptions cannot be issued in cases where personal details are incorrect. The customer was advised to update their personal details and reapply for a new PIV card with the correct information. Support was provided to guide the customer on how to initiate the personal details update process.","Bell, Camila",0,167.01,PIV Exemption,PIV,Software/System: PIV; Issue/Request: PIV Exemption,USER ACCESS MANAGEMENT,3812,agent,Closed,0.8,0.0
9785,TASK0035152,Request,1/7/2021 13:52,Email,Request for 1-Day PIV Card Exemption due to error when scanning card.,The customer is requesting a 1-Day PIV Card Exemption. Reason: Error message when scanning card. The customer has been verified via video call. The customer was able to login successfully.,ACCESS,"Flores, Rachel",1/7/2021 14:59,"The customer's request for a 1-Day PIV Card Exemption was approved. The customer reported an error message when scanning their PIV card. During a video call, the customer's identity was successfully verified. Additionally, the customer was able to log in without issues, confirming temporary access was restored while the scanning error is being investigated. The exemption will cover their access for the day as requested.","Harris, Nicole",0,67.79,PIV Exemption,PIV,Software/System: PIV; Issue/Request: PIV Exemption,USER ACCESS MANAGEMENT,570,agent,Resolved confirmed.,0.6000000000000001,0.0
26367,INC0036717,Incident,1/16/2021 8:08,Phone,Error: 'Invalid Credentials' on WorkflowWizard login despite correct login details,The customer is encountering an error message 'Invalid Credentials' while trying to log in to WorkflowWizard. They have verified that their login details are correct and suspect that recent security updates might be impacting the login process. The customer has expressed concern over this being a potential security issue and is requesting assistance to resolve it.,CONFIGURATION,"Gomez, Kathryn",1/16/2021 10:35,"Issue identified as a security-related configuration problem. Initially, the user reported 'Invalid Credentials' error on WorkflowWizard login even though login details were correct. Followed these troubleshooting steps: 1. Verified user's credentials and confirmed they were correct. 2. Checked for any recent security updates or patches but found none directly affecting WorkflowWizard. 3. Investigated the security and access logs, identified multiple failed login attempts. 4. Noted that user account was temporarily locked due to repeated failed login attempts triggering security protocols. 5. Unlocked the user’s account and advised the user to try logging in again. 6. User successfully logged in without errors. Resolution confirmed. Suggested user to ensure proper credentials and be cautious of multiple failed attempts.","Hernandez, Matthew",0,147.03,"WorkflowWizard Login Error, 'Invalid Credentials' error",WorkflowWizard,"Software/System: WorkflowWizard ; Issue/Request: WorkflowWizard Login Error, 'Invalid Credentials' error",SECURITY OPERATIONS,1344,agent,Resolved,0.9,0.0
5993,TASK0039630,Request,2/3/2021 8:39,Email,RSA Token stopped working due to demagnetized card,The customer reported that their RSA Token ceased functioning due to the card being demagnetized. They have successfully verified their identity via email and are now able to log in without any issues.,ACCESS,"Ortiz, Julia",2/3/2021 12:36,"Issue was reported that the user's RSA Token stopped working because their card was demagnetized. Verified user's identity via email as per the standard procedure. Once the identity was confirmed, guided the user to request a new RSA Token card through the official channel. User followed the steps and has successfully received and activated the new token. User can now log in without any issues. Tested the new token functionality, and everything is working correctly. No further action required.","Robinson, Brian",1,237.05,RSA Token Request,RSA Token,Software/System: RSA Token; Issue/Request: RSA Token Request,USER ACCESS MANAGEMENT,2803,agent,ISSUE RESOLVED,0.8,0.0
14017,TASK0037393,Request,1/20/2021 13:53,Self-service,Request for 1-day exemption to access system due to cut PIV card,"Had an issue with my PIV card being cut accidentally, so I'm requesting a 1-day exemption to access the system. Used a security app for verification and successfully logged in.",ACCESS,"Smith, John",1/20/2021 15:09,User requested a 1-day exemption for system access as their PIV card was accidentally cut. Confirmed identity using the security app as an alternative verification method. Verified that the security protocols were followed. Granted temporary access after ensuring no security breaches associated with the user's request. Instructed the user on the procedure to obtain a new PIV card from the IT department.,"Oliver, Zoe",0,76.99,PIV Exemption,PIV,Software/System: PIV; Issue/Request: PIV Exemption,USER ACCESS MANAGEMENT,1676,customer,Updated,0.9,0.0
591,TASK0038866,Request,1/28/2021 13:41,Email,Request for temporary RSA Token after previous token was damaged,Need a temporary RSA Token because mine went through the laundry. Got a new one after passing the biometric check.,ACCESS,"Perez, Ronald",1/28/2021 16:00,The user reported that their RSA Token went through the laundry and was subsequently damaged. Confirmed the user's identity through biometric verification. Issued a temporary RSA Token to the user. Verified that the token was properly synchronized and tested login access to ensure functionality. Confirmed with the user that access was successfully restored.,"Price, Andrew",0,139.56,RSA Token Request,RSA Token,Software/System: RSA Token; Issue/Request: RSA Token Request,USER ACCESS MANAGEMENT,2412,customer,Issue resolved,0.9,0.0
3132,INC0038586,Incident,1/27/2021 13:10,Self-service,Users receiving 'Invalid Credentials' errors with TMS360 despite correct login details.,"I'm consistently facing an 'Invalid Credentials' error when trying to log into TMS360, even though I'm sure that my login details are correct. I believe there haven't been any changes to my security settings that would be causing this. Please can you look into this issue as it has severely impacted my ability to access the system?",ACCESS,"Allen, Nancy",1/29/2021 15:02,"Upon receiving reports of 'Invalid Credentials' errors with TMS360, our initial troubleshooting steps included: verifying the entered credentials were correct, ensuring there were no CAPS LOCK issues, and checking for possible account lockouts or password expirations. Additionally, we reviewed recent changes in security settings that could impact login functionality. We did not find any misconfigurations or recent changes that could directly cause this issue. To further diagnose and resolve potential underlying security issues, the case has been escalated to the Security Team. They will conduct a more thorough analysis to identify the root cause and provide a fix.","Bell, Camila",0,2992.9,"TMS360 Login Error, 'Invalid Credentials' error",TMS360,"Software/System: TMS360 ; Issue/Request: TMS360 Login Error, 'Invalid Credentials' error",SECURITY OPERATIONS,2277,customer,Software Installed,0.7000000000000001,0.0
9425,INC0038064,Incident,1/23/2021 12:53,Email,Users receiving 'Invalid Credentials' error when trying to log in to Splunk.,"I, along with several colleagues, have been experiencing issues logging into Splunk; it keeps showing an 'Invalid Credentials' error. We are certain that our login details are correct. Could you check if there have been any recent security updates that might be causing these authentication problems? The issue has been escalated to the Security Team.",ACCESS,"Cook, Jackson",1/23/2021 17:45,Issue identified as multiple users being barred from Splunk due to 'Invalid Credentials' error even though login information is correct. Initial troubleshooting steps included verifying user credentials' accuracy and checking for recent system or security updates which might impact authentication. The problem appeared to be related to a broader security update. The matter has been escalated to the Security Team for deeper investigation and resolution.,"Marshall, Brayden",0,292.03,"Splunk Login Error, 'Invalid Credentials' error",Splunk,"Software/System: Splunk ; Issue/Request: Splunk Login Error, 'Invalid Credentials' error",SECURITY OPERATIONS,2018,customer,The issue has been resolved,0.6000000000000001,0.0
23932,TASK0041669,Request,2/13/2021 14:49,Email,Request for 1-Day PIV Card Exemption due to QR code scanning issue.,The customer is requesting a 1-Day PIV Card Exemption. Reason: QR code on card not scanning. The customer has been verified via SMS. The customer was able to login successfully.,ACCESS,"Nguyen, Jonathan",2/13/2021 17:37,Issue resolved by providing a 1-Day PIV Card Exemption. Verified customer identity via SMS. Confirmed that the customer was able to log in successfully after the exemption. Logged the incident for tracking and monitoring purposes.,"Fortner, Lucas",1,168.17,PIV Exemption,PIV,Software/System: PIV; Issue/Request: PIV Exemption,USER ACCESS MANAGEMENT,3803,agent,Fixed,0.7000000000000001,0.0
1504,INC0046934,Incident,3/17/2021 14:06,Phone,Users receiving 'Invalid Credentials' error when trying to login to MongoDB,"There's an ongoing issue with MongoDB where users get an 'Invalid Credentials' error at login, even though their credentials are accurate. Reviewed the system for any security adjustments or updates recently applied that might impact authentication. 

This concern has been raised with the Security Team for resolution.",ACCESS,"Griffin, Samuel",3/17/2021 14:49,"Issue resolved by identifying a synchronization mismatch between the user authentication database and MongoDB. Steps taken:
1. Verified the user credentials in the authentication database.
2. Checked the MongoDB logs for any authentication error patterns.
3. Discovered that recent security patches had caused a delay in updating the credentials due to a temporary desynchronization between authentication and MongoDB.
4. Manually resynced the authentication database with MongoDB.
5. Restarted the MongoDB service to apply the changes.
6. Tested by logging in with multiple user accounts to ensure the error was resolved.
Users were able to log in successfully post-sync and restart. Issue closed.","Price, Andrew",0,43.19,"MongoDB Login Error, 'Invalid Credentials' error",MongoDB,"Software/System: MongoDB ; Issue/Request: MongoDB Login Error, 'Invalid Credentials' error",DBTED SUPPORT GROUP,6420,agent,ISSUE RESOLVED,0.9,0.0
8313,TASK0036920,Request,1/16/2021 15:55,Phone,Request for 1-Day PIV Card Exemption due to damaged card,The customer is requesting a 1-Day PIV Card Exemption. Reason: Card snapped in half. The customer has been verified via SMS. The customer was able to login successfully.,ACCESS,"Sanders, Lily",1/16/2021 17:22,"Customer requested a 1-Day PIV Card Exemption because their PIV card snapped in half. The customer was verified via SMS. After verification, the exemption was granted and the customer was able to log in successfully. No further issues were reported.","Martinez, James",0,87.41,PIV Exemption,PIV,Software/System: PIV; Issue/Request: PIV Exemption,USER ACCESS MANAGEMENT,1444,agent,Fixed,0.6000000000000001,0.0
22225,TASK0035763,Request,1/12/2021 8:41,Email,Request for new RSA Token after losing old card,The customer has reported that they lost their RSA Token card and subsequently received a replacement. The customer successfully completed phone verification and was able to log into their account using the new token.,ACCESS,"Ortiz, Ryan",1/12/2021 10:07,User reported a lost card and needed a new RSA Token. Verification was completed successfully over the phone. Issued new RSA Token to the user and assisted with the setup process. User confirmed successful login with the new token. Issue resolved.,"Hernandez, Matthew",0,86.04,RSA Token Request,RSA Token,Software/System: RSA Token; Issue/Request: RSA Token Request,USER ACCESS MANAGEMENT,870,agent,Fixed,0.7000000000000001,0.0
19599,TASK0041540,Request,2/13/2021 9:54,Email,Request for temporary exemption due to fraying PIV card,The customer has reported that the edge of their PIV card is fraying. They are requesting a temporary exemption for one day. The customer has verified their identity by confirming previous transaction locations and has successfully logged into their account.,ACCESS,"Mitchell, Joshua",2/13/2021 12:31,The user reported that their PIV card's edge is fraying and requested a temporary exemption for 1 day. Verified the user's identity through previous transaction locations and confirmed successful login. Granted the user a temporary exemption for the requested duration. Advised the user to request a replacement PIV card from the appropriate department as soon as possible to avoid further inconvenience.,"Anderson, Emily",1,157.7,PIV Exemption,PIV,Software/System: PIV; Issue/Request: PIV Exemption,USER ACCESS MANAGEMENT,3739,agent,Software Installed,0.7000000000000001,0.0
21416,TASK0036845,Request,1/16/2021 12:24,Self-service,Customer requesting 1-Day PIV Card Exemption due to card accidently cut.,The customer is requesting a 1-Day PIV Card Exemption. Reason: Card accidentally cut. The customer has been verified via security questions. The customer was able to login successfully.,ACCESS,"Morgan, Victoria",1/16/2021 14:08,"The customer requested a 1-Day PIV Card Exemption because their card was accidentally cut. Upon verification via security questions, the customer's identity was confirmed. The customer was able to login successfully through alternative methods. The temporary exemption for one day was applied to allow the customer access while a replacement card is being processed.","Nelson, Eva",0,104.92,PIV Exemption,PIV,Software/System: PIV; Issue/Request: PIV Exemption,USER ACCESS MANAGEMENT,1406,agent,Checked provided resolved.,0.8,0.0
17990,INC0037259,Incident,1/20/2021 9:30,Self-service,Users experiencing 'Invalid Credentials' error on EQPlan despite correct credentials.,"I am trying to log into EQPlan with my usual credentials, but I keep getting an 'Invalid Credentials' error, even though I'm sure my login details are correct. Can you check if there have been any recent updates or changes to the security settings that might be affecting the authentication process?",ACCESS,"Bennett, Scarlett",1/20/2021 14:01,"Upon investigation, users were consistently receiving an 'Invalid Credentials' error when attempting to log in to EQPlan. Initial steps included verifying the accuracy of user credentials and confirming no user error in entries. There was a review of recent updates or security adjustments which might impact authentication processes. Found that a recent security patch had modified authentication protocols. The issue was escalated to the Security Team who identified and corrected the protocol misconfiguration. After recalibrating the authentication settings and conducting tests, users were able to log in successfully. Communication was sent to users to confirm resolution.","Anderson, Emily",0,271.05,"EQPlan Login Error, 'Invalid Credentials' error",EQPlan,"Software/System: EQPlan ; Issue/Request: EQPlan Login Error, 'Invalid Credentials' error",SECURITY OPERATIONS,1615,customer,Standard procedure followed.,0.8,0.0
20094,TASK0037406,Request,1/20/2021 14:27,Email,Request for a temporary RSA Token due to lost card.,The customer is requesting a temporary RSA Token. Reason: Left card in a rental car. The customer has been verified via email. The customer was able to login successfully.,ACCESS,"Stevens, Megan",1/20/2021 18:01,Customer requested a temporary RSA token as they left their original RSA card in a rental car. The customer's identity was verified via email. Issued a temporary RSA token to the customer. Verified that the customer was able to login successfully using the temporary token. Advised the customer to notify us once they retrieve their original card or if they need further assistance.,"Wood, John",0,214.85,RSA Token Request,RSA Token,Software/System: RSA Token; Issue/Request: RSA Token Request,USER ACCESS MANAGEMENT,1684,agent,Resolved,0.8,0.0
23082,TASK0038462,Request,1/27/2021 9:25,Self-service,Request for 1-Day PIV Card Exemption due to Lost Card,Requesting a 1-Day PIV Card Exemption as I lost it during outdoor activity. I did social media verification but couldn't pass the security check.,ACCESS,"Hughes, Roger",1/28/2021 19:04,User reported a lost PIV card during outdoor activity and requested a 1-Day exemption. The user attempted social media identity verification but was unable to pass the security check. Verified the user's identity through alternate methods such as security questions and photo ID verification. Granted a 1-Day exemption and escalated a new PIV card issuance request to the appropriate department.,"Gray, Grace",2,2019.22,PIV Exemption,PIV,Software/System: PIV; Issue/Request: PIV Exemption,USER ACCESS MANAGEMENT,2214,customer,N/a n/a standard updated.,0.8,0.0
16061,INC0036601,Incident,1/15/2021 12:10,Phone,Users unable to log into JPAnalyz due to 'Invalid Credentials' message.,"I've been trying to access JPAnalyz using my usual credentials, but keep getting an 'Invalid Credentials' message, even though I'm sure my login details are correct. It seems like this is not just an issue for me, but for others as well. Could you please check if there was any recent update or change in the system that might be causing this?",ACCESS,"Oliver, Zoe",1/15/2021 14:26,"Resolved issue where users were receiving 'Invalid Credentials' message despite using correct login details. After conducting an initial investigation, no recent security patches or changes affecting login protocols were found. Forwarded issue to the Security Team. They identified a misconfiguration in the authentication service, corrected the settings, and verified user access. Verified with multiple users that normal access has been restored.","Sanders, Philip",0,136.97,"JPAnalyz Login Error, 'Invalid Credentials' error",JPAnalyz,"Software/System: JPAnalyz ; Issue/Request: JPAnalyz Login Error, 'Invalid Credentials' error",SECURITY OPERATIONS,1288,customer,ISSUE RESOLVED,0.8,0.0
17777,INC0039064,Incident,1/29/2021 12:30,Self-service,Users facing 'Invalid Credentials' errors with Coursera for Business,"Users are facing 'Invalid Credentials' errors with Coursera for Business despite entering the correct login details. We've scanned for any recent changes in security settings that could affect sign-in functionality. 

The issue has been escalated to the Security Team for further analysis.",CONFIGURATION,"Khan, Meena",1/29/2021 13:36,"Issue resolved by Security Team. Initial reports of 'Invalid Credentials' errors for Coursera for Business were reviewed. Troubleshooting steps included verifying correct login details from affected users, checking recent changes in security settings, and testing login functionality with test accounts. The Security Team identified a misconfiguration in the SSO settings which was promptly corrected. Users can now sign in without issue.","Cole, Layla",7,66.11,"Coursera for Business Login Error, 'Invalid Credentials' error",Coursera for Business,"Software/System: Coursera for Business ; Issue/Request: Coursera for Business Login Error, 'Invalid Credentials' error",SECURITY OPERATIONS,2515,agent,Updated,0.8,0.0
21078,TASK0045199,Request,3/6/2021 12:43,Self-service,Request for temporary RSA Token due to software update removal of previous token.,"The customer is requesting a temporary RSA Token. Reason: Software update required removal of previous token. The customer's identity was verified through a live chat session, and they received a new token.",ACCESS,"Lee, Andrew",3/7/2021 21:34,Customer requested a temporary RSA Token after a software update removed their previous token. Verified the customer's identity through a live chat session by confirming security questions and specific account details. Issued a new temporary RSA Token and guided the customer through the activation process. Confirmed successful token activation with the customer and ensured they could log in without issues. The issue is now resolved.,"Villanueva, Elena",3,1971.68,RSA Token Request,RSA Token,Software/System: RSA Token; Issue/Request: RSA Token Request,USER ACCESS MANAGEMENT,5558,agent,No further action required,0.8,0.0
24680,TASK0041540,Request,2/13/2021 9:54,Email,Request for temporary exemption due to fraying PIV card,"My PIV card's edge is fraying, so I need a temporary exemption for 1 day. I confirmed my identity through previous transaction locations and successfully logged in.",ACCESS,"Mitchell, Joshua",2/13/2021 12:31,The user reported that their PIV card's edge is fraying and requested a temporary exemption for 1 day. Verified the user's identity through previous transaction locations and confirmed successful login. Granted the user a temporary exemption for the requested duration. Advised the user to request a replacement PIV card from the appropriate department as soon as possible to avoid further inconvenience.,"Anderson, Emily",1,157.7,PIV Exemption,PIV,Software/System: PIV; Issue/Request: PIV Exemption,USER ACCESS MANAGEMENT,3739,customer,Issue resolved,0.7000000000000001,0.0
14218,TASK0034088,Request,1/1/2021 9:47,Email,Request for 1-Day PIV Card Exemption due to malfunctioning card.,The customer is requesting a 1-Day PIV Card Exemption. Reason: Card not working. The customer has been verified via security questions. The customer was able to login successfully.,ACCESS,"Adams, Kevin",1/1/2021 11:30,"Customer requested a 1-Day PIV Card Exemption because their PIV card was not working. The customer's identity was verified via security questions. After verification, a temporary 1-Day PIV Card Exemption was issued. Additionally, the customer was advised to contact IT Support to have the malfunctioning PIV card inspected and potentially replaced. The customer was able to login successfully during the session.","Richardson, Owen",0,103.24,PIV Exemption,PIV,Software/System: PIV; Issue/Request: PIV Exemption,USER ACCESS MANAGEMENT,24,agent,Outcome confirmed.,0.7000000000000001,0.0
4161,TASK0034663,Request,1/5/2021 14:25,Phone,Request for temporary PIV Card exemption due to lost wallet,"The customer reported that their wallet was stolen, and now they are requesting a one-day temporary exemption for their PIV Card. They have already verified their identity over the phone and have been able to log in without any issues.",ACCESS,"Peterson, Grace",1/5/2021 15:05,"User reported a stolen wallet and requested a temporary PIV Card exemption. Verified user's identity over the phone using security questions. Temporary exemption was granted for one day, and user was able to log in without issues. Recommended the user to report the stolen card and request a replacement as soon as possible.","Hernandez, Juan",3,40.54,PIV Exemption,PIV,Software/System: PIV; Issue/Request: PIV Exemption,USER ACCESS MANAGEMENT,321,agent,The issue has been resolved,0.8,0.0
2319,TASK0035990,Request,1/13/2021 7:19,Phone,"Request for one-day exemption due to forgotten PIV card, verified through security questions.",Customer has forgotten their PIV card at home and is requesting a one-day exemption. They have been verified through security questions and have successfully logged in.,ACCESS,"Hayes, Hunter",1/13/2021 14:32,"User forgot their PIV card at home and requested a one-day exemption for login access. Verified the user's identity by asking security questions. After successful verification, granted a one-day exemption for the user. Verified that the user could log in successfully. No further issues reported.","Cole, Layla",3,433.91,PIV Exemption,PIV,Software/System: PIV; Issue/Request: PIV Exemption,USER ACCESS MANAGEMENT,987,agent,See worknotes,0.7000000000000001,0.0
4451,INC0038812,Incident,1/28/2021 12:08,Chat,Users facing 'Invalid Credentials' errors with CloudSprint despite correct login details.,"Users are facing 'Invalid Credentials' errors with CloudSprint despite entering the correct login details. We've scanned for any recent changes in security settings that could affect sign-in functionality. 

The issue has been escalated to the Security Team for further analysis.",ACCESS,"Lopez, Maria",1/28/2021 13:07,"The issue was escalated to the Security Team after initial troubleshooting steps did not resolve the problem. We verified that users were entering the correct login credentials. We checked for any recent changes in security configurations or policy updates that might impact login functionality but found none. We also ensured that the authentication servers were operational and no network issues were present. However, the problem persisted, indicating a likely underlying issue with the authentication system of CloudSprint. Further analysis and resolution required by the Security Team.","Perez, Ronald",0,59.54,"CloudSprint Login Error, 'Invalid Credentials' error",CloudSprint,"Software/System: CloudSprint ; Issue/Request: CloudSprint Login Error, 'Invalid Credentials' error",SECURITY OPERATIONS,2388,agent,ISSUE RESOLVED,0.7000000000000001,0.0
13464,TASK0045198,Request,3/6/2021 12:41,Phone,Request for a 1-Day Exemption due to covered photo on PIV card.,"My PIV Card has a covered photo, so I need a 1-Day Exemption. ID didn't match records for verification. Can't be given the exemption.",ACCESS,"Taylor, Sophie",3/6/2021 14:46,The issue was resolved by manually verifying the identity of the user. Steps taken included: 1) Contacted the user to provide additional identification documents via secure email. 2) Verified the provided documents against company records. 3) Temporary 1-Day Exemption granted and documented in the user’s file. User advised to update their PIV card photo and was given instructions on how to do so.,"Peterson, Mia",0,125.01,PIV Exemption,PIV,Software/System: PIV; Issue/Request: PIV Exemption,USER ACCESS MANAGEMENT,5557,customer,Provided general noted noted.,0.8,0.0
23099,INC0037511,Incident,1/21/2021 9:55,Phone,Users experiencing 'Invalid Credentials' error on ZoomInfo despite using correct login details.,"Multiple reports have come in about an 'Invalid Credentials' message blocking access to ZoomInfo, even with the right login details. We've investigated for any recent security patches or modifications that could disrupt login protocols. 

The issue has been forwarded to the Security Team for a deeper dive.",ACCESS,"Carter, Natalie",1/21/2021 11:35,"Issue resolved: Multiple users were reporting 'Invalid Credentials' error when attempting to log into ZoomInfo. Initial investigation included verifying the accuracy of user login details and ruling out any typing errors. Checked for any recent security patches, software updates, or configuration changes that might have impacted login protocols. Determined that there were no changes from the client's end that could cause this issue. Coordinated with the Security Team to ensure there were no unauthorized access attempts or security breaches. Security Team found that an internal change in authentication server configuration had caused the issue. They applied the necessary corrections and restored the normal functionality. Verified with end-users to ensure the problem was resolved and normal access to ZoomInfo was restored.","Nelson, Eva",1,100.45,"ZoomInfo Login Error, 'Invalid Credentials' error",ZoomInfo,"Software/System: ZoomInfo ; Issue/Request: ZoomInfo Login Error, 'Invalid Credentials' error",SECURITY OPERATIONS,1737,agent,Closed,0.9,0.0
14013,TASK0034604,Request,1/5/2021 12:27,Phone,Request for a one-day PIV Card Exemption due to workplace fire.,"Due to a fire at my workplace, can I get a PIV Card Exemption for one day? I verified myself through SMS and was able to log in without any problems.",ACCESS,"Ivanov, Alexei",1/5/2021 15:08,The user requested a PIV Card Exemption for one day due to a fire at their workplace. Verified the user's identity through SMS validation. Confirmed that the user was able to log in successfully without any issues. Granted the one-day PIV Card Exemption as requested. No further action required.,"Hernandez, Juan",0,161.69,PIV Exemption,PIV,Software/System: PIV; Issue/Request: PIV Exemption,USER ACCESS MANAGEMENT,290,customer,The issue has been resolved,0.7000000000000001,0.0
8454,TASK0044270,Request,3/2/2021 12:17,Email,Issue with PIV card activation and verification process,"Having trouble with my PIV card. The activation process gave me an error. The verification call didn't go smoothly due to a technical issue, so I couldn't get a 1-day exemption for my PIV card. Can you look into this matter?",ERROR,"Peterson, Grace",3/2/2021 17:14,"After receiving the ticket, I verified the user's details and ensured the PIV card was properly inserted. I then checked for any updates or recent changes to the PIV card software on the user's system. I walked the user through the activation process, ensuring all steps were correctly followed. Upon encountering the error again, I reviewed the log files associated with the PIV software. I found a specific error code related to a malformed request during activation. Restarting the system and clearing the cache of the PIV software resolved the issue. The user was then successfully able to complete the PIV card activation and verification call without issues. As an additional step, I requested the user to test the PIV card on other critical systems to ensure full functionality. User confirmed that everything is now working fine.","Bell, Camila",0,297.65,PIV Exemption,PIV,Software/System: PIV; Issue/Request: PIV Exemption,USER ACCESS MANAGEMENT,5089,customer,No changes noted.,0.9,0.0
23424,TASK0038773,Request,1/28/2021 10:50,Chat,Request for enhanced security measures for legal document storage,"I work in the legal department, and due to the sensitivity of the information we handle, we requested improved security measures for our document storage. Following our request, multiple departments got involved and decided to implement two-factor authentication along with encrypted storage solutions specifically tailored to our needs. We also had training sessions to make sure that everyone in our department understands how to securely access and store documents.",CONFIGURATION,"Reed, Emily",1/31/2021 7:16,"The legal department requested enhanced security measures for their document storage. After a thorough review involving multiple departments, we implemented two-factor authentication and encrypted storage solutions. Training sessions were conducted to ensure all department members understood how to securely access and store documents. The implemented solutions were tested and validated, and users confirmed successful access with the new security measures.","Cole, Layla",3,4106.93,Enhanced security measures for document storage,unknown,Software/System: unknown ; Issue/Request: Enhanced security measures for document storage,SECURITY OPERATIONS,2369,customer,Closed,0.8,0.0
3324,TASK0040318,Request,2/6/2021 1:48,Email,Request for 1-Day PIV Card Exemption due to damaged card,"Hello, I am requesting a 1-Day PIV Card Exemption because my card got wet and is no longer functional. I have already been verified over a phone call and was able to log in successfully.",ACCESS,"Bailey, Nathan",2/6/2021 4:38,Customer's PIV card got wet and is no longer functional. Verified customer identity via phone call. Customer was able to login successfully. Issued a 1-Day PIV Card Exemption to ensure continued access while a replacement card is processed. Advised customer to visit the facility's security office to obtain a new PIV card. Confirmed that exemption is active and documented the temporary access in the security system.,"Alexander, Charlotte",0,170.81,PIV Exemption,PIV,Software/System: PIV; Issue/Request: PIV Exemption,USER ACCESS MANAGEMENT,3127,customer,Issue Resolved,0.9,0.0
17053,TASK0036045,Request,1/13/2021 9:22,Chat,Request for temporary RSA Token due to misplaced token while traveling.,"The customer is requesting a temporary RSA Token. Reason: Misplaced while traveling. The customer failed email verification, so no token was issued.",ACCESS,"Perez, Olivia",1/13/2021 11:23,"The customer requested a temporary RSA Token as they misplaced their original token while traveling. Upon attempting email verification, the process failed, and therefore, no temporary token was issued. The customer was advised to contact their manager or the security team to validate their identity through alternate means and to follow up to get a new token issued promptly.","Wood, John",0,121.22,RSA Token Request,RSA Token,Software/System: RSA Token; Issue/Request: RSA Token Request,USER ACCESS MANAGEMENT,1013,agent,The issue has been resolved,0.6000000000000001,0.0
25263,TASK0040168,Request,2/5/2021 9:36,Phone,Request for 1-Day PIV Card Exemption due to stolen wallet,I need a 1-Day PIV Card Exemption because my wallet was stolen. I've already verified my identity over the phone and was able to successfully log in.,ACCESS,"Gomez, Kathryn",2/5/2021 14:46,"Customer requested a 1-Day PIV Card Exemption because their wallet containing the PIV Card was stolen. The customer's identity was verified through a phone call. The exemption was granted, allowing the customer to login successfully without the PIV Card for 1 day. Customer was informed of the approval, and advised to report the stolen card to the security team and get a replacement as soon as possible.","Lopez, Kevin",0,310.03,PIV Exemption,PIV,Software/System: PIV; Issue/Request: PIV Exemption,USER ACCESS MANAGEMENT,3054,customer,No further action required,0.8,0.0
10769,INC0038064,Incident,1/23/2021 12:53,Email,Users receiving 'Invalid Credentials' error when trying to log in to Splunk.,"A number of individuals have reported being barred from Splunk due to an 'Invalid Credentials' error, even though they're sure about their login info. Searched the system for any security updates lately that might be causing this authentication issue. 

Have escalated the matter to the Security Team.",ACCESS,"Cook, Jackson",1/23/2021 17:45,Issue identified as multiple users being barred from Splunk due to 'Invalid Credentials' error even though login information is correct. Initial troubleshooting steps included verifying user credentials' accuracy and checking for recent system or security updates which might impact authentication. The problem appeared to be related to a broader security update. The matter has been escalated to the Security Team for deeper investigation and resolution.,"Marshall, Brayden",0,292.03,"Splunk Login Error, 'Invalid Credentials' error",Splunk,"Software/System: Splunk ; Issue/Request: Splunk Login Error, 'Invalid Credentials' error",SECURITY OPERATIONS,2018,agent,Issue resolved,0.6000000000000001,0.0
11646,INC0038722,Incident,1/28/2021 9:42,Self-service,Users facing 'Invalid Credentials' error with MFGuide despite correct login details,"I've been trying to log into MFGuide, but keep getting 'Invalid Credentials' errors even though I'm sure I'm entering the right login details. Can you please check if there have been any changes to the security settings recently that might be causing this issue? I think it may need to be looked at by your Security Team.",ACCESS,"Scott, Emma",1/28/2021 10:51,"The issue was caused by a recent update that inadvertently altered the login validation process. Troubleshooting steps included: verifying user credentials, checking for recent changes in security policies, and analyzing server logs for authentication issues. Upon escalation to the Security Team, they identified and reverted the problematic change, restoring normal login functionality.","Price, Andrew",0,69.25,"MFGuide Login Error, 'Invalid Credentials' error",MFGuide,"Software/System: MFGuide ; Issue/Request: MFGuide Login Error, 'Invalid Credentials' error",SECURITY OPERATIONS,2344,customer,Updated,0.8,0.0
6474,TASK0042626,Request,2/19/2021 13:51,Phone,Request for 1-Day PIV Card Exemption due to RFID chip malfunction,I am requesting a 1-Day PIV Card Exemption because my RFID chip is not working. I've been verified via email and was able to log in successfully.,ACCESS,"Miller, Michael",2/19/2021 20:15,"Resolved issue by granting a 1-Day PIV Card Exemption. Verified the user's identity through their registered email. Confirmed that the RFID chip on the PIV card was indeed not functioning, as the user was unable to use it for authentication. However, the user was able to successfully log in via an alternative verification method. Advised the user to replace the faulty PIV card as soon as possible to avoid future access issues.","Abbott, Ryder",0,384.56,PIV Exemption,PIV,Software/System: PIV; Issue/Request: PIV Exemption,USER ACCESS MANAGEMENT,4286,customer,Updated,0.8,0.0
1186,INC0036788,Incident,1/16/2021 10:31,Email,Invalid Credentials error blocking access to HRHub despite correct login details,"I keep getting an 'Invalid Credentials' message when I try to log into HRHub, despite entering the right login details. This problem seems widespread among others too. Has there been any recent updates or changes that might be causing this? Please look into this as soon as possible.",ERROR,"James, Penelope",1/17/2021 1:03,"The reported issue involved users receiving an 'Invalid Credentials' error message preventing access to HRHub, even with the correct login details. Initial investigation included verification of user credentials and recent security patches or updates that might impact login protocols. No apparent conflicts or misconfigurations were found. The issue was escalated to the Security Team for further in-depth analysis and resolution. Users will be updated once the root cause is identified and resolved.","Perez, Grace",0,872.24,"HRHub Login Error, 'Invalid Credentials' error",HRHub,"Software/System: HRHub ; Issue/Request: HRHub Login Error, 'Invalid Credentials' error",SECURITY OPERATIONS,1378,customer,Software Installed,0.6000000000000001,0.0
5468,TASK0036877,Request,1/16/2021 13:44,Chat,1-Day PIV Card Exemption Request Due to Faded Card,"I am contacting you because I need a 1-Day PIV Card Exemption. My card has faded, which prompted me to seek this exemption. However, I encountered an issue during the verification process as my answers to the security questions were incorrect. Please help me resolve this situation as I am unable to get the exemption on my own.",ACCESS,"Martinez, Daniel",1/30/2021 11:00,"The customer requested a 1-Day PIV (Personal Identity Verification) Card Exemption as their card had faded. However, during the verification process, the customer provided incorrect answers to the security questions. As a result, the security verification failed, and we were unable to issue the requested exemption. Advised the customer to contact the security office directly for further assistance.","Romero, Leonardo",2,19996.69,PIV Exemption,PIV,Software/System: PIV; Issue/Request: PIV Exemption,USER ACCESS MANAGEMENT,1421,customer,Updated,0.7000000000000001,0.0
11374,TASK0043900,Request,2/27/2021 8:09,Chat,Request for temporary PIV card exemption due to damage.,"The customer reported that their PIV card was damaged due to extreme temperatures and as a result, they are requesting a temporary exemption for a period of one day. They have completed a video call for verification purposes and confirmed that they were able to log in successfully without any issues.",ACCESS,"Ortega, Luis",2/27/2021 13:52,"User's PIV card was damaged due to extreme temperatures, causing them to request a temporary exemption. Verified the user's identity through a video call. Verified that the user was able to log in without any issues after the identification process. Issued a temporary PIV card exemption for 1 day as requested. Advised the user to get a replacement PIV card as soon as possible.","Baker, Mason",0,343.99,PIV Exemption,PIV,Software/System: PIV; Issue/Request: PIV Exemption,USER ACCESS MANAGEMENT,4912,agent,ISSUE RESOLVED,0.8,0.0
820,INC0034675,Incident,1/5/2021 14:51,Self-service,Users receiving 'Invalid Credentials' error on NexGen Storage login despite accurate credentials,"There's an ongoing issue with NexGen Storage where users get an 'Invalid Credentials' error at login, even though their credentials are accurate. Reviewed the system for any security adjustments or updates recently applied that might impact authentication. 

This concern has been raised with the Security Team for resolution.",ACCESS,"Hill, Rebecca",1/5/2021 17:12,Issue has been investigated thoroughly. Reviewed recent security adjustments and updates applied to the NexGen Storage system. Verified that user credentials were indeed accurate. Coordinated with the Security Team for further analysis. Security Team identified and resolved the root cause related to a recent update. Confirmed successful login for affected users after the fix. Issue is resolved and credentials are now accepted correctly.,"Ortega, Luis",0,141.03,"NexGen Storage Login Error, 'Invalid Credentials' error",NexGen Storage,"Software/System: NexGen Storage ; Issue/Request: NexGen Storage Login Error, 'Invalid Credentials' error",SECURITY OPERATIONS,327,agent,ISSUE RESOLVED,0.7000000000000001,0.0
5429,TASK0035237,Request,1/8/2021 7:10,Phone,Request for 1-Day PIV Card Exemption due to accidental damage.,I need to request a 1-Day PIV Card Exemption because my card accidentally went through the laundry. I've already completed the security verification questions successfully and was able to log in.,ACCESS,"Scott, Emma",1/8/2021 8:25,The customer requested a 1-Day PIV Card Exemption because their card accidentally went through the laundry. Verified the customer's identity via security questions. Ensured that the customer was able to log in successfully. Processed the exemption request and confirmed with the customer that it is now active. Advised the customer to follow up with the appropriate department to obtain a new PIV card.,"Foster, Craig",2,75.56,PIV Exemption,PIV,Software/System: PIV; Issue/Request: PIV Exemption,USER ACCESS MANAGEMENT,607,customer,Closed,0.8,0.0
11407,TASK0040684,Request,2/9/2021 13:15,Phone,Request for temporary RSA Token for compliance verification.,Can I get a temporary RSA Token? My manager needs it for compliance verification. I was verified through the corporate database and got the token without any delay.,ACCESS,"King, Rachel",2/10/2021 15:00,User requested a temporary RSA Token for compliance purposes. Verified the user through the corporate database as per security protocols. Successfully generated and provided the temporary RSA Token to the user. Verified that the token was functioning correctly by performing a test log-in. User confirmed receipt of the token and successful usage for the intended purpose.,"Perez, Ronald",0,1545.72,RSA Token Request,RSA Token,Software/System: RSA Token; Issue/Request: RSA Token Request,USER ACCESS MANAGEMENT,3312,customer,See worknotes,0.8,0.0
24804,TASK0045274,Request,3/6/2021 16:24,Self-service,Request for a temporary RSA Token due to lost card,Requesting a temporary RSA Token as I lost my card at a public event. Have verified my identity via email and could log in successfully.,ACCESS,"Lopez, Maria",3/6/2021 19:38,User reported losing their RSA Token card at a public event and required a temporary replacement. Verified the user's identity through email and confirmed successful login. Issued a temporary RSA Token and provided instructions on its use. User confirmed receipt and successful authentication with the temporary token. Advised user to request a permanent replacement card through the appropriate channels.,"Walsh, Derek",0,194.22,RSA Token Request,RSA Token,Software/System: RSA Token; Issue/Request: RSA Token Request,USER ACCESS MANAGEMENT,5595,customer,ISSUE RESOLVED,0.8,0.0
22240,INC0037673,Incident,1/21/2021 16:22,Self-service,Unable to access XPatch due to 'Invalid Credentials' message despite correct login information.,The customer has reported an issue with accessing XPatch. They are encountering an 'Invalid Credentials' message despite entering the correct login information. The customer has checked for changes in security settings that might be causing the issue and has already escalated the matter to the Security Team for further assistance.,ACCESS,"Alexander, Charlotte",1/21/2021 17:12,"Issue resolved by following these troubleshooting steps: 1. Verified user credentials were correct by cross-referencing with the user database. 2. Checked XPatch's security settings for any recent changes that could affect login processes. No changes were found that could explain the issue. 3. Discovered that there was a temporary server issue affecting authentication. 4. Coordinated with the Security Team to reset the server and clear any potential caching issues. 5. Instructed the user to try logging in again after the reset was complete. User was able to log in successfully, confirming issue resolution. Provided the user with instructions on what to do if the issue recurs.","Peterson, Mia",0,50.5,"XPatch Login Error, 'Invalid Credentials' error",XPatch,"Software/System: XPatch ; Issue/Request: XPatch Login Error, 'Invalid Credentials' error",SECURITY OPERATIONS,1821,agent,Resolved,0.8,0.0
13140,TASK0047868,Request,3/23/2021 16:05,Email,RSA Token error message on card,"Can you assist me with my RSA Token issue? My card is showing an error message. I verified my email with support. Thankfully, I managed to log in fine.",ERROR,"Green, Jason",3/23/2021 23:39,"I assisted the user with their RSA Token issue. The card was displaying an error message. First, I verified the user's email to ensure their account was correctly configured. After confirming the email, I had the user restart the RSA application. Then, I instructed the user to resynchronize the token through the RSA Self-Service Console. The resynchronization was successful, and the error message was cleared. The user was able to use their RSA Token without any further issues.","Bell, Camila",0,454.75,RSA Token Request,RSA Token,Software/System: RSA Token; Issue/Request: RSA Token Request,USER ACCESS MANAGEMENT,6897,customer,Closing as completed.,0.8,0.0
304,INC0034914,Incident,1/6/2021 14:27,Chat,Unable to log in to Norton Antivirus due to 'Invalid Credentials' error.,"Users experiencing login issues with Norton Antivirus, receiving 'Invalid Credentials' error despite entering the correct information. 
Checked system for recent security updates or changes affecting authentication. 

Escalating to Security Team",ACCESS,"Wood, Zoe",1/7/2021 9:24,"Investigated the login issues for multiple users experiencing 'Invalid Credentials' error with Norton Antivirus. Verified that all users were entering the correct credentials. Checked for recent security updates or changes that might affect authentication. Found no updates or changes that would cause this issue. Cleared browser cache and cookies for users, and verified that system time and date settings were correct. The issue persists, and no immediate resolution was found. Escalated the issue to the Security Team for further investigation.","Abbott, Ryder",1,1137.31,"Norton Antivirus Login Error, 'Invalid Credentials' error",Norton Antivirus,"Software/System: Norton Antivirus ; Issue/Request: Norton Antivirus Login Error, 'Invalid Credentials' error",SECURITY OPERATIONS,445,agent,Updated,0.7000000000000001,0.0
13787,TASK0048479,Request,3/26/2021 14:43,Self-service,Request for 1-day exemption due to wet PIV card,The customer has reported that their Personal Identity Verification (PIV) card was exposed to water. They have requested a one-day exemption from using the card. The customer confirms that their information has been verified over the phone and they are able to log in without any issues.,ACCESS,"Watson, Natalie",3/26/2021 18:46,The user requested a 1-day exemption for their PIV card after it got wet. Verified user's information over the phone. Confirmed that the user can still log in without issues using alternative credentials. Created a temporary exemption for 24 hours. Notified the user about the exemption and suggested replacing the PIV card as soon as possible to avoid future access issues. Tested login functionality with the user to ensure access was restored during the exemption period.,"Howard, Grace",0,243.41,PIV Exemption,PIV,Software/System: PIV; Issue/Request: PIV Exemption,USER ACCESS MANAGEMENT,7220,agent,Closed,0.8,0.0
21193,TASK0048583,Request,3/27/2021 9:51,Chat,Installation of FeedbackFirst software on finance team computers,"A request has been placed for the installation of FeedbackFirst on the finance team's computers. They've highlighted the necessity of this software for their upcoming quarterly analysis. 
Reviewed software compatibility and system requirements. 

This installation request is being sent to the IT Deployment Team.",INSTALLATION,"Adams, Amelia",4/8/2021 9:25,Reviewed the software compatibility and system requirements for FeedbackFirst. Verified that all finance team computers meet the necessary specifications. Successfully installed FeedbackFirst on all finance team computers and confirmed that the software is functioning correctly. Provided brief training on how to use FeedbackFirst and handed over installation documentation to the finance team for future reference. Ensured that all systems were back in working order and coordinated with the finance team to verify that the software was ready for their upcoming quarterly analysis.,"Lopez, Sofia",0,17254.87,FeedbackFirst Install Request,FeedbackFirst,Software/System: FeedbackFirst ; Issue/Request: FeedbackFirst Install Request,DEVICE PROVISIONING,7277,agent,Issue Resolved,0.8,0.0
17732,INC0038097,Incident,2/18/2021 14:54,Chat,Installation failure on Windows 10,"I am trying to install the Check Point Harmony Endpoint application on my Windows 10 laptop. Unfortunately, the installation keeps failing midway without any specific reason. I've restarted my computer but the problem persists. Assistance with troubleshooting would be appreciated.",ERROR,"Hill, Sharon",,"Remoted in to the customer's Windows 10 laptop to investigate the installation failure of the Check Point Harmony Endpoint application. 
Checked for any pending Windows updates and found that the system was up to date. 
Reviewed the installation logs and noticed that the installation was failing at the configuration stage without specific error messages. 
Cleared temporary files and ensured there were no conflicting applications running during the installation. 
Attempted a clean installation of the application after uninstalling any previous versions that might have been causing conflicts. 
Successfully completed the installation without any further issues. 
Provided the customer with troubleshooting steps for future installations, including checking system requirements and ensuring no antivirus software is interfering. 
The customer confirmed that the application is functioning correctly now. 
Ticket closed as the issue has been resolved and the customer is satisfied with the outcome.","Rogers, Frank",0,5793.15715,Installation errors on specific OS versions,Check Point Harmony Endpoint,Software/System: Check Point Harmony Endpoint ; Issue/Request: Installation errors on specific OS versions,,12843,customer,Issue resolved. The installation is now working.,0.8,0.0
6658,INC0013073,Incident,2/13/2021 13:25,Email,Presentation slides frozen during meeting,"During a live meeting, my PowerPoint slides stopped advancing when I clicked to transition to the next one. Everything else seems to work, just not the slide movements. I checked my mouse and keyboard, and they are functioning correctly outside of PowerPoint. Any help would be greatly appreciated.",ERROR,"Butler, Lucy",,"Remoted in to the user's machine to investigate the PowerPoint issue during the meeting. 
Checked the version of PowerPoint, which was confirmed to be up to date. 
Tested the functionality of the mouse and keyboard within PowerPoint, confirming they were responsive outside of the application. 
Reviewed the slide settings and found that the presentation was set to manual advance, which was causing the slides to freeze during transitions. 
Adjusted the settings to enable automatic slide transitions and tested the functionality, which resolved the issue. 
Informed the user about the change and provided tips on how to manage slide transitions in future presentations. 
The user confirmed that the slides were now advancing properly, and they expressed satisfaction with the resolution. 
Ticket closed as the issue has been resolved.","Walsh, Derek",2,1613.935927,Slides not advancing during presentation,PowerPoint,Software/System: PowerPoint ; Issue/Request: Slides not advancing during presentation,,13050,customer,Issue resolved. The presentation slides are now functioning properly.,0.9,0.1
1461,INC0035822,Incident,1/12/2021 10:50,Phone,Unable to export reports from FRTech in the desired format,"The customer has reported a malfunction with the export function in FRTech, stating that they are unable to export reports in the desired format. Despite testing different settings, the issue persists and requires investigation by our Technical Support Team.",MALFUNCTION,"Jordan, Lillian",1/12/2021 17:22,The user reported an issue with exporting reports from FRTech in the desired format. Initial troubleshooting steps included testing the export function with various settings to replicate the malfunction. The export issue persisted despite adjusting multiple configurations. Determined that the issue requires advanced technical intervention and escalated the case to the Technical Support Team for further assistance.,"Perez, Ronald",0,392.2,FRTech Export Issue,FRTech,Software/System: FRTech ; Issue/Request: FRTech Export Issue,BIOTECH SYSTEMS SUPPORT,904,agent,Software Installed,0.4,0.0
6368,TASK0037246,Request,1/20/2021 8:49,Email,Request to install Jenkins version 5.0,"Hi, I need help installing Jenkins version 5.0 on my computer. Can you please take care of it as soon as possible? Thanks!",INSTALLATION,"Phillips, Abigail",1/21/2021 13:30,"The request to install Jenkins version 5.0 on the user's computer was completed successfully. The following steps were taken: 1. Verified that the user's computer met the system requirements for Jenkins version 5.0. 2. Downloaded the Jenkins 5.0 installer from the official Jenkins website. 3. Ran the installer and followed the setup wizard, selecting the default options. 4. Configured firewalls and security settings to allow Jenkins to run without issues. 5. Started the Jenkins service and confirmed that it was running correctly. 6. Guided the user to access the Jenkins dashboard through their web browser and verified successful access. 7. Provided the user with basic usage instructions and resources for further learning. The installation was confirmed to be successful, and the user was satisfied with the outcome.","Ortega, Luis",6,1721.08,Jenkins Install Request,Jenkins,Software/System: Jenkins ; Issue/Request: Jenkins Install Request,DEVOPS TEAM,1607,customer,Resolved n/a.,0.9,0.0
17997,INC0041363,Incident,2/12/2021 12:26,Email,Slack crashes when trying to save any content,"Someone's reported that Slack is unexpectedly quitting on them when they try to save anything. I've taken a first look, checking the system logs for error codes. 

It's time to send this up to the Software Maintenance Team to take a closer look.",MALFUNCTION,"Abbott, Ryder",2/12/2021 20:18,"User reported that Slack was unexpectedly quitting when attempting to save content. Initial troubleshooting steps included: 1. Checking system logs for relevant error codes but found none indicative of a specific fault. 2. Restarted Slack and the user's machine to rule out temporary software glitches, but the issue persisted. 3. Ensured that both Slack and the operating system were up to date. Found Slack was running the latest version.4. Cleared Slack cache and local data files which sometimes cause instability, but this did not resolve the issue. 5. Verified file system permissions to ensure the user had necessary write permissions in the relevant directories, no issues found.A comprehensive system check was performed, and given the issue's persistence, it was identified that deeper software diagnostics were needed. Issue was escalated to the Software Maintenance Team for further analysis.","Martinez, Isabella",1,472.06,Slack Crashing When Saving Files,Slack,Software/System: Slack ; Issue/Request: Slack Crashing When Saving Files,APPLICATION SUPPORT,3644,agent,Updated,0.8,0.0
13442,INC001331,Incident,1/12/2021 10:22,Phone,F5 BIG-IP Not Opening ,"The user is having trouble with F5 BIG-IP and is receiving the following error message:
['Error: ', 'Issue: ', '', '\t', '  ', '- ']ReferenceError: document is not defined

Clicked the check box to remember the password

Issue resolved
Escalating to FPPO TEAM",ERROR,"Moore, Alexander",1/12/2021 11:58,"The user reported an error message stating ""ReferenceError: document is not defined"" when attempting to access F5 BIG-IP. 
Investigated the issue and confirmed that the error was related to the browser environment not recognizing the document object. 
Instructed the user to clear their browser cache and cookies, and then to try accessing the application again. 
The user also mentioned they had clicked the checkbox to remember their password, which may have contributed to the issue. 
After clearing the cache, the user was able to access F5 BIG-IP without encountering the error message. 
Since the issue was resolved, I escalated the ticket to the FPPO TEAM for further monitoring and support. 
The user is now able to use the application successfully. 
Ticket closed as the issue has been resolved and the user is satisfied with the outcome.","Nelson, Eva",3,5780.560385,Error - ReferenceError: document is not defined,F5 BIG-IP,Software/System: F5 BIG-IP ; Issue/Request: Error - ReferenceError: document is not defined,TIER 2 TEAM,8724,agent,Issue resolved. Escalated to FPPO TEAM for further assistance.,0.8,0.1
9745,INC003024,Incident,2/13/2021 13:25,Email,Symantec Endpoint Protection Malfunction ,"I'm having trouble with Symantec Endpoint Protection. Every time I try to use it, I get an error message that says 'java.lang.NullPointerException.' I've already tried restarting the application and my computer, but it didn't fix the problem. Can you help?",ERROR,"Stone, Isaiah",2/13/2021 22:28,"Remoted in to the user's machine to investigate the Symantec Endpoint Protection issue. 
Checked the application version and confirmed it was up to date. 
Reviewed the error message 'java.lang.NullPointerException' and researched potential causes. 
Cleared the application's cache and temporary files as a first troubleshooting step. 
Reinstalled Symantec Endpoint Protection to ensure all components were correctly configured. 
Conducted a test run of the application post-reinstallation, and it functioned without any errors. 
Informed the user about the successful resolution and provided tips on maintaining the application. 
The user confirmed that the issue was resolved and expressed satisfaction with the support received. 
Ticket closed as the problem has been addressed.","Lopez, Kevin",2,32580.68684,Error - java.lang.NullPointerException,Symantec Endpoint Protection,Software/System: Symantec Endpoint Protection ; Issue/Request: Error - java.lang.NullPointerException,TIER 2 TEAM,10068,customer,Issue resolved. Customer can use Symantec Endpoint Protection now.,0.9,0.1
11606,INC009585,Incident,1/12/2021 10:22,Phone,Microsoft Dynamics 365 Issue ,"Customer has an issue with Microsoft Dynamics 365 and is receiving the following error message:
['Error: ', 'Issue: ', '', '\t', '  ', '- ']""MySQL ERROR 1045 (28000): Access denied""

I downloaded the latest update for the system and rebooted

Disconnected from VPN and reconnected

Issue resolved
Escalated to Security",ERROR,"Kim, Grace",1/12/2021 18:50,"Investigated the reported issue with Microsoft Dynamics 365 and noted the error message: ""MySQL ERROR 1045 (28000): Access denied."" 
Downloaded the latest update for the system to ensure all components were current. 
Performed a system reboot to apply the update and refresh the environment. 
Disconnected from the VPN and reconnected to eliminate any potential connectivity issues. 
After these steps, the issue was resolved and the customer was able to access Microsoft Dynamics 365 without further errors. 
The case was escalated to the Security team for further review and monitoring of access permissions. 
The customer confirmed that they were satisfied with the resolution. 
Ticket closed as the issue has been successfully resolved.","Hernandez, Matthew",1,30535.77636,Error - MySQL ERROR 1045 (28000): Access denied,Microsoft Dynamics 365,Software/System: Microsoft Dynamics 365 ; Issue/Request: Error - MySQL ERROR 1045 (28000): Access denied,TIER 2 TEAM,9746,agent,Issue resolved. Customer can access Microsoft Dynamics 365 now. No further action required.,0.8,0.1
11346,INC0034493,Incident,1/5/2021 8:03,Self-service,Git crashes upon save action,"Every time I try to save my work in Git, the program crashes. I've looked at the log files but couldn't spot any error codes. Can someone from the Software Maintenance Team look into this problem?",ERROR,"Hughes, Evelyn",1/5/2021 12:50,"Issue: Git application collapses whenever user attempts a save action.
Troubleshooting steps taken:
1. Reviewed the initial log files for any error codes related to the crash.
2. Verified the software version to ensure it was up-to-date.
3. Checked system memory and disk space to rule out resource limitations.
4. Reproduced the issue to verify the complaint.
Resolution: Based on the initial review, no obvious error codes were found, and system resources appear sufficient. The issue has been escalated to the Software Maintenance Team for further investigation. Pending their deep-dive analysis and fix deployment.
Ticket escalated on [insert date]. Monitoring for further updates is ongoing.","Martinez, James",0,287.43,Git Crashing When Saving Files,Git,Software/System: Git ; Issue/Request: Git Crashing When Saving Files,SOFTWARE DEVELOPMENT,234,customer,Fixed,0.6000000000000001,0.0
5408,TASK0044013,Request,2/27/2021 12:32,Email,Request for additional MySQL licenses for new employees,We recently onboarded new employees in different departments and needed additional MySQL licenses to set them up. We reviewed our current licenses and compared them to the new requirements. The request for multiple licenses has been forwarded to the Licensing Team.,CONFIGURATION,"Stewart, Steven",2/27/2021 18:12,Reviewed current MySQL licenses and compared them to the new requirements for the recently onboarded employees in different departments. Identified the need for additional licenses. Forwarded the request to the Licensing Team. Verified that the Licensing Team has received the request and will process the additional licenses accordingly.,"Gray, Grace",1,340.72,MySQL License Request,MySQL,Software/System: MySQL ; Issue/Request: MySQL License Request,IT PROCUREMENT,4965,agent,No further action required,0.7000000000000001,0.0
2949,INC0081582,Incident,2/3/2021 9:54,Chat,Recurring issue with Nessus scheduled scans,"Greetings, I manage the security scans across various departments using Tenable Nessus, and recently, there's been an ongoing issue with our scheduled scans. They are supposed to execute at predefined times, primarily late nights or early mornings, yet they sometimes miss these windows entirely or are delayed by several hours. This is affecting our compliance and operational workflow as we rely heavily on timely vulnerability assessments. I have already checked our internal scheduling configurations, and everything appears to be set correctly on our end. Would you be able to investigate this problem further?",ERROR,"Cox, Anna",,"Investigated the scheduling issue with the Tenable Nessus scans as reported. 
Reviewed the internal scheduling configurations and confirmed they were set correctly. 
Checked the Nessus version in use, which is 8.6.0, and verified that it is up to date. 
Examined the scan logs for any error messages or indications of delays during the scheduled times. 
Identified that the scans were occasionally being interrupted due to system resource constraints during peak hours. 
Recommended adjusting the scan schedule to off-peak hours to minimize conflicts with other system processes. 
Provided guidance on monitoring system performance during scheduled scans to ensure timely execution. 
The customer was informed of the adjustments and is optimistic about the new schedule resolving the issue. 
Ticket closed as the customer is satisfied with the resolution and next steps.","Foster, Craig",3,6417.895985,Scheduled scans do not execute at designated times.,Tenable Nessus,Software/System: Tenable Nessus ; Issue/Request: Scheduled scans do not execute at designated times.,,12887,customer,Issue resolved. No further action required.,0.9,0.0
9504,INC0064932,Incident,2/18/2021 14:54,Chat,Investigating missing Access database data,Contacted the customer regarding their missing data issue in the Access database on MS365. Suggested checking for any recent changes or updates to the database and recommended using version history to restore tables if applicable. Advised on performing an integrity check to ensure no additional tables are affected.,ERROR,"Green, Olivia",,Contacted the customer to discuss their missing data issue in the Access database on MS365. Suggested they review any recent changes or updates made to the database that could have contributed to the data loss. Recommended utilizing the version history feature to restore any affected tables if applicable. Advised performing an integrity check to ensure that no additional tables were impacted. The customer was appreciative of the guidance provided and felt more confident in managing their database. Ticket closed as the issue has been addressed and the customer is satisfied with the support received.,"Bell, Camila",3,6739.971617,Access database corruption.,MS365,Software/System: MS365 ; Issue/Request: Access database corruption.,,12006,agent,Contacted the customer about the missing data. Suggested some checks. Issue seems resolved.,0.6000000000000001,0.1
13449,INC0063818,Incident,1/6/2021 15:16,Self-service,Addressing security audit preparations,A customer has requested help in preparing for a security audit involving their use of Google Drive for Business. Their primary concerns are ensuring compliance with encryption standards and verifying that access permissions are correctly configured. Advise providing documentation on Drive's security features and suggesting an internal audit of their current settings. Offer to schedule a call to go over specific compliance guidelines and provide tailored recommendations according to their industry standards.,ERROR,"Walter, Denise",,"Assisted the customer in preparing for their upcoming security audit related to Google Drive for Business. 
Provided documentation outlining Drive's security features, focusing on encryption standards and access permissions. 
Advised the customer to conduct an internal audit of their current settings to ensure compliance with best practices. 
Scheduled a call to discuss specific compliance guidelines and tailored recommendations based on their industry standards. 
The customer now has a clear action plan to address their security audit preparations. 
Ticket closed as the customer is satisfied with the guidance provided.","Alexander, Charlotte",0,183.9738431,Security compliance and data privacy concerns,Google Drive for Business,Software/System: Google Drive for Business ; Issue/Request: Security compliance and data privacy concerns,,12597,agent,"Closure Notes:  
Assisted customer with security audit preparations for Google Drive. Suggested some steps and offered further support. No further action required.",0.8,0.2
6833,INC005344,Incident,3/19/2021 13:13,Email,ServiceNow ITSM not working  : ERROR: Object of type 'java.lang.String' cannot be cast to 'java.lang.Integer' at line 245,"I've been trying to access ServiceNow ITSM but every time I attempt, I get an error message saying 'ERROR: Object of type 'java.lang.String' cannot be cast to 'java.lang.Integer' at line 245'. I tried restarting the app and my computer too, but it didn't help. Could you look into this?",ERROR,"Johnson, Robert",3/19/2021 19:00,"Investigated the reported error message regarding ServiceNow ITSM. 
Checked the application logs and identified that the error 'Object of type 'java.lang.String' cannot be cast to 'java.lang.Integer' at line 245' was due to a configuration issue in the script. 
Reviewed the specific line of code mentioned in the error and found that a variable type mismatch was causing the problem. 
Corrected the script to ensure proper type handling and tested the application after making the changes. 
Confirmed that the error no longer appeared and that ServiceNow ITSM was functioning as expected. 
Provided the customer with a brief explanation of the issue and the steps taken to resolve it. 
The customer was satisfied with the resolution and confirmed they could access the application without further issues. 
Ticket closed as the problem has been resolved successfully.","Fisher, Grace",1,20833.84678,Error - ERROR: Object of type 'java.lang.String' cannot be cast to 'java.lang.Integer' at line 245,ServiceNow ITSM,Software/System: ServiceNow ITSM ; Issue/Request: Error - ERROR: Object of type 'java.lang.String' cannot be cast to 'java.lang.Integer' at line 245,TIER 2 TEAM,9646,customer,The issue has been resolved. User can access ServiceNow ITSM now.,0.9,0.2
24975,INC0038899,Incident,1/28/2021 15:22,Chat,Decreased upload speed in UPLoadr especially with large data tasks.,"The speed of UPLoadr has decreased recently, especially when handling tasks that involve a lot of data. I've made sure that my computer is working properly. Could you please investigate this issue and improve the performance?",MALFUNCTION,"Harris, Nicole",1/28/2021 16:32,"Issue investigated and resolved. Firstly, I checked the system's performance logs to ensure that the user's computer was operating correctly and confirmed that there were no hardware or local network issues affecting the software. Next, I reviewed the UPLoadr application logs for any errors or warnings and found that it was struggling to handle large files efficiently. I updated the UPLoadr software to the latest version, which included performance improvements for handling large data sets. Additionally, I cleared the application's cache and configured it to allocate more resources for processing large tasks. After these steps, the upload speed was tested and found to be significantly improved. The user confirmed the issue was resolved.","Peterson, Mia",0,70.88,UPLoadr Slow Performance Issue,UPLoadr,Software/System: UPLoadr ; Issue/Request: UPLoadr Slow Performance Issue,SOFTWARE DEVELOPMENT,2428,customer,See worknotes,0.9,0.0
11869,TASK0043747,Request,2/26/2021 11:55,Chat,Request for training on MobileManager software,The customer has expressed interest in training on MobileManager to enhance their work efficiency. We have successfully scheduled a session with a skilled instructor from the Training and Development Team to facilitate this.,ACCESS,"Campbell, Amy",2/26/2021 14:07,"The ticket was resolved by confirming the schedule for the MobileManager training session with the Training and Development Team. An email with the details of the session, including the date, time, and virtual meeting link, was sent to the requester. Additionally, the requester was provided with access to supplementary training materials and documentation on MobileManager to review prior to the session. Everything was coordinated successfully, and the requester acknowledged receipt of the information and confirmed their attendance for the training.","Richardson, Owen",0,132.69,MobileManager Training Request,MobileManager,Software/System: MobileManager ; Issue/Request: MobileManager Training Request,SERVICE DESK,4838,agent,The issue has been resolved,0.8,0.0
19213,INC003724,Incident,3/17/2021 8:53,Phone,Jira Software Issue ,"I'm having trouble accessing Jira Software on my computer. Every time I try to log in, I get an error message that says 'ERROR: Unexpected kernel mode trap (STOP CODE: 0x0000007F)'. I've already tried clearing my browser's cache and cookies, but it didn't fix the issue. Can you help?",ERROR,"Parker, Ian",3/17/2021 13:09,"Remoted in to the customer's computer to investigate the login issue with Jira Software. 
Noted the error message 'ERROR: Unexpected kernel mode trap (STOP CODE: 0x0000007F)' indicating a potential system-level problem rather than a software issue. 
Checked the system's event logs and found multiple entries related to hardware conflicts and driver issues. 
Updated the graphics and network drivers to the latest versions available. 
Performed a system scan to check for any corrupted files that might be causing the kernel mode trap. 
Restarted the computer and successfully logged into Jira Software without encountering the error. 
Informed the customer about the importance of keeping drivers updated and suggested regular system maintenance checks to prevent future issues. 
The customer confirmed that they can now access Jira Software without any problems. 
Ticket closed as the issue has been resolved and the customer is satisfied.","Cole, Layla",0,15360.55107,Error - ERROR: Unexpected kernel mode trap (STOP CODE: 0x0000007F),Jira Software,Software/System: Jira Software ; Issue/Request: Error - ERROR: Unexpected kernel mode trap (STOP CODE: 0x0000007F),TIER 2 TEAM,9404,customer,Issue resolved. User can access Jira Software now.,0.9,0.0
4402,INC0048268,Incident,3/26/2021 7:41,Self-service,Microsoft Teams performance issues during data-heavy tasks.,"The speed of Microsoft Teams has decreased, especially when dealing with data-heavy tasks. I've already verified that there are no issues with my device's hardware. Can you please raise this matter to the Performance Optimization Team for further investigation?",MALFUNCTION,"King, Stephanie",3/26/2021 10:27,"After receiving the ticket, a thorough troubleshooting process was conducted. Firstly, verified that the user’s hardware was functioning correctly. Cleared the Teams cache to remove any potential clutter affecting performance. Then, checked for any pending updates for Teams and ensured it was updated to the latest version. Next, monitored the network performance to rule out any connectivity issues. Adjusted the Teams settings to optimize performance such as disabling unnecessary animations and hardware acceleration. Also verified that other applications weren't consuming excessive resources. Post optimization, performed multiple data-heavy tasks in Teams with no reported decrease in speed. Issue resolved, user feedback positive.","Cole, Layla",1,166.99,Microsoft Teams Slow Performance Issue,Microsoft Teams,Software/System: Microsoft Teams ; Issue/Request: Microsoft Teams Slow Performance Issue,PERFORMANCE MONITORING,7113,customer,Updated,0.8,0.0
18553,TASK0036028,Request,1/13/2021 8:51,Email,Request to upgrade Cisco Webex to the latest version.,I am requesting an upgrade for our Cisco Webex to the latest version to utilize new features and improvements. Could you please assess the impact this might have on our current projects and ensure compatibility with our existing data? I would appreciate if this matter could be escalated to your Software Upgrade Team.,INSTALLATION,"Allen, Rebecca",1/13/2021 16:01,Received a request to upgrade Cisco Webex to the latest version. Assessed the impact on current projects and checked compatibility with existing data. Verified that the latest version is stable and has favorable reviews. Coordinated with the Software Upgrade Team to schedule the upgrade during off-peak hours to minimize disruptions. The upgrade was completed successfully and tested for proper functionality. Confirmed that all new features are accessible and improvements are applied. Notified the requester that the upgrade was completed and provided documentation on new features and enhancements.,"Baker, Mason",0,430.92,Cisco Webex Upgrade Request,Cisco Webex,Software/System: Cisco Webex ; Issue/Request: Cisco Webex Upgrade Request,APPLICATION SUPPORT,1005,customer,The issue has been resolved,0.8,0.0
11205,TASK0041240,Request,2/12/2021 8:21,Chat,Install APMTool for finance team for quarterly analysis,"I would like to request the installation of APMTool on all computers used by our finance team. It's essential for their work, especially with the upcoming quarterly analysis. Could you please check software compatibility and system requirements and proceed with the installation?",INSTALLATION,"Hernandez, Miguel",2/12/2021 17:05,"Reviewed the request for installing APMTool on the finance team's computers. Checked software compatibility and system requirements to ensure it meets the company's hardware and software standards. Successfully downloaded and installed APMTool on all specified computers. Post-installation, conducted tests to verify the tool's proper functionality. Confirmed with finance team members that the software is operational and meets their needs. Provided a brief training for the finance team on how to use APMTool. No issues were reported post-installation. Installation complete and verified as successful.","Marshall, Brayden",4,524.45,APMTool Install Request,APMTool,Software/System: APMTool ; Issue/Request: APMTool Install Request,DEVICE PROVISIONING,3583,customer,Software Installed,0.8,0.0
3946,INC007296,Incident,2/3/2021 8:29,Phone,McAfee Endpoint Security not working  : STOP CODE: WHEA_UNCORRECTABLE_ERROR (0x00000124),"I'm having issues with McAfee Endpoint Security on my computer. Every time I use it, I get an error message that says 'STOP CODE: WHEA_UNCORRECTABLE_ERROR (0x00000124)'. I've tried restarting both the application and the computer multiple times, but the problem still doesn't go away. Can you please help me fix this?",ERROR,"Price, Harper",2/3/2021 8:47,"Remoted in to the customer's computer to investigate the McAfee Endpoint Security issue. 
Checked the application settings and confirmed it was up to date with the latest version. 
Reviewed system logs and identified the 'STOP CODE: WHEA_UNCORRECTABLE_ERROR (0x00000124)' error, which typically indicates a hardware issue rather than a software malfunction. 
Ran diagnostic tests on the hardware components, including RAM and CPU, to rule out any underlying issues. 
Advised the customer on potential hardware checks, such as reseating RAM and checking for overheating components. 
Provided guidance on reaching out to hardware support if the issue persists after performing the recommended checks. 
The customer expressed understanding and appreciation for the assistance. 
Ticket closed as the issue has been addressed with appropriate next steps outlined for the customer.","Ortega, Luis",1,1108.763197,Error - STOP CODE: WHEA_UNCORRECTABLE_ERROR (0x00000124),McAfee Endpoint Security,Software/System: McAfee Endpoint Security ; Issue/Request: Error - STOP CODE: WHEA_UNCORRECTABLE_ERROR (0x00000124),TIER 2 TEAM,10365,customer,Issue resolved. The customer can now use McAfee Endpoint Security without errors.,0.9,0.1
9680,INC008142,Incident,3/19/2021 13:13,Email,Google BigQuery Problem  - GLFW Error 65542: WGL: The driver does not appear to support OpenGL,"I'm having trouble using Google BigQuery. Every time I try, I keep getting this error message that says 'GLFW Error 65542: WGL: The driver does not appear to support OpenGL.' I tried reinstalling the application thinking it might fix it, but the error is still showing up.",ERROR,"Davis, Sarah",3/19/2021 17:45,"Investigated the reported GLFW Error 65542 related to OpenGL support while using Google BigQuery. 
Checked the system's graphics driver and confirmed it was outdated. 
Guided the customer through the process of updating their graphics driver to the latest version compatible with their system. 
After the driver update, tested Google BigQuery and confirmed that the error no longer appeared. 
Advised the customer to restart their system after the driver update for optimal performance. 
The customer was able to use Google BigQuery without encountering the previous error. 
Ticket closed as the issue has been resolved and the customer is satisfied with the solution provided.","Hernandez, Juan",0,16367.38684,Error - GLFW Error 65542: WGL: The driver does not appear to support OpenGL,Google BigQuery,Software/System: Google BigQuery ; Issue/Request: Error - GLFW Error 65542: WGL: The driver does not appear to support OpenGL,TIER 2 TEAM,8775,customer,Issue resolved. User can access Google BigQuery now.,0.9,0.1
13130,INC0037278,Incident,1/14/2021 8:56,Chat,Ongoing client location discrepancies,"Hello, following up on a customer's report, it's clear that the AirWave network dashboard is misreporting client locations. After checking the setup and performing initial troubleshooting, the data still shows deviations between actual and reported positions. We need to delve deeper into possible configuration or software update issues to fix this for the customer.",ERROR,"Sanchez, Katie",,"Investigated the discrepancies reported in the AirWave network dashboard regarding client locations. 
Checked the current setup and performed initial troubleshooting steps, including verifying configuration settings and reviewing the software version. 
Found that the reported positions deviated significantly from actual locations, indicating a potential issue with either the configuration or the software itself. 
Recommended further analysis to identify any necessary software updates or configuration adjustments that could resolve the misreporting. 
Documented findings and suggested a follow-up with the network team to address the underlying issues. 
The customer has been informed of the next steps and is aware that we are working towards a resolution. 
Ticket closed as the issue has been documented and further actions are planned.","Anderson, Emily",1,3974.359844,Incorrect client location tracking on the AirWave dashboard.,Aruba Networks AirWave,Software/System: Aruba Networks AirWave ; Issue/Request: Incorrect client location tracking on the AirWave dashboard.,,12741,agent,"Issue investigated, but discrepancies remain. Further action needed.",0.6000000000000001,0.2
12844,INC0089393,Incident,2/18/2021 14:54,Chat,Consistent delays in WorkSpaces environment,"Over the past week, I've been having trouble with my AWS WorkSpaces. The response within the environment is frustratingly slow, affecting my workflow. It's not limited to one application; everything within the WorkSpace seems delayed. I rely heavily on this environment for accessing several key applications and managing workloads. Despite attempts at resetting the environment and ensuring a stable internet connection, the issue remains unresolved. Smoothing out this lag is crucial as it impacts my daily operations significantly.",ERROR,"Martinez, Sofia",,"Investigated the reported delays in the AWS WorkSpaces environment. 
Checked the performance metrics for the WorkSpaces and observed consistent latency across multiple applications. 
Verified the internet connection stability on the user's end, which was confirmed to be stable. 
Attempted to reset the WorkSpace environment again, but the issue persisted. 
Consulted AWS support documentation and identified potential resource constraints within the WorkSpace configuration. 
Recommended increasing the allocated resources for the WorkSpace, including CPU and RAM, to enhance performance. 
Assisted the customer in submitting a request for resource allocation changes. 
Informed the customer about monitoring performance post-adjustment to ensure the issue is fully resolved. 
The customer expressed satisfaction with the proposed solution and is hopeful for improved performance. 
Ticket closed as the necessary steps have been taken and the customer is aware of the follow-up actions.","Robinson, Brian",2,13508.02177,Slow application response within a WorkSpace environment.,AWS WorkSpaces,Software/System: AWS WorkSpaces ; Issue/Request: Slow application response within a WorkSpace environment.,,12615,customer,The issue with the WorkSpaces environment has been addressed. No further action is needed at this time.,0.8,0.0
24356,INC0059701,Incident,2/18/2021 14:54,Chat,Issues with Tableau server activation,"Hello, I have been trying to activate Tableau on our server for the past two days with no success. Initially, I thought it was a network issue, but after verifying all the network configurations, the problem still persists. The license key I received from our purchase seems to be recognized, but the activation doesn't complete successfully. I've tried to reinstall the application and double-checked the firewall settings, but nothing seems to work. Is there anything else I can try or a specific configuration that may be causing this problem?",ERROR,"Barnes, David",,"Investigated the activation issue with Tableau server as reported by the customer.  
Verified network configurations and confirmed that there were no connectivity issues affecting the activation process.  
Checked the validity of the license key provided and confirmed it was recognized by the application.  
Reinstalled the Tableau application to eliminate any potential installation corruption.  
Reviewed the firewall settings to ensure that they were not blocking the activation process.  
Despite these efforts, the activation did not complete successfully.  
Suggested the customer check for any pending updates for Tableau that might resolve compatibility issues.  
Also recommended reaching out to Tableau support for further assistance with the activation failure.  
The customer was informed of these next steps and expressed understanding of the situation.  
Ticket closed as the issue has been documented and the customer has a clear path forward.","Alvarez, Xavier",2,4051.55905,Licensing and activation problems,Tableau,Software/System: Tableau ; Issue/Request: Licensing and activation problems,,12214,customer,Issue resolved. Customer can now activate Tableau server.,0.7000000000000001,0.1
10882,INC0038249,Incident,1/26/2021 10:30,Self-service,UMatrix downtime during file save operations,"There's been a report about UMatrix going down without warning during file save operations. I've gone through the preliminary troubleshooting steps, checking the logs for any error messages. 

This issue is now in the hands of our Software Maintenance Crew.",MALFUNCTION,"Kim, Michael",1/26/2021 13:24,Preliminary troubleshooting steps undertaken: Checked the logs for error messages. Issue identified and escalated to the Software Maintenance Crew for further investigation and resolution.,"Villanueva, Elena",0,174.43,UMatrix Crashing When Saving Files,UMatrix,Software/System: UMatrix ; Issue/Request: UMatrix Crashing When Saving Files,SOFTWARE DEVELOPMENT,2107,agent,Closed,0.3,0.0
20875,INC0097027,Incident,2/18/2021 14:54,Chat,Reported audio playback problem in OneNote,"The user states that recordings made in OneNote, which contain critical information from meetings, are not playing back as expected. The audio files seem to be present but do not produce any sound when accessed.",ERROR,"Reyes, Raymond",,"Investigated the audio playback issue in OneNote where recordings were not producing sound. 
Verified that the audio files were indeed present and accessible within the application. 
Checked the audio output settings on the user's device to ensure they were configured correctly. 
Updated OneNote to the latest version, which is currently version 16.0.13901.20400, to address any potential bugs related to audio playback. 
Tested playback of the recordings after the update, and confirmed that audio was functioning properly. 
Provided the user with tips on how to troubleshoot similar issues in the future, including checking device volume settings and ensuring audio drivers are up to date. 
The user confirmed that the recordings are now playing back as expected. 
Ticket closed as the issue has been resolved and the user is satisfied with the outcome.","Gray, Grace",0,15004.08616,Audio recordings not playing back,OneNote,Software/System: OneNote ; Issue/Request: Audio recordings not playing back,,13064,agent,Issue resolved. User can now access audio in OneNote.,0.9,0.1
22971,INC0074181,Incident,2/3/2021 9:54,Chat,Sync issue with Azure AD in AVD environment,"I've been encountering a problem with Azure Virtual Desktop where it's not syncing with Azure Active Directory. This has been impacting my ability to access and manage user accounts within the environment. I initially noticed this issue a week ago, but it has become more persistent. I've verified my network connectivity and logged out and back into AVD, but the problem persists. This situation is becoming critical as it affects my workflow, and I might need assistance to delve deeper into configuration settings or permissions that could be causing this issue.",ERROR,"Stewart, Megan",,"Investigated the sync issue between Azure Virtual Desktop and Azure Active Directory.  
Verified network connectivity and confirmed the user was logged in correctly.  
Checked Azure AD configuration settings and permissions related to the AVD environment.  
Identified a potential misconfiguration in the Azure AD sync settings that was causing the issue.  
Adjusted the sync settings and initiated a manual sync to ensure proper communication between AVD and Azure AD.  
Monitored the sync process and confirmed that user accounts were successfully syncing after the adjustments.  
Provided the user with steps to verify the sync status in the future and recommended best practices for maintaining the connection.  
The issue has been resolved, and the user can now access and manage their accounts without any further problems.  
Ticket closed as the customer is satisfied with the resolution.","Walsh, Derek",2,11598.07207,Errors syncing with Azure Active Directory,Azure Virtual Desktop,Software/System: Azure Virtual Desktop ; Issue/Request: Errors syncing with Azure Active Directory,,12628,customer,Issue resolved. User can access AVD now.,0.8,0.1
12500,INC0045695,Incident,3/10/2021 12:35,Phone,Performance issues with LMSLite when executing large queries,"The performance of LMSLite has been really bad lately, especially when dealing with large queries. I've checked that it's not a hardware problem. Can you get the Performance Optimization Team to look into this?",MALFUNCTION,"Alvarez, Ethan",3/10/2021 20:18,"Investigated the performance issues with LMSLite, particularly during large queries. Initial checks confirmed that hardware resources (CPU, memory, disk) were within normal operating ranges and not the source of the slowdown. Next, reviewed system logs and found multiple slow query logs indicating bottlenecks in database indexing. Optimized the database by adding appropriate indexes and performed query tuning for the most frequently used and slowest queries. Additionally, adjusted LMSLite application settings for better performance handling of large datasets, including increasing the allocated memory and optimizing cache settings. Tested the system post-optimizations, and performance has significantly improved. The user confirmed that the issue is resolved.","Nelson, Eva",3,464.0,LMSLite Slow Performance Issue,LMSLite,Software/System: LMSLite ; Issue/Request: LMSLite Slow Performance Issue,PERFORMANCE MONITORING,5801,customer,Update recorded.,0.9,0.0
3730,INC006296,Incident,2/13/2021 13:25,Email,Adobe Creative Cloud for Enterprise Problem ,"I'm having trouble with Adobe Creative Cloud for Enterprise. Every time I try to use it, I keep getting an error message that says 'ERROR_INVALID_PARAMETER'. I've already tried clearing my cookies and cache and even restarted the browser, but nothing's worked so far. I've escalated the issue to Security, but any help you can provide would be great.",ERROR,"Bryant, Joshua",2/13/2021 17:03,"Investigated the reported error message 'ERROR_INVALID_PARAMETER' while using Adobe Creative Cloud for Enterprise. 
Cleared browser cookies and cache as a preliminary troubleshooting step. 
Restarted the browser to ensure a fresh session was initiated. 
Confirmed that the issue persisted despite these efforts. 
Coordinated with the Security team to further analyze potential configuration conflicts. 
Identified that the issue may be related to specific user permissions or settings within the Adobe application. 
Provided the customer with detailed steps to check and adjust their user permissions in the Adobe Admin Console. 
Informed the customer about potential updates or patches that may be required for their version of Adobe Creative Cloud. 
The customer was able to implement the suggested changes and reported that the issue has been resolved. 
Ticket closed as the customer is satisfied with the resolution and no further assistance is needed.","Wood, John",1,13110.40015,Error - ERROR_INVALID_PARAMETER,Adobe Creative Cloud for Enterprise,Software/System: Adobe Creative Cloud for Enterprise ; Issue/Request: Error - ERROR_INVALID_PARAMETER,TIER 2 TEAM,8210,customer,Issue resolved. User can access Adobe Creative Cloud now.,0.8,0.1
15009,INC0043276,Incident,2/24/2021 12:38,Email,Compatibility issues between CFMTool and upgraded OS,"I recently upgraded my operating system, and now I'm experiencing compatibility issues with the CFMTool. It seems like the new OS version isn't supported by the current version of the software. Can you please look into this and resolve the compatibility problems?",MALFUNCTION,"Gray, Amelia",2/24/2021 15:01,"Identified compatibility issues between CFMTool and the newly upgraded operating system. Verified both software and OS versions to confirm the incompatibility. Updated CFMTool to the latest version which resolved the compatibility problem. Additionally, applied an OS patch that addresses related compatibility bugs. Verified the successful operation of CFMTool post-upgrade and patch application, ensuring no further errors were present.","Cole, Layla",2,143.01,CFMTool Compatibility Issue,CFMTool,Software/System: CFMTool ; Issue/Request: CFMTool Compatibility Issue,APPLICATION SUPPORT,4605,customer,Updated,0.9,0.0
208,INC0042645,Incident,3/19/2021 13:13,Email,Analysis on directory update delays impacting Ping Identity,"Customer feedback indicates an ongoing issue with Ping Identity not promptly synchronizing with their corporate directory services. Specifically, users' information and permissions modifications in the corporate directory are not being propagated to Ping Identity in real-time, sometimes taking several hours. I've initiated a detailed review of the customer’s synchronization settings within Ping Identity, including connectivity checks and examining any potential network latency. The customer relies on real-time updates for critical user management tasks, and this delay is impacting their operational workflow. Will update with findings.",ERROR,"Butler, Alexander",,"Conducted a thorough review of the synchronization settings within Ping Identity to address the delay in updates from the corporate directory. 
Performed connectivity checks to ensure there were no interruptions between the corporate directory services and Ping Identity. 
Investigated potential network latency issues that could be contributing to the delays in user information and permissions propagation. 
Identified that the synchronization process was not configured for real-time updates, resulting in delays of several hours. 
Adjusted the synchronization settings to enhance the frequency of updates and reduce the lag time. 
Tested the changes by making modifications in the corporate directory and confirmed that they were reflected in Ping Identity in a timely manner. 
Communicated the updates and changes made to the customer, ensuring they understood how to monitor the synchronization process moving forward. 
The customer expressed satisfaction with the resolution and confirmed that the updates were now functioning as expected. 
Ticket closed as the issue has been resolved and the customer is pleased with the outcome.","Nelson, Eva",1,6073.241246,Synchronization problems with corporate directory services,Ping Identity,Software/System: Ping Identity ; Issue/Request: Synchronization problems with corporate directory services,,12785,agent,Issue has been reviewed. No further action required.,0.9,0.0
22938,TASK0037742,Request,1/22/2021 9:23,Phone,Request for additional HRHub licenses for new team members.,The customer has reported that they are expanding their team and have submitted a bulk request for additional HRHub licenses to accommodate the new members. They have checked their current licenses and determined the need based on the number of new hires.,ACCESS,"Lee, Sarah",1/22/2021 12:36,Issue resolved by coordinating with the Licensing Team to procure additional HRHub licenses. Followed these steps: 1) Verified the current number of HRHub licenses. 2) Confirmed the number of new hires. 3) Submitted a bulk request for additional licenses to the Licensing Team. 4) Received confirmation from the Licensing Team about the approval and provision of the requested licenses. 5) Informed the requester about the successful procurement of the additional licenses.,"Fortner, Lucas",0,193.38,HRHub License Request,HRHub,Software/System: HRHub ; Issue/Request: HRHub License Request,HR SYSTEMS SUPPORT,1854,agent,Fixed,0.9,0.0
3702,TASK0037404,Request,1/20/2021 14:17,Email,Request for an additional OQCheck license,I am reaching out because I need an extra OQCheck license due to my intensive work requirements. Could you please assist in obtaining approval for this additional license?,ACCESS,"Mendoza, Penelope",1/20/2021 14:52,The user requested an extra OQCheck license for intensive work requirements. Verified the user's needs and checked the availability of licenses. Forwarded the request to the Licensing Team for approval. The user has been informed about the process and they will receive a notification once the license is approved and allocated.,"Turner, Megan",0,35.29,OQCheck License Request,OQCheck,Software/System: OQCheck ; Issue/Request: OQCheck License Request,ASSET MANAGEMENT,1683,customer,Closed,0.6000000000000001,0.0
3548,TASK0043597,Request,2/25/2021 15:50,Email,Request for an educational session on WLCalc's complex features,"Request for an educational session on WLCalc's complex features to enhance work performance has been received. After assessing our instructional content, we've secured a time with a skilled instructor. 

The Training and Development Team is taking it from here.",CONFIGURATION,"Cruz, Richard",2/25/2021 16:06,"Received a request for an educational session on WLCalc's advanced features to enhance work performance. Assessed the available instructional content and coordinated with the Training and Development Team to secure a slot with a skilled instructor. The session has been scheduled, and the Training and Development Team will handle the delivery of the educational content.","Cole, Layla",2,16.08,WLCalc Training Request,WLCalc,Software/System: WLCalc ; Issue/Request: WLCalc Training Request,KNOWLEDGE MANAGEMENT,4760,agent,ISSUE RESOLVED,0.5,0.0
4042,INC0032179,Incident,1/6/2021 15:16,Self-service,"Reported custom fields issue, changes not persistent","A customer has reported that their changes to custom fields in Asana are not being saved. They indicated that updates seem temporary, reverting once they navigate away from the task. I’ve advised them to attempt browser troubleshooting such as cache clearing and restarting. We need to investigate further to identify if there are backend issues causing this behavior.",ERROR,"Stewart, Steven",,"Investigated the issue where custom field changes in Asana were not being saved. 
Advised the customer to clear their browser cache and restart the browser as initial troubleshooting steps. 
Informed them that this could help resolve any temporary glitches affecting the application. 
Further investigation is needed to determine if there are any backend issues contributing to the problem. 
The customer was made aware of the next steps and will monitor the situation after performing the recommended actions. 
Ticket closed as the customer has been informed and is satisfied with the guidance provided.","Lopez, Sofia",1,6416.635615,Custom fields not saving changes.,Asana,Software/System: Asana ; Issue/Request: Custom fields not saving changes.,,12147,agent,The issue has been noted. Further investigation may be needed.,0.4,0.0
14989,INC008777,Incident,3/19/2021 13:13,Email,BlackBerry Cylance AI Security Malfunction : System.ComponentModel.Win32Exception (0x80004005): The system cannot find the file specified,"I was trying to use my BlackBerry Cylance AI Security software when I suddenly got an error message stating 'System.ComponentModel.Win32Exception (0x80004005): The system cannot find the file specified'. Before this, I had updated the system and even rebooted my machine. I also disconnected and reconnected my VPN to see if that would help, but no luck. Eventually, the issue was resolved after escalating it to the FPPO TEAM.",ERROR,"Kumar, Vikram",3/19/2021 22:34,"The customer reported an error message related to BlackBerry Cylance AI Security, specifically 'System.ComponentModel.Win32Exception (0x80004005): The system cannot find the file specified'. 
Initial troubleshooting steps included confirming that the system was updated and rebooted. 
The customer also attempted to resolve the issue by disconnecting and reconnecting their VPN, but this did not alleviate the problem. 
After further investigation, the issue was escalated to the FPPO TEAM for specialized assistance. 
The FPPO TEAM successfully resolved the issue, restoring functionality to the BlackBerry Cylance AI Security software. 
The customer was informed of the resolution and confirmed that the software is now operating as expected. 
Ticket closed as the issue has been resolved and the customer is satisfied with the outcome.","Harris, Nicole",0,33715.6372,Error - System.ComponentModel.Win32Exception (0x80004005): The system cannot find the file specified,BlackBerry Cylance AI Security,Software/System: BlackBerry Cylance AI Security ; Issue/Request: Error - System.ComponentModel.Win32Exception (0x80004005): The system cannot find the file specified,TIER 2 TEAM,9088,customer,Issue resolved after escalation to the FPPO TEAM. No further action required.,0.7000000000000001,0.1
8915,TASK0042715,Request,2/20/2021 8:39,Self-service,Inquiry about customizing TCPlan for department-specific needs,"Inquiry about the possibility of customizing TCPlan to better meet department-specific needs. 
Gathered requirements for desired customizations. 

Escalating to Custom Solutions Team",CONFIGURATION,"Evans, Anthony",2/20/2021 9:18,"Met with the user to gather detailed requirements for the desired customizations in TCPlan. Reviewed the documentation and identified possible adjustments. Implemented requested changes, including additional reporting features and customized workflows. Tested the customizations with the user, confirming that all requirements were met. Provided a brief training session to ensure the user was comfortable with the new features. Concluded the process by documenting all changes made. User confirmed resolution as satisfactory.","Lopez, Sofia",0,39.8,TCPlan Configuration Request,TCPlan,Software/System: TCPlan ; Issue/Request: TCPlan Configuration Request,SOFTWARE DEVELOPMENT,4329,agent,Updated,0.8,0.0
16105,INC0059481,Incident,2/13/2021 13:25,Email,OneDrive causing slow system,"Hello, I've noticed that whenever I launch OneDrive for Business, my computer starts to become sluggish. Other applications take longer to open and sometimes even freeze. Can you help me with this?",ERROR,"James, Frances",,"Remoted in to the user's computer to assess the performance issues when launching OneDrive for Business. 
Checked the system resource usage and found that OneDrive was consuming a significant amount of CPU and memory. 
Updated OneDrive to the latest version to ensure optimal performance and compatibility. 
Adjusted the sync settings to limit the number of files syncing simultaneously, which should help reduce the system load. 
Monitored the system performance post-adjustments and noted a marked improvement in responsiveness. 
Informed the user about best practices for managing OneDrive settings to prevent future slowdowns. 
The user confirmed that the system is now running smoothly and no longer experiences sluggishness when using OneDrive. 
Ticket closed as the issue has been resolved and the user is satisfied with the outcome.","Adams, Joseph",1,2540.579482,Excessive memory usage impacting system performance.,Microsoft OneDrive for Business,Software/System: Microsoft OneDrive for Business ; Issue/Request: Excessive memory usage impacting system performance.,,12567,customer,The issue has been addressed. User can now use OneDrive without problems.,0.8,0.1
3214,INC0087397,Incident,1/6/2021 15:16,Self-service,Loss of critical application logs,"Hello, I've been experiencing a consistent issue with our Splunk Enterprise setup and need immediate assistance. We are losing several critical application logs during the ingestion process. These logs are vital for our compliance and auditing processes, and not having them possibly puts us at risk. We've done preliminary checks on our data forwarding configurations and network settings, but everything seems in order on our end. Despite this, the logs still do not show up in Splunk. Can someone from your technical team help troubleshoot this problem as soon as possible?",ERROR,"Price, Ethan",,"Remoted into the Splunk Enterprise setup to investigate the log ingestion issue.  
Reviewed the data forwarding configurations and confirmed they were set up correctly.  
Checked network settings and ensured there were no connectivity issues between the forwarders and the Splunk indexers.  
Examined the Splunk logs for any error messages related to data ingestion and found no critical errors.  
Identified that the issue stemmed from an incorrect index configuration that was preventing the logs from being ingested properly.  
Updated the index settings to match the required configurations for the critical application logs.  
Performed a test ingestion after the changes, and the logs were successfully received in Splunk.  
Provided the customer with documentation on monitoring log ingestion to prevent future occurrences.  
The customer confirmed that the issue is resolved and expressed satisfaction with the support provided.  
Ticket closed as the issue has been successfully addressed.","Abbott, Ryder",2,1538.927816,Improper data ingestion causing data loss.,Splunk Enterprise,Software/System: Splunk Enterprise ; Issue/Request: Improper data ingestion causing data loss.,,12242,customer,Issue resolved. Logs are now ingested properly. No further action required.,0.9,0.1
22006,INC0040146,Incident,2/5/2021 8:35,Phone,SecureAccess crashes when saving documents.,The customer has reported a recurring issue with the SecureAccess application. It seems that the application shuts down unexpectedly whenever they attempt to save documents. They have checked the error logs but found no clear indications of the problem's source. They have escalated this issue for further investigation by our software maintenance team.,MALFUNCTION,"Stone, Isaiah",2/5/2021 10:34,"The issue was traced back to a bug in the SecureAccess software when handling document save operations. Troubleshooting steps included reviewing error logs, which identified a recurring fault in the document handling module. Applied patch 3.4.2 provided by the software vendor and confirmed resolution by successfully saving multiple test documents without crash occurrences. Additionally, instructed the user to restart SecureAccess and clear temporary files to ensure smoother performance. User confirmed that the issue is resolved.","Fortner, Lucas",3,119.09,SecureAccess Crashing When Saving Files,SecureAccess,Software/System: SecureAccess ; Issue/Request: SecureAccess Crashing When Saving Files,APPLICATION SUPPORT,3043,agent,Fixed,0.9,0.0
20819,TASK0041954,Request,2/17/2021 7:03,Email,Request for training on advanced features of WLCalc,"Employee has requested training on advanced features of WLCalc to improve productivity. 
Reviewed available training materials and scheduled a session with a certified trainer. 

Escalating to Training and Development Team",ACCESS,"King, Jacob",2/17/2021 9:57,Employee requested training on advanced features of WLCalc to enhance productivity. Reviewed the available training materials and coordinated with the Training and Development Team. Scheduled a session with a certified trainer for comprehensive training. Confirmed the employee's availability for the scheduled session and sent a calendar invitation. The employee acknowledged the receipt of the training schedule. Follow-up set for post-training feedback.,"Peterson, Mia",1,174.91,WLCalc Training Request,WLCalc,Software/System: WLCalc ; Issue/Request: WLCalc Training Request,SERVICE DESK,3950,agent,Software Installed,0.7000000000000001,0.0
4729,INC004377,Incident,1/6/2021 15:16,Self-service,AWS WorkSpaces not working ,"Customer cannot use AWS WorkSpaces and is receiving the following error message:
['Error: ', 'Issue: ', '', '\t', '  ', '- ']ERROR 1064 (42000): You have an SQL syntax error

I downloaded the latest update for the system and rebooted

Disconnected from VPN and reconnected

Issue resolved
Escalating to T2",ERROR,"Robinson, Cynthia",1/6/2021 22:07,"The customer reported an issue with AWS WorkSpaces, receiving an SQL syntax error (ERROR 1064). 
Downloaded the latest system update and performed a reboot to ensure all components were up to date. 
Disconnected from the VPN and reconnected to refresh the network connection. 
After these steps, the issue was resolved and the customer was able to use AWS WorkSpaces without further errors. 
As the issue was resolved, the ticket is now closed, and the customer has confirmed satisfaction with the resolution.","Adams, Joseph",3,24683.99386,Error - ERROR 1064 (42000): You have an SQL syntax error,AWS WorkSpaces,Software/System: AWS WorkSpaces ; Issue/Request: Error - ERROR 1064 (42000): You have an SQL syntax error,TIER 2 TEAM,10301,agent,Issue resolved. Customer can now use AWS WorkSpaces without any errors. No further action required.,0.7000000000000001,0.2
15934,INC0047962,Incident,3/24/2021 11:37,Phone,HRHub software running slow during large searches,"Hi, the HRHub software is running really slow when trying to run big searches. I made sure it's not a problem with the computer. I told the Performance Team about it.",MALFUNCTION,"Carter, Cynthia",3/24/2021 16:45,"Issue with HRHub software running slow on large searches was resolved. Initially, verified that it was not a computer hardware issue by running diagnostics and checking system performance for other tasks. Then checked network connectivity and speeds to rule out network-related causes. Cleared out temporary files and caches that may have been affecting the software's performance. Optimized HRHub settings by adjusting search parameters and database indexing options. Re-ran large searches in HRHub to confirm improved performance. User confirmed resolution.","Lopez, Kevin",1,308.99,HRHub Slow Performance Issue,HRHub,Software/System: HRHub ; Issue/Request: HRHub Slow Performance Issue,HR SYSTEMS SUPPORT,6947,customer,See worknotes,0.8,0.0
1793,TASK0036807,Request,1/16/2021 11:18,Chat,Request for additional Elasticsearch licenses by the Marketing department.,"The marketing department has made a formal request for more Elasticsearch licenses to keep up with their expanding campaign efforts. Reviewed current license allocations and the specific requests made. 

Passing this request on to the Licensing Team.",ACCESS,"Rivera, Ronald",1/16/2021 13:14,"Reviewed the current license allocations and the formal request submitted by the Marketing department. Their campaign efforts are expanding, necessitating additional Elasticsearch licenses. Forwarded the request to the Licensing Team for further action.","Oliver, Zoe",0,116.86,Elasticsearch License Request,Elasticsearch,Software/System: Elasticsearch ; Issue/Request: Elasticsearch License Request,IT PROCUREMENT,1390,agent,Updated,0.5,0.0
22621,TASK0046863,Request,3/17/2021 11:29,Email,Request to upgrade Zoom to the latest version and verify impact on current projects.,Requesting an upgrade for Zoom to the latest version to access the newest features. Need to verify if this upgrade will impact my current projects and existing data. Can you please look into this for me? Thanks!,INSTALLATION,"Kelly, Gregory",3/17/2021 12:28,"Resolved the request by first confirming the latest version of Zoom available. Reviewed the release notes and compatibility documentation from Zoom to determine any potential impact on current projects and existing data. Verified by setting up a test environment to replicate the user's current setup and ensured no data loss or interruption of service. After validation, I proceeded to upgrade Zoom on the user's machine. Post-upgrade, I verified the application was working correctly and that all features and data were intact. Informed the user about the completion of the upgrade and provided them with a brief overview of the new features.","Marshall, Brayden",0,59.96,Zoom Upgrade Request,Zoom,Software/System: Zoom ; Issue/Request: Zoom Upgrade Request,APPLICATION SUPPORT,6385,customer,Updated,0.9,0.0
12527,TASK0037563,Request,1/21/2021 11:56,Email,Request to install HealthCheck software version 5.0,I need to get the HealthCheck software version 5.0 installed on my computer. Can you please make it happen quickly? Thanks.,INSTALLATION,"Jimenez, Emilia",1/21/2021 16:11,The HealthCheck software version 5.0 was successfully installed on the user's computer. The following steps were taken to complete the installation: 1) Verified that the user’s system met the minimum requirements for HealthCheck 5.0. 2) Downloaded the software from the official source. 3) Ran the installation wizard and followed the prompts to complete the installation. 4) Restarted the computer to ensure proper integration of the software. 5) Confirmed with the user that HealthCheck 5.0 is working as expected and provided a brief overview of key features.,"Cole, Layla",4,255.13,HealthCheck Install Request,HealthCheck,Software/System: HealthCheck ; Issue/Request: HealthCheck Install Request,SOFTWARE DEVELOPMENT,1765,customer,Closed,0.9,0.0
457,INC0040455,Incident,2/6/2021 13:23,Self-service,AssetTrack not working properly after system update,"Hey there, I recently updated my computer system and now AssetTrack isn't working properly. I checked the software and OS versions to see if they are compatible. Can someone look into this?",MALFUNCTION,"Payne, Emma",2/6/2021 23:12,Issue resolved by confirming software compatibility and applying necessary patches. Steps taken: 1. Verified the current version of the operating system and AssetTrack software. 2. Checked compatibility on the AssetTrack official site. 3. Found that the installed version of AssetTrack was not fully compatible with the latest OS. 4. Downloaded and installed the latest patch/update for AssetTrack from the vendor's website. 5. Rebooted the system to apply the updates. 6. Tested AssetTrack functionality to ensure it was working correctly. Confirmed with the user that the problem was resolved and all functionalities were restored.,"Peterson, Mia",0,589.47,AssetTrack Compatibility Issue,AssetTrack,Software/System: AssetTrack ; Issue/Request: AssetTrack Compatibility Issue,ASSET MANAGEMENT,3196,customer,Resolved,0.9,0.0
14278,INC0074424,Incident,2/3/2021 9:54,Chat,Data update delay in Financials module,I noticed that updates I make in the Financials module are not reflecting in the Procurement module as quickly as expected. It's causing a bit of a delay in processing orders. Can you check if there's a synchronization issue?,ERROR,"Nelson, Barbara",,"Investigated the synchronization between the Financials and Procurement modules. 
Checked the configuration settings for both modules and confirmed they were correctly aligned. 
Reviewed the system logs for any errors or delays during data updates and found no significant issues. 
Performed a manual sync between the modules to test the response time and noted that updates were reflected promptly. 
Advised the customer to monitor the update frequency and report any further delays. 
Customer was satisfied with the resolution and confirmed that the updates are now appearing as expected. 
Ticket closed as the issue has been resolved.","Perez, Ronald",0,1225.104467,Data synchronization delays across modules,Oracle ERP Cloud,Software/System: Oracle ERP Cloud ; Issue/Request: Data synchronization delays across modules,,12101,customer,Issue resolved. No further action required.,0.6000000000000001,0.0
5421,INC0076604,Incident,2/18/2021 14:54,Chat,Task timeouts possibly due to inadequate resources,A customer has reached out regarding frequent timeouts in their automation tasks using the Ansible Automation Controller. They have performed network checks with no issues identified. It's suggested that this may be due to insufficient resources being allocated to their controller. Initiating a review of the controller's current resource settings and expected load during peak operations can help determine if additional resources are necessary.,ERROR,"James, Eleanor",,"Investigated the reported frequent timeouts in the customer's automation tasks on the Ansible Automation Controller. 
Confirmed that network checks were performed by the customer with no issues found. 
Suggested that the timeouts may be related to insufficient resources allocated to the controller. 
Initiated a review of the current resource settings for the controller, including CPU and memory allocations. 
Discussed the expected load during peak operations with the customer to assess if additional resources are necessary. 
Recommended increasing the resource allocation to improve performance and reduce timeout occurrences. 
Provided guidance on monitoring the controller's performance after adjustments to ensure stability. 
The customer has a clear action plan to address the resource allocation and is satisfied with the proposed solutions. 
Ticket closed as the issue has been addressed and the customer is content with the resolution.","Anderson, Emily",2,2795.921355,Inadequate resource allocation for Ansible Automation Controller.,Ansible Automation Platform,Software/System: Ansible Automation Platform ; Issue/Request: Inadequate resource allocation for Ansible Automation Controller.,,12948,agent,The issue has been noted. Further investigation may be needed.,0.8,0.0
24045,INC007735,Incident,1/22/2021 6:45,Chat,Kubernetes not working  CMake Error: The source directory 'C:/projects/missing_folder' does not exist,"Customer has an issue with Kubernetes and is receiving the following error message:
['Error: ', 'Issue: ', '', '\t', '  ', '- ']'CMake Error: The source directory 'C:/projects/missing_folder' does not exist'

I cleared cookies and cache and restarted the browser
Issue still persists
Escalated to FPPO TEAM",ERROR,"Hayes, Harper",1/22/2021 7:01,"The customer reported an issue with Kubernetes, specifically receiving a CMake error indicating that the source directory 'C:/projects/missing_folder' does not exist. 
Initially, I cleared the cookies and cache in the customer's browser and restarted it to see if that would resolve the issue. However, the error persisted after these steps. 
Due to the ongoing issue, I escalated the ticket to the FPPO Team for further investigation. 
The customer was informed that the issue is under review and that they would receive updates from the FPPO Team. 
Ticket closed as the issue has been escalated and the customer is aware of the next steps.","Edwards, Jerry",1,985.1127762,Error - CMake Error: The source directory 'C:/projects/missing_folder' does not exist,Kubernetes,Software/System: Kubernetes ; Issue/Request: Error - CMake Error: The source directory 'C:/projects/missing_folder' does not exist,TIER 2 TEAM,9905,agent,Issue has been escalated to the FPPO TEAM for further investigation. No further action required from our side at this time.,0.6000000000000001,0.1
4615,INC004451,Incident,3/19/2021 13:13,Email,Bitbucket not working  502 Bad Gateway,"Hi, I'm having trouble with Bitbucket. Every time I try to do something, an error pops up saying '502 Bad Gateway.' This started happening after I clicked the checkbox to remember my password. Could you help resolve this issue?",ERROR,"Watson, Samuel",3/19/2021 21:58,"Investigated the reported 502 Bad Gateway error in Bitbucket. 
Checked the server status and confirmed that there were no widespread outages affecting the service. 
Cleared the browser cache and cookies to eliminate any potential conflicts caused by stored data. 
Instructed the customer to try accessing Bitbucket in incognito mode, which successfully bypassed the issue. 
Advised the customer to disable the 'remember my password' feature temporarily to see if it was contributing to the error. 
Confirmed that the issue was resolved, and Bitbucket was functioning properly in incognito mode. 
Provided tips on managing browser settings to avoid similar issues in the future. 
The customer expressed satisfaction with the resolution and was able to access Bitbucket without further issues. 
Ticket closed as the issue has been successfully resolved.","Romero, Leonardo",3,31551.79828,Error - 502 Bad Gateway,Bitbucket,Software/System: Bitbucket ; Issue/Request: Error - 502 Bad Gateway,TIER 2 TEAM,9844,customer,Issue resolved. User can access Bitbucket now.,0.7000000000000001,0.1
8143,INC0046277,Incident,3/12/2021 14:50,Email,Issue with exporting reports from Docker in the desired format.,"I'm having trouble exporting reports from Docker in the format I need. I've tried adjusting the export settings multiple times, but it hasn't resolved the issue. Could you please look into this and help me fix the export function?",MALFUNCTION,"Watson, Crystal",3/12/2021 16:09,Issue was identified with the export function in Docker not working as expected. Followed these troubleshooting steps: 1. Recreated the issue by attempting to export reports using different settings. 2. Verified Docker configuration and ensured all dependencies were up to date. 3. Checked Docker logs for any relevant error messages that could point to the root cause. 4. Consulted Docker documentation and forums for potential bug-related information. 5. Cleared Docker cache and reset settings to default to eliminate any local configuration issues. Found that the problem was related to incorrect export settings and missing dependencies. Applied the correct settings and installed the required dependencies. Tested and confirmed that the export function is now working properly. User was notified and guided on how to proceed with report export.,"Hernandez, Juan",3,79.84,Docker Export Issue,Docker,Software/System: Docker ; Issue/Request: Docker Export Issue,DEVOPS TEAM,6087,customer,ISSUE RESOLVED,0.9,0.0
24932,INC002246,Incident,2/3/2021 7:37,Email,Power BI is not working ,"Hi there, I've been having trouble with Power BI. Every time I try to use it, I get this error message saying 'Request failed with status code 429 (Too Many Requests)'. I've already tried downloading the latest update and rebooting my computer. I also disconnected and reconnected to the VPN to see if it would help, but no luck. The issue seemed resolved briefly but then recurred, so I'm not sure what to do next. Could you look into this, please?",ERROR,"Rogers, Jordan",2/3/2021 8:59,"Investigated the issue with Power BI and confirmed the error message 'Request failed with status code 429 (Too Many Requests)' was being triggered. 
Checked the customer's Power BI version and confirmed it was up to date. 
Reviewed the customer's VPN connection and found it was stable during testing. 
Monitored the Power BI service status and identified intermittent service disruptions that could be causing the error. 
Advised the customer to limit the frequency of requests to the Power BI service to avoid hitting the rate limit. 
Recommended checking for any scheduled maintenance or updates from Microsoft that might impact service availability. 
The customer was informed of these findings and provided with best practices for using Power BI under current conditions. 
The issue is acknowledged as related to service limitations rather than a local configuration problem. 
Ticket closed as the customer has been informed and is aware of how to proceed.","Perez, Ronald",2,4952.26435,Error - Request failed with status code 429 (Too Many Requests),Power BI,Software/System: Power BI ; Issue/Request: Error - Request failed with status code 429 (Too Many Requests),TIER 2 TEAM,10805,customer,Issue resolved. Customer can use Power BI now.,0.9,0.0
8878,INC009325,Incident,2/18/2021 9:31,Phone,ServiceNow ITSM Problem ,"The user is having trouble with ServiceNow ITSM and is receiving the following error message:
['Error: ', 'Issue: ', '', '\t', '  ', '- ']'CMake Error: The source directory 'C:/projects/missing_folder' does not exist'

I cleared cookies and cache and restarted the browser
Issue still persists
Escalating to ANALYST TEAM",ERROR,"Hall, Dorothy",2/18/2021 9:42,"Investigated the error message indicating that the source directory 'C:/projects/missing_folder' does not exist. 
Cleared cookies and cache in the browser and restarted it to see if that would resolve the issue, but the problem persisted. 
Escalated the ticket to the Analyst Team for further investigation and resolution. 
The Analyst Team will take over from here to address the underlying issue with ServiceNow ITSM. 
Ticket closed as the issue has been escalated and the user will be contacted by the Analyst Team for further assistance.","Baker, Mason",0,660.3277513,Error - CMake Error: The source directory 'C:/projects/missing_folder' does not exist,ServiceNow ITSM,Software/System: ServiceNow ITSM ; Issue/Request: Error - CMake Error: The source directory 'C:/projects/missing_folder' does not exist,TIER 2 TEAM,9412,agent,Issue escalated to the ANALYST TEAM for further investigation. No updates available at this time.,0.4,0.0
13454,INC0026899,Incident,1/14/2021 8:56,Chat,Customer experiencing slow page loads,"A customer reported that their Firefox browser is loading pages very slowly. They've experienced this issue consistently over the past few days, which is significantly impacting their daily activities. The customer hasn't indicated any recent changes to their setup that might have triggered this issue.",ERROR,"Rice, Audrey",,"Investigated the reported issue of slow page loads in the customer's Firefox browser. 
Checked for any updates available for Firefox and confirmed that the customer was using version 93.0. 
Cleared the browser cache and cookies to eliminate any potential corruption affecting performance. 
Disabled unnecessary extensions and plugins that could be causing conflicts or slowing down the browser. 
Ran a speed test to assess internet connectivity and found no issues with the network speed. 
Suggested the customer try using a different browser to see if the issue persists, which they confirmed is not the case. 
Advised the customer to regularly update their browser and monitor performance moving forward. 
The customer expressed satisfaction with the resolution and reported improved page load speeds. 
Ticket closed as the issue has been resolved.","Fisher, Grace",1,7407.932499,Pages load slowly or time out,Firefox,Software/System: Firefox ; Issue/Request: Pages load slowly or time out,,13091,agent,The issue has been addressed. Customer can continue using Firefox.,0.8,0.1
25171,INC0054190,Incident,1/6/2021 15:16,Self-service,Permission denied for Ansible execution,"Every time I try to run Ansible modules on a remote host, it seems like I am hitting a wall due to insufficient permissions. I have verified that my SSH keys are correctly configured and that I can access the host manually via SSH. However, when using Ansible, the tasks fail to execute due to what appears to be permission-related issues. Any guidance on how I can adjust the permissions or any settings that need to be changed?",ERROR,"Gonzales, Charles",,"Investigated the permission issues related to Ansible execution on the remote host. 
Verified that the SSH keys were correctly configured and confirmed manual SSH access to the host was functioning properly. 
Checked the Ansible configuration and identified that the user running the Ansible commands lacked the necessary permissions on the remote host. 
Provided guidance on adjusting the sudoers file to grant the appropriate permissions for the Ansible user. 
Assisted the customer in testing the Ansible commands after the permission adjustments were made, which resulted in successful execution. 
The customer is now able to run Ansible modules without encountering permission errors. 
Ticket closed as the issue has been resolved and the customer is satisfied with the outcome.","Cooper, Steven",2,10801.35253,Insufficient permissions for executing ansible modules on a remote host.,Ansible Automation Platform,Software/System: Ansible Automation Platform ; Issue/Request: Insufficient permissions for executing ansible modules on a remote host.,,12941,customer,Issue resolved. Permissions have been adjusted.,0.9,0.1
2114,TASK0044049,Request,2/27/2021 13:29,Email,Request for additional MarketMaster licenses for the marketing department,We need more MarketMaster licenses for our marketing department to support our expanding campaign efforts. Please review our current license allocations and assist with our request.,CONFIGURATION,"Parker, Richard",2/27/2021 17:39,Examined the current allocations of MarketMaster licenses to the marketing department. Verified the marketing department's need for additional licenses to support expanding campaign efforts. Purchased and allocated the requested licenses. Updated inventory records and confirmed with the marketing team that the new licenses are active and accessible. Marketing department has confirmed they are able to use the new licenses without issues.,"Walsh, Derek",1,250.44,MarketMaster License Request,MarketMaster,Software/System: MarketMaster ; Issue/Request: MarketMaster License Request,ASSET MANAGEMENT,4982,customer,Resolved,0.9,0.0
5909,INC0039354,Incident,2/2/2021 7:27,Phone,Outlook not syncing properly between phone app and other devices,"Outlook not syncing properly with the phone app, leading to discrepancies in email availability and calendar events between devices.",MALFUNCTION,"Ruiz, Mildred",2/2/2021 11:08,"Troubleshooting Steps and Resolution: 1. Verified that the phone app and PC are connected to the internet. 2. Ensured that the Outlook app on the phone and desktop is updated to the latest version. 3. Re-synced the email account on the phone: Settings > Accounts > Exchange > Sync now. 4. Checked the server settings to make sure they matched the settings provided by the email provider. 5. Cleared the app cache and data on the phone. 6. Re-configured the email account on the phone. After performing these steps, Outlook started syncing properly between phone and other devices. Confirmed with the user that emails and calendar events are now consistent across all devices.","Fortner, Lucas",1,221.01,Sync Issues Between Outlook and Phone App,Outlook,Software/System: Outlook ; Issue/Request: Sync Issues Between Outlook and Phone App,MOBILE SUPPORT,2660,agent,Issue Resolved,0.9,0.0
11269,INC0068901,Incident,1/14/2021 8:56,Chat,Update stalls midway,"Hello, I'm facing an issue with Trend Micro Apex One. When I initiate an update, it seems to start normally, but after a while, it just stops progressing. I've left it running overnight, hoping it would complete, but it hasn't. I've restarted my computer several times, but it didn't help. Could you please assist?",ERROR,"Walker, Daniel",,"Remoted in to the user's system to investigate the update issue with Trend Micro Apex One. 
Checked the current version of the software and confirmed it was up to date prior to the attempted update. 
Monitored the update process and observed that it stalled at approximately 50%. 
Reviewed the system logs and found no specific error messages indicating the cause of the stall. 
Cleared temporary files and ensured there were no conflicting applications running in the background. 
Attempted to manually trigger the update again, but it still failed to progress. 
Recommended uninstalling and then reinstalling Trend Micro Apex One to resolve any potential corruption in the installation. 
Guided the user through the uninstallation and reinstallation process, ensuring that all previous settings were backed up. 
After reinstalling, the update completed successfully without any further issues. 
The user confirmed that the software is now functioning correctly and has been updated. 
Ticket closed as the issue has been resolved and the user is satisfied with the outcome.","Marshall, Brayden",0,8311.646577,Update process not completing successfully,Trend Micro Apex One,Software/System: Trend Micro Apex One ; Issue/Request: Update process not completing successfully,,12691,customer,Issue resolved. The update process is now functioning correctly.,0.8,0.1
7250,INC004562,Incident,1/6/2021 15:16,Self-service,Veracode Static Analysis Security Testing (SAST) Problem : ERROR: Circular dependency detected: module A -> module B -> module A,"Hi there, I'm encountering an error while using Veracode Static Analysis Security Testing (SAST). It keeps showing me an error message that says 'ERROR: Circular dependency detected: module A -> module B -> module A'. I tried clearing the cache and cookies to see if that would fix it, but the error is still there. Can you help me resolve this?",ERROR,"Walker, Angela",1/6/2021 20:44,"Investigated the reported error regarding circular dependencies in Veracode Static Analysis Security Testing (SAST). 
Confirmed that the error message 'ERROR: Circular dependency detected: module A -> module B -> module A' typically indicates an issue with the module configuration. 
Reviewed the project setup and identified that modules A and B were referencing each other, creating a circular dependency. 
Provided guidance on restructuring the module dependencies to eliminate the circular reference. 
Assisted the customer in updating the module configurations accordingly. 
Tested the changes and confirmed that the error no longer appeared after the adjustments. 
The customer is now able to run the SAST without encountering the circular dependency error. 
Ticket closed as the issue has been resolved and the customer is satisfied with the outcome.","Turner, Megan",1,19726.65151,Error - ERROR: Circular dependency detected: module A -> module B -> module A,Veracode Static Analysis Security Testing (SAST),Software/System: Veracode Static Analysis Security Testing (SAST) ; Issue/Request: Error - ERROR: Circular dependency detected: module A -> module B -> module A,TIER 2 TEAM,10396,customer,Issue resolved. The customer can proceed with their work.,0.9,0.0
